,Customer ID,Name,Surname,Gender,Age,Region,Job Classification,Date Joined,Balance,Interest
0,100000001,Simon,Walsh,Male,21,England,White Collar,05.Jan.15,113810.15,11381.015
1,400000002,Jasmine,Miller,Female,34,Northern Ireland,Blue Collar,06.Jan.15,36919.73,3691.9730000000004
2,100000003,Liam,Brown,Male,46,England,White Collar,07.Jan.15,101536.83,10153.683
3,300000004,Trevor,Parr,Male,32,Wales,White Collar,08.Jan.15,1421.52,142.15200000000002
4,100000005,Deirdre,Pullman,Female,38,England,Blue Collar,09.Jan.15,35639.79,3563.9790000000003
5,300000006,Ava,Coleman,Female,30,Wales,Blue Collar,09.Jan.15,122443.77,12244.377
6,100000007,Dorothy,Thomson,Female,34,England,Blue Collar,11.Jan.15,42879.84,4287.9839999999995
7,200000008,Lisa,Knox,Female,48,Scotland,Other,11.Jan.15,36680.17,3668.017
8,300000009,Ruth,Campbell,Female,33,Wales,White Collar,11.Jan.15,74284.35,7428.435000000001
9,100000010,Dominic,Parr,Male,42,England,White Collar,12.Jan.15,10912.45,1091.2450000000001
10,100000011,Dominic,Lewis,Male,40,England,White Collar,12.Jan.15,39667.83,3966.7830000000004
11,100000012,Benjamin,Grant,Male,39,England,White Collar,12.Jan.15,32281.62,3228.1620000000003
12,100000013,Ryan,MacDonald,Male,24,England,White Collar,12.Jan.15,40781.63,4078.163
13,200000014,Thomas,Lawrence,Male,46,Scotland,Other,12.Jan.15,48791.46,4879.146
14,300000015,Madeleine,Marshall,Female,36,Wales,Other,12.Jan.15,2846.03,284.603
15,100000016,Nicholas,Newman,Male,42,England,White Collar,14.Jan.15,2116.85,211.685
16,200000017,Grace,Hill,Female,31,Scotland,Other,14.Jan.15,10356.31,1035.631
17,200000018,Samantha,Coleman,Female,42,Scotland,Other,14.Jan.15,3801.69,380.16900000000004
18,100000019,William,Ince,Male,40,England,Blue Collar,15.Jan.15,65534.69,6553.469000000001
19,100000020,Audrey,Jones,Female,46,England,Blue Collar,15.Jan.15,11462.64,1146.264
20,300000021,Boris,Johnston,Male,37,Wales,Other,16.Jan.15,31778.9,3177.8900000000003
21,200000022,Jason,Butler,Male,58,Scotland,Blue Collar,18.Jan.15,21252.97,2125.297
22,300000023,Deirdre,McDonald,Female,41,Wales,White Collar,18.Jan.15,66785.78,6678.578
23,200000024,Carl,Quinn,Male,52,Scotland,Blue Collar,19.Jan.15,6580.81,658.0810000000001
24,100000025,Jennifer,Hughes,Female,38,England,White Collar,20.Jan.15,20505.32,2050.532
25,200000026,Richard,Fraser,Male,55,Scotland,Blue Collar,21.Jan.15,43249.26,4324.926
26,400000027,Rachel,McGrath,Female,37,Northern Ireland,White Collar,23.Jan.15,3967.2,396.72
27,100000028,Alison,Fisher,Female,33,England,White Collar,25.Jan.15,3428.56,342.856
28,200000029,Lucas,Mackenzie,Male,50,Scotland,Blue Collar,25.Jan.15,20516.1,2051.61
29,100000030,Luke,Wilkins,Male,42,England,White Collar,27.Jan.15,10813.83,1081.383
30,100000031,Megan,Bell,Female,25,England,White Collar,28.Jan.15,38889.76,3888.9760000000006
31,300000032,Warren,Edmunds,Male,30,Wales,White Collar,28.Jan.15,14094.01,1409.401
32,200000033,Grace,Chapman,Female,58,Scotland,Other,29.Jan.15,25865.2,2586.5200000000004
33,100000034,Jake,Wilson,Male,26,England,Other,30.Jan.15,5833.62,583.362
34,100000035,Karen,Dyer,Female,34,England,Blue Collar,31.Jan.15,77809.59,7780.959
35,100000036,Yvonne,Thomson,Female,36,England,White Collar,31.Jan.15,31680.67,3168.067
36,100000037,Sophie,Gill,Female,33,England,White Collar,31.Jan.15,20504.37,2050.437
37,100000038,Robert,Cornish,Male,31,England,Other,31.Jan.15,5688.36,568.836
38,200000039,Luke,Martin,Male,35,Scotland,Blue Collar,31.Jan.15,12848.59,1284.8590000000002
39,200000040,Gavin,Pullman,Male,59,Scotland,Other,31.Jan.15,114456.23,11445.623
40,100000041,Edward,Terry,Male,27,England,Blue Collar,01.Feb.15,51412.6,5141.26
41,100000042,Diane,Black,Female,35,England,White Collar,01.Feb.15,9695.7,969.5700000000002
42,200000043,Jake,Morgan,Male,49,Scotland,Blue Collar,01.Feb.15,114021.21,11402.121000000001
43,400000044,Yvonne,Churchill,Female,22,Northern Ireland,Other,01.Feb.15,107728.07,10772.807
44,100000045,Dorothy,Johnston,Female,53,England,Other,03.Feb.15,2893.19,289.319
45,200000046,Lisa,Berry,Female,47,Scotland,Other,03.Feb.15,54589.61,5458.961
46,200000047,Leah,Nolan,Female,32,Scotland,Other,03.Feb.15,59501.63,5950.1630000000005
47,400000048,Carolyn,Lewis,Female,19,Northern Ireland,Other,08.Feb.15,14337.82,1433.7820000000002
48,100000049,Simon,Ball,Male,27,England,White Collar,12.Feb.15,23921.89,2392.189
49,100000050,Charles,Nolan,Male,39,England,White Collar,12.Feb.15,39034.14,3903.414
50,100000051,Sophie,Wilkins,Female,29,England,Blue Collar,12.Feb.15,1401.43,140.143
51,100000052,Kimberly,James,Female,31,England,Blue Collar,12.Feb.15,41626.25,4162.625
52,100000053,Madeleine,Ellison,Female,37,England,Other,12.Feb.15,47551.7,4755.17
53,100000054,Irene,MacLeod,Female,32,England,White Collar,12.Feb.15,24187.98,2418.7980000000002
54,100000055,Cameron,Taylor,Male,24,England,White Collar,12.Feb.15,4912.21,491.221
55,100000056,Liam,Gibson,Male,40,England,White Collar,12.Feb.15,58391.45,5839.145
56,100000057,Donna,Knox,Female,33,England,Blue Collar,12.Feb.15,58033.89,5803.389
57,100000058,Piers,Morgan,Male,44,England,White Collar,12.Feb.15,35831.2,3583.12
58,100000059,Phil,Randall,Male,39,England,Other,12.Feb.15,1879.85,187.985
59,100000060,Ryan,White,Male,47,England,White Collar,12.Feb.15,23375.57,2337.5570000000002
60,100000061,Kylie,Howard,Female,35,England,White Collar,12.Feb.15,4586.23,458.623
61,100000062,Fiona,Bell,Female,47,England,Other,12.Feb.15,20336.8,2033.68
62,100000063,Kevin,Gibson,Male,47,England,White Collar,12.Feb.15,22414.93,2241.493
63,100000064,Bernadette,Gibson,Female,39,England,White Collar,12.Feb.15,40305.24,4030.524
64,200000065,Maria,Hughes,Female,50,Scotland,Other,12.Feb.15,18091.36,1809.1360000000002
65,200000066,Piers,Burgess,Male,43,Scotland,Blue Collar,12.Feb.15,20076.8,2007.68
66,200000067,Dan,Ellison,Male,47,Scotland,Blue Collar,12.Feb.15,5300.47,530.047
67,200000068,Lucas,Piper,Male,61,Scotland,Blue Collar,12.Feb.15,7162.43,716.243
68,200000069,Jason,Sharp,Male,53,Scotland,Blue Collar,12.Feb.15,35751.37,3575.1370000000006
69,200000070,Kevin,Parr,Male,45,Scotland,Other,12.Feb.15,15013.76,1501.3760000000002
70,200000071,Dan,Mills,Male,49,Scotland,Blue Collar,12.Feb.15,70041.44,7004.144
71,200000072,Angela,Roberts,Female,51,Scotland,Other,12.Feb.15,35937.38,3593.738
72,300000073,Hannah,White,Female,36,Wales,White Collar,12.Feb.15,41442.1,4144.21
73,300000074,Oliver,Simpson,Male,45,Wales,Other,12.Feb.15,36696.92,3669.692
74,400000075,Olivia,Dowd,Female,30,Northern Ireland,White Collar,12.Feb.15,21.03,2.103
75,200000076,Michael,Hemmings,Male,44,Scotland,Blue Collar,24.Feb.15,58237.65,5823.765
76,100000077,Frank,Brown,Male,38,England,White Collar,09.Mar.15,28509.46,2850.946
77,100000078,Diane,Simpson,Female,36,England,Other,10.Mar.15,38715.45,3871.545
78,300000079,Ruth,Mathis,Female,23,Wales,Blue Collar,15.Mar.15,7370.52,737.0520000000001
79,100000080,David,Peters,Male,34,England,White Collar,16.Mar.15,245.46,24.546000000000003
80,100000081,Joan,Buckland,Female,36,England,White Collar,16.Mar.15,59935.75,5993.575000000001
81,100000082,Neil,Robertson,Male,20,England,White Collar,16.Mar.15,11624.36,1162.4360000000001
82,100000083,Paul,Mackay,Male,31,England,Blue Collar,16.Mar.15,9346.66,934.666
83,100000084,Dylan,Fraser,Male,42,England,White Collar,16.Mar.15,43770.37,4377.037
84,100000085,Pippa,Buckland,Female,38,England,White Collar,16.Mar.15,63642.19,6364.219000000001
85,100000086,Matt,McGrath,Male,39,England,White Collar,16.Mar.15,22831.08,2283.108
86,100000087,Jack,White,Male,41,England,Other,16.Mar.15,4846.57,484.657
87,100000088,Jasmine,Piper,Female,24,England,White Collar,16.Mar.15,71571.52,7157.152000000001
88,100000089,Michelle,Ellison,Female,24,England,White Collar,16.Mar.15,42409.89,4240.9890000000005
89,100000090,Wanda,Henderson,Female,35,England,White Collar,16.Mar.15,4194.57,419.457
90,100000091,Blake,Reid,Male,35,England,White Collar,16.Mar.15,75613.68,7561.3679999999995
91,100000092,Jane,Forsyth,Female,26,England,White Collar,16.Mar.15,28587.08,2858.7080000000005
92,100000093,Dan,Peake,Male,23,England,White Collar,16.Mar.15,14699.05,1469.905
93,100000094,Lisa,Davies,Female,38,England,Other,16.Mar.15,44034.26,4403.426
94,100000095,Rebecca,Knox,Female,30,England,White Collar,16.Mar.15,55046.35,5504.635
95,100000096,Joshua,Slater,Male,28,England,White Collar,16.Mar.15,67479.01,6747.901
96,100000097,Heather,Wallace,Female,38,England,Blue Collar,16.Mar.15,61890.85,6189.085
97,100000098,Maria,Johnston,Female,36,England,White Collar,16.Mar.15,1430.6,143.06
98,200000099,Robert,May,Male,40,Scotland,Blue Collar,16.Mar.15,5456.86,545.686
99,200000100,Carolyn,Robertson,Female,56,Scotland,Other,16.Mar.15,13251.27,1325.1270000000002
100,200000101,Stewart,Lewis,Male,51,Scotland,Blue Collar,16.Mar.15,119014.87,11901.487000000001
101,200000102,Emma,Piper,Female,44,Scotland,White Collar,16.Mar.15,18829.79,1882.9790000000003
102,200000103,Nicola,Powell,Female,55,Scotland,White Collar,16.Mar.15,35939.04,3593.9040000000005
103,200000104,Diana,McDonald,Female,57,Scotland,Other,16.Mar.15,22686.0,2268.6
104,200000105,Stephen,Ross,Male,48,Scotland,White Collar,16.Mar.15,85108.08,8510.808
105,200000106,Ella,Bond,Female,54,Scotland,Other,16.Mar.15,44973.03,4497.303
106,200000107,Ian,Wilson,Male,36,Scotland,Blue Collar,16.Mar.15,12616.44,1261.6440000000002
107,200000108,Piers,Quinn,Male,48,Scotland,Blue Collar,16.Mar.15,23910.87,2391.087
108,200000109,Joe,Forsyth,Male,63,Scotland,Other,16.Mar.15,73461.71,7346.171000000001
109,200000110,Tim,Jones,Male,63,Scotland,Blue Collar,16.Mar.15,26474.23,2647.4230000000002
110,300000111,Sonia,Robertson,Female,25,Wales,Other,16.Mar.15,70799.64,7079.964
111,300000112,Nathan,Paterson,Male,26,Wales,White Collar,16.Mar.15,20627.65,2062.7650000000003
112,400000113,Tim,Hardacre,Male,29,Northern Ireland,White Collar,16.Mar.15,82229.52,8222.952000000001
113,400000114,Fiona,Mills,Female,18,Northern Ireland,Other,16.Mar.15,51171.29,5117.129000000001
114,400000115,Ruth,Oliver,Female,43,Northern Ireland,Blue Collar,16.Mar.15,37889.38,3788.938
115,100000116,Alison,Johnston,Female,36,England,Other,19.Mar.15,21806.3,2180.63
116,100000117,Amy,McGrath,Female,40,England,Other,25.Mar.15,12415.5,1241.5500000000002
117,200000118,Adam,McGrath,Male,52,Scotland,Other,28.Mar.15,67682.92,6768.292
118,100000119,Vanessa,Lyman,Female,18,England,White Collar,31.Mar.15,33524.41,3352.4410000000007
119,100000120,Andrea,Dickens,Female,31,England,White Collar,31.Mar.15,136370.38,13637.038
120,100000121,Ian,Slater,Male,37,England,White Collar,31.Mar.15,39159.35,3915.935
121,100000122,Jacob,Payne,Male,25,England,Other,31.Mar.15,3738.1,373.81
122,100000123,Harry,Short,Male,50,England,White Collar,31.Mar.15,43234.21,4323.421
123,100000124,John,Black,Male,39,England,Other,01.Apr.15,111149.47,11114.947
124,100000125,Jonathan,MacDonald,Male,27,England,White Collar,01.Apr.15,12312.49,1231.249
125,100000126,Benjamin,Blake,Male,42,England,White Collar,01.Apr.15,55661.5,5566.150000000001
126,100000127,Emma,Fraser,Female,27,England,White Collar,01.Apr.15,10481.48,1048.148
127,100000128,Virginia,Berry,Female,41,England,White Collar,01.Apr.15,4347.79,434.779
128,100000129,Peter,Pullman,Male,47,England,White Collar,01.Apr.15,15093.04,1509.304
129,100000130,Alison,MacLeod,Female,27,England,White Collar,01.Apr.15,27738.77,2773.8770000000004
130,100000131,Anna,Wright,Female,41,England,White Collar,01.Apr.15,27557.08,2755.7080000000005
131,100000132,James,Marshall,Male,20,England,Blue Collar,01.Apr.15,9578.65,957.865
132,100000133,Ruth,Bower,Female,38,England,White Collar,02.Apr.15,40456.97,4045.697
133,100000134,Owen,Powell,Male,34,England,Blue Collar,02.Apr.15,44744.24,4474.424
134,100000135,Piers,King,Male,42,England,White Collar,02.Apr.15,56652.56,5665.256
135,100000136,Christopher,Mackenzie,Male,26,England,White Collar,02.Apr.15,12994.18,1299.4180000000001
136,100000137,Sarah,Wallace,Female,43,England,White Collar,02.Apr.15,42207.46,4220.746
137,100000138,Richard,Hemmings,Male,37,England,White Collar,02.Apr.15,10704.25,1070.425
138,100000139,Nicola,Rampling,Female,40,England,White Collar,02.Apr.15,57140.07,5714.0070000000005
139,200000140,Keith,Harris,Male,57,Scotland,Blue Collar,02.Apr.15,40510.36,4051.036
140,100000141,Angela,Wright,Female,45,England,White Collar,03.Apr.15,36584.21,3658.4210000000003
141,100000142,Sam,Russell,Male,23,England,White Collar,03.Apr.15,10249.56,1024.956
142,100000143,Luke,Ball,Male,45,England,Other,03.Apr.15,40379.31,4037.931
143,100000144,Sean,Bell,Male,26,England,White Collar,03.Apr.15,4539.24,453.924
144,100000145,Steven,Ball,Male,37,England,White Collar,04.Apr.15,89120.92,8912.092
145,100000146,Andrew,Gray,Male,41,England,White Collar,05.Apr.15,51707.8,5170.780000000001
146,100000147,Jacob,Metcalfe,Male,33,England,White Collar,05.Apr.15,4940.82,494.082
147,100000148,Madeleine,Ogden,Female,37,England,White Collar,05.Apr.15,48405.93,4840.593
148,100000149,Dylan,Davies,Male,33,England,White Collar,05.Apr.15,32467.1,3246.71
149,100000150,Michelle,Lee,Female,29,England,White Collar,05.Apr.15,4020.51,402.05100000000004
150,100000151,Connor,Grant,Male,33,England,White Collar,05.Apr.15,5160.27,516.027
151,100000152,Justin,Metcalfe,Male,32,England,White Collar,05.Apr.15,51576.88,5157.688
152,100000153,Elizabeth,Oliver,Female,36,England,White Collar,05.Apr.15,57019.91,5701.991000000001
153,100000154,Kevin,Powell,Male,46,England,White Collar,05.Apr.15,57365.32,5736.532
154,100000155,Tim,Arnold,Male,33,England,Blue Collar,05.Apr.15,1455.6,145.56
155,100000156,Charles,Roberts,Male,24,England,Other,05.Apr.15,36256.2,3625.62
156,100000157,Anthony,Cornish,Male,32,England,White Collar,05.Apr.15,24927.39,2492.739
157,100000158,Michael,Powell,Male,26,England,White Collar,05.Apr.15,1009.69,100.96900000000001
158,100000159,Lucas,Lawrence,Male,30,England,White Collar,05.Apr.15,21871.43,2187.143
159,100000160,Alexander,Walker,Male,38,England,White Collar,05.Apr.15,7602.94,760.294
160,100000161,Diana,Powell,Female,42,England,White Collar,05.Apr.15,2337.0,233.70000000000002
161,100000162,Emma,Peters,Female,36,England,Other,05.Apr.15,61541.83,6154.183000000001
162,100000163,Amanda,Morgan,Female,39,England,White Collar,05.Apr.15,4120.66,412.06600000000003
163,200000164,Claire,Walsh,Female,59,Scotland,Other,05.Apr.15,67524.87,6752.487
164,200000165,Paul,Harris,Male,52,Scotland,Blue Collar,05.Apr.15,4371.98,437.198
165,200000166,William,Mitchell,Male,51,Scotland,Blue Collar,05.Apr.15,10229.63,1022.963
166,300000167,Cameron,Ross,Male,24,Wales,Blue Collar,05.Apr.15,19064.65,1906.4650000000001
167,300000168,Pippa,Wilson,Female,30,Wales,White Collar,05.Apr.15,30846.82,3084.6820000000002
168,100000169,Blake,Mills,Male,39,England,Blue Collar,06.Apr.15,71396.66,7139.666000000001
169,100000170,Natalie,Morrison,Female,32,England,Other,06.Apr.15,3290.79,329.079
170,100000171,John,Hughes,Male,38,England,White Collar,06.Apr.15,13181.22,1318.122
171,100000172,Nicholas,Greene,Male,42,England,Blue Collar,06.Apr.15,62923.29,6292.329000000001
172,100000173,Hannah,Thomson,Female,26,England,White Collar,06.Apr.15,93353.93,9335.393
173,100000174,Penelope,Glover,Female,31,England,White Collar,06.Apr.15,46078.71,4607.871
174,100000175,Max,Stewart,Male,31,England,White Collar,06.Apr.15,15986.62,1598.6620000000003
175,100000176,Wendy,Gill,Female,25,England,White Collar,06.Apr.15,27384.85,2738.485
176,100000177,Thomas,Bailey,Male,35,England,White Collar,06.Apr.15,70349.32,7034.932000000001
177,100000178,Dan,Piper,Male,33,England,Blue Collar,06.Apr.15,60748.04,6074.804
178,100000179,Dan,Metcalfe,Male,24,England,Blue Collar,06.Apr.15,52862.29,5286.229
179,400000180,Eric,Bower,Male,29,Northern Ireland,Blue Collar,06.Apr.15,20516.51,2051.651
180,100000181,Mary,Watson,Female,32,England,White Collar,07.Apr.15,99806.54,9980.654
181,100000182,Austin,Ball,Male,36,England,White Collar,07.Apr.15,21236.23,2123.623
182,100000183,Christian,Piper,Male,31,England,White Collar,07.Apr.15,115312.87,11531.287
183,100000184,Peter,McGrath,Male,33,England,Other,07.Apr.15,80564.87,8056.487
184,100000185,Cameron,Short,Male,40,England,Other,07.Apr.15,21351.4,2135.1400000000003
185,200000186,Sue,Ellison,Female,51,Scotland,Other,07.Apr.15,58953.83,5895.383000000001
186,100000187,Emma,Parr,Female,46,England,White Collar,08.Apr.15,40685.39,4068.539
187,100000188,Pippa,Mathis,Female,29,England,White Collar,08.Apr.15,22659.88,2265.9880000000003
188,100000189,Wendy,Morrison,Female,40,England,White Collar,08.Apr.15,9431.04,943.1040000000002
189,100000190,Vanessa,Avery,Female,25,England,Other,08.Apr.15,58714.66,5871.466
190,200000191,Jason,Fisher,Male,51,Scotland,Blue Collar,08.Apr.15,1239.6,123.96
191,100000192,Oliver,Blake,Male,39,England,White Collar,09.Apr.15,48396.17,4839.617
192,100000193,Jane,Wright,Female,44,England,Other,10.Apr.15,12283.3,1228.33
193,100000194,James,McGrath,Male,40,England,White Collar,10.Apr.15,29331.41,2933.141
194,100000195,Amanda,Young,Female,35,England,White Collar,10.Apr.15,16390.11,1639.0110000000002
195,100000196,Jennifer,Slater,Female,32,England,White Collar,10.Apr.15,87203.66,8720.366
196,100000197,Blake,Ross,Male,38,England,Blue Collar,11.Apr.15,3141.6,314.16
197,100000198,Tim,North,Male,29,England,White Collar,11.Apr.15,2299.26,229.92600000000004
198,100000199,Jasmine,Terry,Female,31,England,Blue Collar,11.Apr.15,44162.06,4416.206
199,100000200,Karen,Mackenzie,Female,47,England,White Collar,11.Apr.15,90868.86,9086.886
200,100000201,Oliver,Dickens,Male,34,England,Other,12.Apr.15,37985.15,3798.5150000000003
201,100000202,Fiona,Underwood,Female,37,England,White Collar,12.Apr.15,54630.38,5463.0380000000005
202,100000203,Yvonne,Arnold,Female,40,England,White Collar,12.Apr.15,60648.52,6064.852
203,100000204,Fiona,Vance,Female,26,England,White Collar,12.Apr.15,18894.19,1889.4189999999999
204,100000205,Anna,Lee,Female,25,England,Blue Collar,12.Apr.15,79603.36,7960.336
205,100000206,Wanda,Short,Female,36,England,White Collar,12.Apr.15,109026.81,10902.681
206,100000207,Blake,Berry,Male,41,England,White Collar,12.Apr.15,73998.37,7399.8369999999995
207,100000208,Phil,Lewis,Male,39,England,White Collar,12.Apr.15,3734.24,373.424
208,100000209,Christian,Sharp,Male,39,England,Blue Collar,12.Apr.15,23322.33,2332.233
209,200000210,Blake,Rutherford,Male,44,Scotland,Blue Collar,12.Apr.15,64482.16,6448.216
210,100000211,Robert,Wright,Male,39,England,White Collar,13.Apr.15,52505.16,5250.5160000000005
211,100000212,Eric,North,Male,34,England,White Collar,13.Apr.15,16569.82,1656.982
212,100000213,Tracey,Grant,Female,29,England,Blue Collar,13.Apr.15,21065.22,2106.5220000000004
213,100000214,Faith,McDonald,Female,21,England,Other,13.Apr.15,13487.9,1348.79
214,100000215,Alan,Murray,Male,39,England,Blue Collar,13.Apr.15,34338.84,3433.884
215,100000216,Nathan,Turner,Male,38,England,White Collar,13.Apr.15,48146.54,4814.654
216,100000217,Carolyn,Hart,Female,28,England,White Collar,13.Apr.15,27008.87,2700.887
217,100000218,Theresa,Grant,Female,29,England,White Collar,14.Apr.15,29907.72,2990.7720000000004
218,100000219,Alexander,Ince,Male,25,England,White Collar,14.Apr.15,31660.86,3166.0860000000002
219,100000220,Maria,Simpson,Female,38,England,Other,14.Apr.15,33509.17,3350.917
220,100000221,Sally,Arnold,Female,45,England,Blue Collar,14.Apr.15,2575.63,257.56300000000005
221,100000222,Jessica,Morrison,Female,33,England,White Collar,14.Apr.15,4072.58,407.25800000000004
222,100000223,Lucas,Langdon,Male,32,England,White Collar,14.Apr.15,15375.41,1537.5410000000002
223,100000224,Christian,Baker,Male,43,England,White Collar,14.Apr.15,18103.72,1810.3720000000003
224,100000225,Piers,White,Male,31,England,White Collar,14.Apr.15,63230.57,6323.057000000001
225,100000226,Gordon,Fraser,Male,40,England,White Collar,14.Apr.15,9875.43,987.5430000000001
226,100000227,Connor,Gill,Male,29,England,Other,15.Apr.15,106172.13,10617.213000000002
227,100000228,Virginia,Howard,Female,37,England,White Collar,15.Apr.15,4611.5,461.15000000000003
228,100000229,Yvonne,Johnston,Female,36,England,White Collar,15.Apr.15,42635.27,4263.527
229,100000230,Dan,Terry,Male,42,England,White Collar,15.Apr.15,51923.76,5192.376
230,100000231,Audrey,McGrath,Female,45,England,White Collar,15.Apr.15,39249.25,3924.925
231,100000232,Trevor,King,Male,41,England,Blue Collar,15.Apr.15,57762.79,5776.279
232,100000233,Stewart,Pullman,Male,42,England,White Collar,16.Apr.15,63869.71,6386.9710000000005
233,100000234,Brian,Mackay,Male,42,England,White Collar,16.Apr.15,10199.66,1019.966
234,100000235,Jessica,James,Female,40,England,White Collar,16.Apr.15,47518.92,4751.892
235,100000236,Carol,Blake,Female,43,England,White Collar,16.Apr.15,25542.15,2554.215
236,100000237,Alison,Hudson,Female,43,England,White Collar,16.Apr.15,23887.45,2388.7450000000003
237,300000238,Dorothy,Miller,Female,27,Wales,Other,16.Apr.15,39264.03,3926.4030000000002
238,100000239,Natalie,Welch,Female,35,England,White Collar,17.Apr.15,11880.47,1188.047
239,100000240,John,Baker,Male,32,England,White Collar,17.Apr.15,50658.95,5065.895
240,100000241,Oliver,Powell,Male,43,England,White Collar,17.Apr.15,14946.79,1494.679
241,100000242,Amanda,Rees,Female,34,England,Blue Collar,17.Apr.15,57148.41,5714.841
242,100000243,Paul,Davies,Male,47,England,Blue Collar,17.Apr.15,116144.95,11614.495
243,100000244,Brian,Short,Male,39,England,White Collar,17.Apr.15,45135.16,4513.5160000000005
244,100000245,Matt,Graham,Male,31,England,White Collar,17.Apr.15,9867.56,986.756
245,100000246,Justin,Paterson,Male,30,England,White Collar,17.Apr.15,4442.71,444.271
246,100000247,Claire,Dickens,Female,33,England,White Collar,17.Apr.15,14380.27,1438.027
247,100000248,James,Miller,Male,37,England,White Collar,17.Apr.15,4263.53,426.353
248,100000249,Brandon,Bower,Male,43,England,White Collar,17.Apr.15,32667.33,3266.733
249,100000250,Amelia,Mathis,Female,30,England,Blue Collar,17.Apr.15,13407.54,1340.7540000000001
250,100000251,Fiona,Jones,Female,33,England,White Collar,17.Apr.15,57127.03,5712.703
251,100000252,Nicholas,Lyman,Male,30,England,White Collar,17.Apr.15,74588.31,7458.831
252,100000253,Lauren,Ball,Female,29,England,White Collar,17.Apr.15,41237.66,4123.7660000000005
253,100000254,Stewart,Rees,Male,34,England,White Collar,17.Apr.15,20276.52,2027.652
254,100000255,Diane,Henderson,Female,36,England,Blue Collar,17.Apr.15,20379.0,2037.9
255,200000256,Julian,Peake,Male,46,Scotland,Blue Collar,17.Apr.15,29487.25,2948.7250000000004
256,200000257,Justin,Underwood,Male,36,Scotland,Blue Collar,17.Apr.15,79483.58,7948.358
257,200000258,Owen,McGrath,Male,54,Scotland,Other,17.Apr.15,2112.92,211.29200000000003
258,200000259,Alison,Taylor,Female,50,Scotland,Other,17.Apr.15,18160.49,1816.0490000000002
259,200000260,Harry,Walsh,Male,45,Scotland,Blue Collar,17.Apr.15,26059.74,2605.974
260,200000261,Nathan,Howard,Male,47,Scotland,Blue Collar,17.Apr.15,19177.31,1917.7310000000002
261,200000262,Zoe,Clarkson,Female,59,Scotland,Other,17.Apr.15,23550.89,2355.089
262,200000263,Gabrielle,Marshall,Female,41,Scotland,Other,17.Apr.15,87758.52,8775.852
263,200000264,Lily,Davies,Female,48,Scotland,Other,17.Apr.15,10577.52,1057.7520000000002
264,200000265,Tim,Sanderson,Male,52,Scotland,Blue Collar,17.Apr.15,45213.63,4521.363
265,200000266,Karen,Oliver,Female,28,Scotland,Other,17.Apr.15,13162.58,1316.258
266,200000267,Luke,MacLeod,Male,55,Scotland,Other,17.Apr.15,36993.45,3699.345
267,300000268,James,Oliver,Male,28,Wales,Blue Collar,17.Apr.15,67180.28,6718.028
268,300000269,Gabrielle,Powell,Female,42,Wales,Other,17.Apr.15,44094.63,4409.463
269,300000270,Heather,Black,Female,63,Wales,Other,17.Apr.15,27020.99,2702.099
270,300000271,Carl,Abraham,Male,30,Wales,White Collar,17.Apr.15,28912.8,2891.28
271,400000272,Rose,Blake,Female,25,Northern Ireland,White Collar,17.Apr.15,48997.63,4899.763
272,100000273,Jake,Skinner,Male,41,England,White Collar,18.Apr.15,41250.67,4125.067
273,100000274,Rose,Russell,Female,34,England,Other,18.Apr.15,111818.28,11181.828000000001
274,100000275,Victor,Avery,Male,42,England,White Collar,19.Apr.15,10114.95,1011.4950000000001
275,100000276,Brandon,Miller,Male,30,England,Blue Collar,19.Apr.15,14034.12,1403.4120000000003
276,100000277,Maria,Arnold,Female,37,England,White Collar,19.Apr.15,57574.38,5757.438
277,100000278,Irene,Vaughan,Female,30,England,Blue Collar,19.Apr.15,71596.18,7159.6179999999995
278,100000279,Blake,Alsop,Male,42,England,White Collar,19.Apr.15,32187.62,3218.762
279,100000280,Stephanie,Ogden,Female,31,England,Other,19.Apr.15,717.13,71.71300000000001
280,100000281,Sam,Parsons,Male,37,England,Blue Collar,19.Apr.15,103875.81,10387.581
281,100000282,Theresa,Marshall,Female,29,England,White Collar,20.Apr.15,70403.65,7040.365
282,100000283,Stephanie,Smith,Female,34,England,White Collar,20.Apr.15,12559.26,1255.9260000000002
283,100000284,Lily,Hughes,Female,30,England,White Collar,20.Apr.15,7136.47,713.647
284,100000285,Matt,Black,Male,34,England,White Collar,21.Apr.15,51792.13,5179.213
285,100000286,Ruth,Lambert,Female,31,England,Other,21.Apr.15,96203.49,9620.349
286,100000287,Peter,Lyman,Male,41,England,White Collar,21.Apr.15,64731.46,6473.146000000001
287,100000288,Liam,King,Male,37,England,White Collar,21.Apr.15,37857.0,3785.7000000000003
288,100000289,Olivia,Peake,Female,32,England,White Collar,22.Apr.15,51470.09,5147.009
289,100000290,Joe,May,Male,40,England,White Collar,22.Apr.15,70357.61,7035.761
290,100000291,Wanda,Quinn,Female,21,England,White Collar,22.Apr.15,5470.79,547.0790000000001
291,100000292,Karen,Glover,Female,40,England,White Collar,22.Apr.15,25248.37,2524.837
292,100000293,Nathan,Bond,Male,45,England,Other,22.Apr.15,65116.98,6511.698
293,100000294,Brandon,Morgan,Male,27,England,Other,22.Apr.15,23668.42,2366.842
294,200000295,Tim,Thomson,Male,45,Scotland,Blue Collar,22.Apr.15,16423.75,1642.375
295,100000296,Penelope,Clarkson,Female,31,England,White Collar,23.Apr.15,50533.23,5053.323
296,100000297,Sophie,Thomson,Female,33,England,White Collar,23.Apr.15,152.91,15.291
297,100000298,Anna,James,Female,26,England,White Collar,23.Apr.15,14758.38,1475.838
298,100000299,Zoe,Johnston,Female,40,England,White Collar,23.Apr.15,14730.54,1473.054
299,200000300,Owen,Smith,Male,53,Scotland,Blue Collar,23.Apr.15,64309.53,6430.953
300,200000301,Joseph,Robertson,Male,41,Scotland,Blue Collar,23.Apr.15,99190.79,9919.079
301,300000302,William,Wilkins,Male,30,Wales,Blue Collar,23.Apr.15,13597.9,1359.79
302,100000303,Brian,Russell,Male,42,England,Blue Collar,24.Apr.15,122903.78,12290.378
303,100000304,Andrea,Jackson,Female,42,England,White Collar,24.Apr.15,30474.69,3047.469
304,100000305,Kevin,Springer,Male,29,England,White Collar,24.Apr.15,8802.24,880.224
305,100000306,Phil,Grant,Male,32,England,White Collar,24.Apr.15,60487.89,6048.789000000001
306,100000307,Adrian,Hill,Male,33,England,Blue Collar,24.Apr.15,2457.4,245.74
307,100000308,John,Campbell,Male,43,England,White Collar,24.Apr.15,33311.31,3331.131
308,100000309,Alexander,Edmunds,Male,30,England,White Collar,24.Apr.15,21296.27,2129.627
309,100000310,Felicity,Hodges,Female,33,England,White Collar,24.Apr.15,60876.78,6087.678
310,100000311,Lucas,Avery,Male,30,England,Blue Collar,25.Apr.15,26572.16,2657.2160000000003
311,100000312,Blake,Hudson,Male,45,England,Blue Collar,25.Apr.15,21150.98,2115.098
312,100000313,Jessica,Piper,Female,40,England,White Collar,26.Apr.15,65947.69,6594.769
313,100000314,Nicola,Clarkson,Female,31,England,White Collar,26.Apr.15,86849.17,8684.917
314,100000315,Peter,Metcalfe,Male,27,England,Other,26.Apr.15,7336.33,733.633
315,100000316,Mary,Carr,Female,37,England,White Collar,26.Apr.15,5611.36,561.136
316,100000317,Liam,Stewart,Male,35,England,White Collar,26.Apr.15,43790.83,4379.0830000000005
317,100000318,Anna,MacLeod,Female,43,England,Blue Collar,27.Apr.15,1537.23,153.723
318,100000319,John,Hemmings,Male,30,England,White Collar,27.Apr.15,23015.54,2301.554
319,100000320,Ryan,Morrison,Male,34,England,White Collar,27.Apr.15,42984.36,4298.436000000001
320,100000321,Adam,Sharp,Male,43,England,Blue Collar,27.Apr.15,67809.29,6780.929
321,100000322,Alison,Lambert,Female,30,England,Other,27.Apr.15,35117.34,3511.734
322,100000323,Joanne,Fisher,Female,21,England,White Collar,27.Apr.15,45045.19,4504.519
323,100000324,David,Newman,Male,54,England,White Collar,27.Apr.15,33113.21,3311.321
324,100000325,Boris,Walker,Male,35,England,Other,28.Apr.15,41080.73,4108.073
325,100000326,Felicity,North,Female,42,England,White Collar,28.Apr.15,71637.04,7163.704
326,100000327,Dominic,Miller,Male,40,England,Other,28.Apr.15,7463.59,746.359
327,100000328,Megan,Tucker,Female,34,England,White Collar,28.Apr.15,2016.84,201.684
328,100000329,Deirdre,Coleman,Female,37,England,White Collar,28.Apr.15,12405.07,1240.507
329,100000330,Wendy,Turner,Female,31,England,White Collar,28.Apr.15,19933.38,1993.3380000000002
330,100000331,Jonathan,Manning,Male,44,England,White Collar,28.Apr.15,50015.54,5001.554
331,100000332,Carolyn,Churchill,Female,34,England,White Collar,28.Apr.15,24709.89,2470.989
332,200000333,David,Morrison,Male,54,Scotland,Blue Collar,28.Apr.15,15859.07,1585.9070000000002
333,100000334,Carolyn,Roberts,Female,33,England,White Collar,29.Apr.15,41128.52,4112.852
334,100000335,Karen,May,Female,42,England,Blue Collar,29.Apr.15,7583.72,758.3720000000001
335,100000336,Tracey,Edmunds,Female,36,England,White Collar,29.Apr.15,25132.97,2513.2970000000005
336,100000337,Tracey,Langdon,Female,22,England,White Collar,29.Apr.15,70526.58,7052.658
337,100000338,Jake,Dyer,Male,42,England,White Collar,29.Apr.15,31273.66,3127.366
338,200000339,Theresa,Slater,Female,58,Scotland,Other,29.Apr.15,33008.01,3300.8010000000004
339,300000340,Rebecca,Nash,Female,20,Wales,White Collar,29.Apr.15,1488.04,148.804
340,100000341,Jasmine,Greene,Female,29,England,White Collar,30.Apr.15,4507.91,450.791
341,100000342,Christian,Jackson,Male,38,England,White Collar,30.Apr.15,18433.59,1843.3590000000002
342,100000343,Eric,Vance,Male,33,England,White Collar,30.Apr.15,30907.61,3090.7610000000004
343,100000344,Anna,Miller,Female,35,England,White Collar,30.Apr.15,58807.73,5880.773000000001
344,100000345,Benjamin,Ince,Male,36,England,White Collar,30.Apr.15,10174.7,1017.4700000000001
345,100000346,Joseph,Buckland,Male,31,England,White Collar,02.May.15,20570.41,2057.041
346,200000347,Jake,Manning,Male,56,Scotland,Other,02.May.15,70950.09,7095.009
347,200000348,Brandon,Anderson,Male,51,Scotland,Other,02.May.15,27842.09,2784.2090000000003
348,200000349,Cameron,Duncan,Male,55,Scotland,Blue Collar,02.May.15,60036.51,6003.651000000001
349,200000350,Isaac,Kelly,Male,61,Scotland,Blue Collar,02.May.15,31920.69,3192.069
350,300000351,Nicholas,James,Male,38,Wales,Blue Collar,02.May.15,48457.2,4845.72
351,200000352,Piers,Harris,Male,51,Scotland,White Collar,03.May.15,90573.15,9057.315
352,200000353,Gordon,Ellison,Male,58,Scotland,Blue Collar,03.May.15,6416.8,641.6800000000001
353,200000354,Ian,Kerr,Male,42,Scotland,Other,03.May.15,13414.22,1341.422
354,200000355,Sebastian,Welch,Male,46,Scotland,Blue Collar,03.May.15,10950.36,1095.036
355,200000356,Richard,Hamilton,Male,42,Scotland,Blue Collar,03.May.15,17740.51,1774.051
356,300000357,Mary,Reid,Female,27,Wales,Other,03.May.15,18106.22,1810.6220000000003
357,300000358,Simon,Morrison,Male,28,Wales,Blue Collar,03.May.15,6729.3,672.9300000000001
358,400000359,Gabrielle,MacDonald,Female,17,Northern Ireland,Other,03.May.15,65798.4,6579.84
359,100000360,Emma,Fisher,Female,44,England,White Collar,04.May.15,8118.3,811.83
360,200000361,Charles,Tucker,Male,45,Scotland,Blue Collar,04.May.15,68256.88,6825.688000000001
361,200000362,Joshua,Underwood,Male,52,Scotland,White Collar,04.May.15,107185.54,10718.554
362,200000363,Brandon,Johnston,Male,45,Scotland,Blue Collar,04.May.15,24064.3,2406.43
363,300000364,Katherine,Howard,Female,34,Wales,White Collar,04.May.15,5654.34,565.4340000000001
364,300000365,Dorothy,Butler,Female,28,Wales,Other,04.May.15,65204.55,6520.455000000001
365,300000366,Dorothy,Paige,Female,35,Wales,White Collar,04.May.15,17495.5,1749.5500000000002
366,300000367,Karen,Gray,Female,32,Wales,White Collar,04.May.15,18897.91,1889.7910000000002
367,400000368,Olivia,Simpson,Female,31,Northern Ireland,Other,04.May.15,62299.63,6229.963
368,100000369,Joan,Quinn,Female,38,England,White Collar,05.May.15,40010.06,4001.006
369,200000370,Joshua,Bond,Male,62,Scotland,Other,05.May.15,53342.1,5334.21
370,200000371,Alan,Kelly,Male,44,Scotland,Other,05.May.15,6288.73,628.873
371,200000372,Thomas,Martin,Male,54,Scotland,Blue Collar,05.May.15,20205.92,2020.5919999999999
372,200000373,Lucas,Gill,Male,39,Scotland,Blue Collar,05.May.15,16549.43,1654.9430000000002
373,300000374,John,Underwood,Male,19,Wales,Blue Collar,05.May.15,94786.37,9478.637
374,300000375,Molly,Black,Female,44,Wales,Other,05.May.15,47772.44,4777.244000000001
375,400000376,Megan,Forsyth,Female,28,Northern Ireland,Other,05.May.15,44349.72,4434.972000000001
376,100000377,Samantha,Knox,Female,49,England,Other,06.May.15,9119.52,911.9520000000001
377,100000378,Harry,Manning,Male,18,England,White Collar,06.May.15,311.26,31.126
378,100000379,Melanie,Henderson,Female,38,England,Other,06.May.15,19744.49,1974.4490000000003
379,100000380,Piers,Walker,Male,39,England,White Collar,06.May.15,48712.33,4871.233
380,100000381,Kimberly,Bond,Female,41,England,White Collar,06.May.15,13162.58,1316.258
381,100000382,Anthony,Chapman,Male,45,England,Other,06.May.15,53204.35,5320.435
382,100000383,Jasmine,Oliver,Female,32,England,White Collar,06.May.15,67428.15,6742.815
383,200000384,Bella,Bailey,Female,42,Scotland,Other,06.May.15,12088.72,1208.872
384,200000385,Joe,Parsons,Male,41,Scotland,Blue Collar,06.May.15,28710.54,2871.054
385,200000386,Edward,Marshall,Male,51,Scotland,Other,06.May.15,36923.01,3692.3010000000004
386,200000387,Christian,Blake,Male,56,Scotland,Blue Collar,06.May.15,40540.01,4054.001
387,200000388,Gavin,Sanderson,Male,58,Scotland,Blue Collar,06.May.15,23001.06,2300.106
388,200000389,Leonard,Thomson,Male,38,Scotland,Blue Collar,06.May.15,11418.92,1141.892
389,200000390,Joseph,Henderson,Male,46,Scotland,Blue Collar,06.May.15,16431.17,1643.117
390,200000391,Gavin,Berry,Male,61,Scotland,Blue Collar,06.May.15,56557.11,5655.711
391,300000392,Yvonne,Piper,Female,44,Wales,Other,06.May.15,25290.08,2529.0080000000003
392,300000393,Lily,Lyman,Female,34,Wales,Other,06.May.15,109225.68,10922.568
393,300000394,Julia,Scott,Female,42,Wales,Blue Collar,06.May.15,41572.1,4157.21
394,300000395,Gavin,Oliver,Male,32,Wales,Other,06.May.15,4820.58,482.058
395,400000396,Fiona,Buckland,Female,32,Northern Ireland,Blue Collar,06.May.15,23059.56,2305.956
396,400000397,Madeleine,Kerr,Female,36,Northern Ireland,Other,06.May.15,61911.69,6191.169000000001
397,400000398,Nicola,Ferguson,Female,37,Northern Ireland,Other,06.May.15,36603.02,3660.3019999999997
398,400000399,Amy,Miller,Female,23,Northern Ireland,Other,06.May.15,20060.1,2006.01
399,100000400,Jacob,Fisher,Male,35,England,White Collar,07.May.15,2423.46,242.346
400,100000401,Leonard,Paterson,Male,41,England,White Collar,07.May.15,51459.45,5145.945
401,100000402,Kylie,McDonald,Female,32,England,White Collar,07.May.15,13621.48,1362.1480000000001
402,100000403,Ruth,Simpson,Female,39,England,White Collar,07.May.15,84925.13,8492.513
403,100000404,Stewart,Bell,Male,38,England,White Collar,07.May.15,120732.35,12073.235
404,100000405,Cameron,Blake,Male,36,England,White Collar,07.May.15,23722.37,2372.237
405,200000406,Ian,May,Male,39,Scotland,Blue Collar,07.May.15,39343.24,3934.324
406,200000407,Charles,Gibson,Male,48,Scotland,Other,07.May.15,23703.79,2370.3790000000004
407,200000408,Blake,Churchill,Male,55,Scotland,Blue Collar,07.May.15,26811.22,2681.1220000000003
408,300000409,Stewart,Scott,Male,45,Wales,Other,07.May.15,19287.92,1928.792
409,300000410,Andrew,Grant,Male,32,Wales,White Collar,07.May.15,50621.67,5062.167
410,300000411,Edward,Dowd,Male,38,Wales,White Collar,07.May.15,97120.48,9712.048
411,100000412,Dan,Wright,Male,18,England,White Collar,08.May.15,6507.7,650.77
412,100000413,Boris,Burgess,Male,24,England,Blue Collar,08.May.15,38590.44,3859.0440000000003
413,200000414,Sebastian,Langdon,Male,45,Scotland,Other,08.May.15,8313.86,831.3860000000001
414,200000415,Jake,Miller,Male,45,Scotland,Blue Collar,08.May.15,35076.06,3507.6059999999998
415,200000416,Gordon,Lee,Male,46,Scotland,Blue Collar,08.May.15,64383.55,6438.3550000000005
416,200000417,Andrew,Murray,Male,37,Scotland,Blue Collar,08.May.15,31821.23,3182.123
417,300000418,Christian,McLean,Male,44,Wales,White Collar,08.May.15,9667.85,966.7850000000001
418,400000419,Alison,Kerr,Female,25,Northern Ireland,Other,08.May.15,1905.46,190.54600000000002
419,100000420,Samantha,Mackenzie,Female,32,England,White Collar,09.May.15,4285.6,428.56000000000006
420,100000421,Kimberly,Wallace,Female,30,England,Other,09.May.15,5357.39,535.739
421,100000422,Brian,Simpson,Male,35,England,White Collar,09.May.15,8245.73,824.573
422,100000423,Wendy,Metcalfe,Female,27,England,White Collar,09.May.15,60406.61,6040.661
423,200000424,Keith,Ogden,Male,53,Scotland,Blue Collar,09.May.15,67540.82,6754.082000000001
424,200000425,Joshua,Ince,Male,45,Scotland,Other,09.May.15,34870.84,3487.084
425,200000426,Andrew,Jackson,Male,55,Scotland,Blue Collar,09.May.15,40918.44,4091.8440000000005
426,300000427,Dominic,Welch,Male,24,Wales,White Collar,09.May.15,65526.26,6552.626
427,300000428,Diana,Bower,Female,49,Wales,White Collar,09.May.15,20738.67,2073.8669999999997
428,300000429,Trevor,Reid,Male,37,Wales,Other,09.May.15,34401.95,3440.1949999999997
429,300000430,Amy,Welch,Female,26,Wales,White Collar,09.May.15,20774.79,2077.4790000000003
430,400000431,Jan,Avery,Female,29,Northern Ireland,White Collar,09.May.15,743.29,74.329
431,400000432,Abigail,Poole,Female,29,Northern Ireland,Other,09.May.15,4287.78,428.778
432,400000433,Rose,Robertson,Female,27,Northern Ireland,White Collar,09.May.15,23871.79,2387.179
433,400000434,Penelope,Paterson,Female,27,Northern Ireland,Other,09.May.15,2437.23,243.723
434,100000435,Isaac,Rutherford,Male,35,England,White Collar,10.May.15,15042.08,1504.208
435,100000436,Bella,Hemmings,Female,24,England,Other,10.May.15,77908.67,7790.867
436,100000437,Sean,Sanderson,Male,31,England,Blue Collar,10.May.15,6459.02,645.902
437,200000438,Colin,Howard,Male,60,Scotland,White Collar,10.May.15,1860.46,186.04600000000002
438,300000439,Tim,Miller,Male,26,Wales,Blue Collar,10.May.15,3209.28,320.92800000000005
439,300000440,Sally,Mitchell,Female,23,Wales,White Collar,10.May.15,32658.92,3265.892
440,400000441,Amy,Murray,Female,21,Northern Ireland,Blue Collar,10.May.15,60338.07,6033.807000000001
441,400000442,Dorothy,Duncan,Female,33,Northern Ireland,Other,10.May.15,72810.9,7281.09
442,100000443,Justin,Hodges,Male,27,England,White Collar,11.May.15,107287.71,10728.771
443,100000444,Melanie,Nash,Female,41,England,Blue Collar,11.May.15,18907.19,1890.719
444,100000445,Rose,Hodges,Female,43,England,White Collar,11.May.15,44996.7,4499.67
445,100000446,Christian,Abraham,Male,37,England,White Collar,11.May.15,66791.82,6679.182000000001
446,200000447,Neil,Coleman,Male,33,Scotland,Blue Collar,11.May.15,76071.15,7607.115
447,200000448,Evan,Hart,Male,41,Scotland,Blue Collar,11.May.15,21536.61,2153.661
448,400000449,Edward,Buckland,Male,30,Northern Ireland,White Collar,11.May.15,41273.45,4127.345
449,400000450,Jake,Cornish,Male,39,Northern Ireland,Blue Collar,11.May.15,2838.91,283.891
450,100000451,Tracey,Thomson,Female,36,England,Blue Collar,12.May.15,10303.92,1030.392
451,100000452,Peter,Quinn,Male,40,England,White Collar,12.May.15,15488.15,1548.815
452,100000453,Kimberly,Clark,Female,23,England,White Collar,12.May.15,17253.97,1725.3970000000002
453,100000454,Edward,Hart,Male,26,England,Other,12.May.15,22143.77,2214.377
454,100000455,Eric,Henderson,Male,35,England,Blue Collar,12.May.15,1760.36,176.036
455,100000456,Amanda,Ball,Female,51,England,White Collar,12.May.15,28034.11,2803.411
456,200000457,Samantha,Mackay,Female,48,Scotland,Blue Collar,12.May.15,18739.74,1873.9740000000002
457,200000458,Lucas,Tucker,Male,59,Scotland,Blue Collar,12.May.15,34640.4,3464.0400000000004
458,200000459,Charles,Brown,Male,43,Scotland,Other,12.May.15,57551.21,5755.121
459,200000460,Olivia,Turner,Female,54,Scotland,Other,12.May.15,18720.84,1872.084
460,200000461,Alan,Grant,Male,52,Scotland,White Collar,12.May.15,29971.21,2997.121
461,200000462,Paul,Martin,Male,52,Scotland,Other,12.May.15,6967.51,696.7510000000001
462,200000463,Paul,Reid,Male,46,Scotland,Blue Collar,12.May.15,131848.63,13184.863000000001
463,200000464,Adam,Dyer,Male,57,Scotland,Blue Collar,12.May.15,26601.44,2660.1440000000002
464,200000465,Una,Lawrence,Female,42,Scotland,Other,12.May.15,48457.47,4845.747
465,300000466,Amy,Davies,Female,39,Wales,White Collar,12.May.15,83260.18,8326.018
466,300000467,Angela,Morrison,Female,20,Wales,Other,12.May.15,1291.01,129.101
467,300000468,Jasmine,Allan,Female,45,Wales,Other,12.May.15,64149.12,6414.912
468,300000469,Peter,Parsons,Male,38,Wales,Blue Collar,12.May.15,64271.06,6427.106
469,400000470,James,White,Male,27,Northern Ireland,White Collar,12.May.15,14890.26,1489.026
470,400000471,Joan,Blake,Female,35,Northern Ireland,White Collar,12.May.15,27867.83,2786.7830000000004
471,400000472,Gabrielle,Hardacre,Female,23,Northern Ireland,Other,12.May.15,58442.19,5844.219000000001
472,400000473,James,Kerr,Male,32,Northern Ireland,Other,12.May.15,36854.57,3685.4570000000003
473,400000474,Harry,Peake,Male,33,Northern Ireland,White Collar,12.May.15,66642.91,6664.291000000001
474,100000475,Kevin,James,Male,37,England,White Collar,13.May.15,101697.71,10169.771
475,100000476,Donna,Robertson,Female,33,England,White Collar,13.May.15,30862.64,3086.264
476,100000477,Chloe,MacLeod,Female,31,England,White Collar,13.May.15,36911.96,3691.196
477,100000478,Bernadette,Forsyth,Female,33,England,White Collar,13.May.15,9069.47,906.947
478,200000479,Connor,MacLeod,Male,43,Scotland,Other,13.May.15,41525.24,4152.524
479,200000480,Harry,Reid,Male,45,Scotland,Blue Collar,13.May.15,25671.22,2567.1220000000003
480,200000481,Joan,Gray,Female,48,Scotland,Blue Collar,13.May.15,74211.7,7421.17
481,200000482,Justin,Graham,Male,53,Scotland,White Collar,13.May.15,19032.02,1903.2020000000002
482,200000483,Anthony,Gill,Male,47,Scotland,Other,13.May.15,18970.24,1897.0240000000003
483,200000484,Ian,Morrison,Male,39,Scotland,Blue Collar,13.May.15,6572.36,657.236
484,200000485,Alan,Murray,Male,54,Scotland,White Collar,13.May.15,72492.49,7249.249000000001
485,200000486,Leonard,Churchill,Male,53,Scotland,Blue Collar,13.May.15,19641.85,1964.185
486,300000487,Heather,Ross,Female,19,Wales,White Collar,13.May.15,30972.98,3097.2980000000002
487,400000488,Sue,Morrison,Female,35,Northern Ireland,Other,13.May.15,38769.69,3876.9690000000005
488,100000489,Kevin,Wright,Male,41,England,White Collar,14.May.15,80877.94,8087.794000000001
489,200000490,Abigail,Fisher,Female,58,Scotland,Other,14.May.15,71689.7,7168.97
490,200000491,Piers,Jones,Male,46,Scotland,Blue Collar,14.May.15,14557.62,1455.7620000000002
491,200000492,Julian,Langdon,Male,50,Scotland,Blue Collar,14.May.15,18144.44,1814.444
492,200000493,Jacob,Forsyth,Male,49,Scotland,Blue Collar,14.May.15,127883.17,12788.317000000001
493,300000494,Jonathan,White,Male,41,Wales,White Collar,14.May.15,74390.3,7439.030000000001
494,300000495,Stephen,Poole,Male,40,Wales,White Collar,14.May.15,8257.16,825.716
495,300000496,Julia,Chapman,Female,41,Wales,Other,14.May.15,21688.92,2168.892
496,400000497,Anna,Chapman,Female,26,Northern Ireland,White Collar,14.May.15,5789.63,578.9630000000001
497,100000498,Emma,Lewis,Female,37,England,Blue Collar,15.May.15,9178.75,917.875
498,100000499,Deirdre,Greene,Female,42,England,Other,15.May.15,36354.73,3635.4730000000004
499,100000500,Grace,Stewart,Female,32,England,Other,15.May.15,44609.05,4460.905000000001
500,100000501,Victoria,Johnston,Female,42,England,White Collar,15.May.15,47360.61,4736.061000000001
501,100000502,Pippa,Johnston,Female,18,England,White Collar,15.May.15,58142.21,5814.2210000000005
502,200000503,Warren,Lyman,Male,51,Scotland,Blue Collar,15.May.15,920.31,92.031
503,200000504,Jason,Lyman,Male,51,Scotland,White Collar,15.May.15,16320.71,1632.071
504,200000505,Brandon,Peake,Male,42,Scotland,Blue Collar,15.May.15,35821.21,3582.121
505,200000506,Harry,Payne,Male,53,Scotland,Blue Collar,15.May.15,15708.72,1570.872
506,200000507,Isaac,Gill,Male,51,Scotland,Blue Collar,15.May.15,85973.68,8597.368
507,200000508,Bella,Gibson,Female,47,Scotland,Other,15.May.15,15438.53,1543.853
508,300000509,Wendy,Rampling,Female,31,Wales,White Collar,15.May.15,54685.83,5468.5830000000005
509,300000510,Peter,Scott,Male,27,Wales,White Collar,15.May.15,36638.21,3663.821
510,300000511,Felicity,Wallace,Female,51,Wales,Blue Collar,15.May.15,40918.08,4091.8080000000004
511,300000512,Jasmine,Marshall,Female,57,Wales,White Collar,15.May.15,45944.18,4594.418000000001
512,400000513,Amy,Wilkins,Female,20,Northern Ireland,Other,15.May.15,4672.75,467.27500000000003
513,400000514,Michael,Henderson,Male,35,Northern Ireland,Other,15.May.15,63602.12,6360.212
514,400000515,Amanda,Mackenzie,Female,26,Northern Ireland,White Collar,15.May.15,93357.28,9335.728000000001
515,400000516,Hannah,Oliver,Female,29,Northern Ireland,Other,15.May.15,23358.95,2335.895
516,400000517,Carol,Rutherford,Female,37,Northern Ireland,Other,15.May.15,6456.6,645.6600000000001
517,100000518,Penelope,Metcalfe,Female,35,England,Blue Collar,16.May.15,64233.87,6423.387000000001
518,100000519,Alexander,Duncan,Male,19,England,White Collar,16.May.15,70407.91,7040.791000000001
519,100000520,Joan,Clarkson,Female,42,England,White Collar,16.May.15,29385.08,2938.5080000000003
520,100000521,Sonia,Vance,Female,23,England,Blue Collar,16.May.15,27124.28,2712.428
521,200000522,Benjamin,Sutherland,Male,41,Scotland,White Collar,16.May.15,33345.11,3334.5110000000004
522,200000523,Adam,Gill,Male,50,Scotland,Blue Collar,16.May.15,92328.66,9232.866
523,300000524,Brandon,Clark,Male,31,Wales,White Collar,16.May.15,145995.97,14599.597000000002
524,300000525,Luke,Mathis,Male,23,Wales,Blue Collar,16.May.15,56584.82,5658.482
525,300000526,Yvonne,Metcalfe,Female,40,Wales,Other,16.May.15,57702.39,5770.2390000000005
526,300000527,Mary,Stewart,Female,32,Wales,White Collar,16.May.15,43353.84,4335.384
527,300000528,Victoria,Welch,Female,30,Wales,Other,16.May.15,34170.61,3417.061
528,300000529,Amelia,Nolan,Female,24,Wales,White Collar,16.May.15,51952.49,5195.249
529,300000530,Chloe,Hill,Female,36,Wales,White Collar,16.May.15,73513.79,7351.379
530,300000531,Felicity,Vaughan,Female,23,Wales,White Collar,16.May.15,51109.71,5110.9710000000005
531,200000532,Frank,Parr,Male,53,Scotland,Blue Collar,17.May.15,9531.85,953.1850000000001
532,200000533,Abigail,Gibson,Female,56,Scotland,Other,17.May.15,20740.75,2074.0750000000003
533,200000534,Sebastian,Thomson,Male,62,Scotland,Blue Collar,17.May.15,6273.93,627.393
534,200000535,Ryan,Marshall,Male,46,Scotland,Blue Collar,17.May.15,399.51,39.951
535,200000536,Simon,Brown,Male,47,Scotland,Blue Collar,17.May.15,18486.67,1848.667
536,200000537,Rebecca,Simpson,Female,50,Scotland,Other,17.May.15,12726.77,1272.6770000000001
537,200000538,Robert,Burgess,Male,44,Scotland,Blue Collar,17.May.15,61035.44,6103.544000000001
538,300000539,Julia,Allan,Female,23,Wales,Blue Collar,17.May.15,80752.64,8075.264
539,400000540,Fiona,Baker,Female,31,Northern Ireland,Other,17.May.15,121133.06,12113.306
540,400000541,Victoria,Kerr,Female,30,Northern Ireland,Blue Collar,17.May.15,6133.35,613.335
541,100000542,Anne,Sharp,Female,31,England,White Collar,18.May.15,57538.47,5753.847000000001
542,100000543,Chloe,Dickens,Female,35,England,White Collar,18.May.15,46422.42,4642.242
543,100000544,Ian,Ince,Male,29,England,White Collar,18.May.15,73217.9,7321.79
544,100000545,Julia,Ellison,Female,36,England,Blue Collar,18.May.15,88072.23,8807.223
545,100000546,Donna,Johnston,Female,24,England,Blue Collar,18.May.15,10816.33,1081.633
546,100000547,Sue,Baker,Female,40,England,White Collar,18.May.15,7924.91,792.491
547,200000548,Emily,King,Female,63,Scotland,Other,18.May.15,10013.03,1001.3030000000001
548,200000549,Frank,Poole,Male,55,Scotland,Other,18.May.15,35657.25,3565.7250000000004
549,300000550,Fiona,Young,Female,34,Wales,Blue Collar,18.May.15,2872.93,287.293
550,300000551,Cameron,Knox,Male,35,Wales,Other,18.May.15,7709.87,770.9870000000001
551,300000552,Bernadette,Ferguson,Female,38,Wales,White Collar,18.May.15,40078.58,4007.858
552,300000553,Zoe,Ferguson,Female,33,Wales,Blue Collar,18.May.15,53715.28,5371.528
553,400000554,Carol,Marshall,Female,26,Northern Ireland,Other,18.May.15,32940.49,3294.049
554,400000555,Zoe,Murray,Female,38,Northern Ireland,Other,18.May.15,14606.14,1460.614
555,400000556,Irene,Oliver,Female,38,Northern Ireland,Other,18.May.15,28388.7,2838.8700000000003
556,400000557,Lisa,Buckland,Female,23,Northern Ireland,Other,18.May.15,21191.04,2119.1040000000003
557,100000558,Jan,Sanderson,Female,42,England,Other,19.May.15,26577.07,2657.7070000000003
558,100000559,Grace,Mills,Female,34,England,White Collar,19.May.15,15376.5,1537.65
559,100000560,Jacob,King,Male,34,England,Other,19.May.15,46243.31,4624.331
560,100000561,Lillian,Metcalfe,Female,30,England,White Collar,19.May.15,65904.54,6590.454
561,100000562,Brandon,MacDonald,Male,27,England,White Collar,19.May.15,23502.2,2350.2200000000003
562,100000563,Joanne,Mackenzie,Female,52,England,Blue Collar,19.May.15,76378.23,7637.823
563,100000564,Leonard,Paige,Male,27,England,White Collar,19.May.15,12420.86,1242.0860000000002
564,100000565,Grace,Scott,Female,31,England,Other,19.May.15,21282.52,2128.252
565,100000566,Diane,Berry,Female,36,England,White Collar,19.May.15,7483.28,748.328
566,100000567,Alison,James,Female,26,England,White Collar,19.May.15,27284.36,2728.436
567,100000568,Oliver,Hudson,Male,35,England,White Collar,19.May.15,66567.28,6656.728
568,100000569,Gabrielle,Skinner,Female,39,England,White Collar,19.May.15,73357.86,7335.786
569,100000570,Nicola,Hill,Female,34,England,Other,19.May.15,35679.31,3567.931
570,100000571,Connor,Harris,Male,31,England,White Collar,19.May.15,79744.7,7974.47
571,100000572,David,Stewart,Male,51,England,White Collar,19.May.15,72742.52,7274.252
572,100000573,Sam,Howard,Male,35,England,White Collar,19.May.15,45176.14,4517.6140000000005
573,100000574,Dylan,Marshall,Male,25,England,Other,19.May.15,8518.46,851.846
574,100000575,Michael,Davidson,Male,20,England,White Collar,19.May.15,3115.49,311.549
575,100000576,Madeleine,Hamilton,Female,26,England,White Collar,19.May.15,55006.43,5500.643
576,100000577,Yvonne,Randall,Female,43,England,Other,19.May.15,82248.75,8224.875
577,100000578,Nathan,Davidson,Male,33,England,Blue Collar,19.May.15,126150.99,12615.099000000002
578,200000579,James,Glover,Male,47,Scotland,Other,19.May.15,44263.92,4426.392
579,200000580,Charles,Arnold,Male,52,Scotland,Other,19.May.15,22436.69,2243.669
580,200000581,Alexander,Hill,Male,46,Scotland,Blue Collar,19.May.15,14605.89,1460.589
581,200000582,Rebecca,Clarkson,Female,42,Scotland,Blue Collar,19.May.15,24087.99,2408.7990000000004
582,200000583,Joanne,Mills,Female,56,Scotland,Other,19.May.15,46034.1,4603.41
583,200000584,Alan,Metcalfe,Male,44,Scotland,Blue Collar,19.May.15,60464.54,6046.454000000001
584,200000585,Julian,Russell,Male,58,Scotland,Other,19.May.15,54739.91,5473.991000000001
585,200000586,Dylan,Piper,Male,44,Scotland,Blue Collar,19.May.15,6498.08,649.808
586,200000587,Sebastian,Forsyth,Male,51,Scotland,Blue Collar,19.May.15,43526.55,4352.655000000001
587,200000588,Sean,Dyer,Male,46,Scotland,Blue Collar,19.May.15,26094.73,2609.473
588,200000589,David,Cameron,Male,43,Scotland,Blue Collar,19.May.15,64483.09,6448.309
589,200000590,Stephen,Fisher,Male,53,Scotland,Blue Collar,19.May.15,35898.96,3589.896
590,200000591,Christian,Edmunds,Male,41,Scotland,Blue Collar,19.May.15,52388.41,5238.841
591,300000592,Diana,Martin,Female,27,Wales,White Collar,19.May.15,98541.75,9854.175000000001
592,300000593,Amanda,Simpson,Female,33,Wales,Other,19.May.15,33373.82,3337.382
593,300000594,Joan,Randall,Female,39,Wales,White Collar,19.May.15,40637.13,4063.7129999999997
594,300000595,Joe,Ogden,Male,34,Wales,Blue Collar,19.May.15,61421.55,6142.155000000001
595,300000596,Lillian,Kerr,Female,36,Wales,White Collar,19.May.15,56989.79,5698.979
596,300000597,Julian,Lyman,Male,36,Wales,White Collar,19.May.15,60084.51,6008.451000000001
597,300000598,Blake,MacDonald,Male,39,Wales,Blue Collar,19.May.15,51333.22,5133.322
598,300000599,Victoria,Forsyth,Female,33,Wales,White Collar,19.May.15,1790.25,179.025
599,400000600,Nicola,Graham,Female,24,Northern Ireland,Other,19.May.15,33611.35,3361.135
600,400000601,Blake,Anderson,Male,32,Northern Ireland,Blue Collar,19.May.15,30923.45,3092.3450000000003
601,400000602,Molly,Hart,Female,24,Northern Ireland,White Collar,19.May.15,63070.39,6307.039000000001
602,100000603,Jane,Walker,Female,31,England,White Collar,20.May.15,41203.42,4120.342
603,100000604,Angela,Short,Female,31,England,White Collar,20.May.15,21890.47,2189.047
604,100000605,Jasmine,Wilkins,Female,45,England,White Collar,20.May.15,74637.96,7463.796000000001
605,100000606,Ruth,Mackenzie,Female,42,England,White Collar,20.May.15,4252.16,425.216
606,200000607,Brian,Arnold,Male,45,Scotland,White Collar,20.May.15,10273.77,1027.3770000000002
607,200000608,Adrian,Wright,Male,44,Scotland,Other,20.May.15,9061.01,906.1010000000001
608,200000609,Leonard,Brown,Male,58,Scotland,Other,20.May.15,86041.55,8604.155
609,200000610,Ian,Walsh,Male,52,Scotland,Blue Collar,20.May.15,96808.76,9680.876
610,300000611,Nicola,Paige,Female,36,Wales,Blue Collar,20.May.15,26783.44,2678.344
611,300000612,Emily,Ince,Female,24,Wales,White Collar,20.May.15,16637.73,1663.7730000000001
612,300000613,Paul,Ellison,Male,31,Wales,White Collar,20.May.15,34008.59,3400.859
613,300000614,Jennifer,Skinner,Female,38,Wales,Blue Collar,20.May.15,27842.1,2784.21
614,300000615,Penelope,Grant,Female,42,Wales,Other,20.May.15,24020.29,2402.029
615,100000616,Alison,Cornish,Female,40,England,White Collar,21.May.15,22671.13,2267.1130000000003
616,100000617,Evan,Metcalfe,Male,32,England,Blue Collar,21.May.15,4576.45,457.645
617,100000618,Andrew,Wright,Male,42,England,White Collar,21.May.15,16236.11,1623.611
618,200000619,Alexander,Abraham,Male,49,Scotland,Blue Collar,21.May.15,32144.44,3214.444
619,200000620,Simon,Slater,Male,51,Scotland,Blue Collar,21.May.15,54343.81,5434.381
620,200000621,Andrew,Hill,Male,51,Scotland,Blue Collar,21.May.15,60857.23,6085.723000000001
621,200000622,Christopher,Randall,Male,49,Scotland,White Collar,21.May.15,68252.3,6825.2300000000005
622,200000623,Brian,Mitchell,Male,53,Scotland,Other,21.May.15,110688.19,11068.819000000001
623,300000624,Tim,Paterson,Male,40,Wales,Blue Collar,21.May.15,34324.69,3432.4690000000005
624,400000625,Eric,Oliver,Male,22,Northern Ireland,White Collar,21.May.15,10472.49,1047.249
625,100000626,Lily,Hudson,Female,36,England,White Collar,22.May.15,27754.62,2775.462
626,100000627,Brian,Slater,Male,44,England,White Collar,22.May.15,94471.86,9447.186
627,100000628,Rose,Davies,Female,33,England,White Collar,22.May.15,22387.4,2238.7400000000002
628,200000629,Benjamin,McDonald,Male,48,Scotland,Other,22.May.15,8114.82,811.482
629,200000630,Sam,Powell,Male,51,Scotland,Blue Collar,22.May.15,126331.75,12633.175000000001
630,200000631,Sean,Lyman,Male,57,Scotland,Blue Collar,22.May.15,50454.73,5045.473000000001
631,200000632,Nicholas,Allan,Male,64,Scotland,Blue Collar,22.May.15,15909.96,1590.996
632,300000633,Piers,Miller,Male,42,Wales,White Collar,22.May.15,39588.61,3958.8610000000003
633,300000634,Heather,Mackay,Female,50,Wales,White Collar,22.May.15,57622.79,5762.279
634,300000635,Kimberly,Walsh,Female,34,Wales,White Collar,22.May.15,48381.35,4838.135
635,300000636,Elizabeth,McDonald,Female,30,Wales,White Collar,22.May.15,20276.08,2027.6080000000002
636,300000637,Carolyn,Mills,Female,40,Wales,White Collar,22.May.15,18379.01,1837.9009999999998
637,400000638,Irene,Gill,Female,46,Northern Ireland,Blue Collar,22.May.15,22906.99,2290.699
638,400000639,Peter,Miller,Male,28,Northern Ireland,White Collar,22.May.15,146569.77,14656.976999999999
639,100000640,David,Arnold,Male,38,England,Blue Collar,23.May.15,47824.63,4782.463
640,100000641,Amanda,Payne,Female,38,England,Other,23.May.15,30788.33,3078.8330000000005
641,100000642,Eric,Wilson,Male,29,England,Blue Collar,23.May.15,62631.04,6263.104
642,100000643,Alison,Parsons,Female,32,England,Other,23.May.15,79617.5,7961.75
643,200000644,Tim,Marshall,Male,48,Scotland,Blue Collar,23.May.15,9997.81,999.781
644,200000645,Joan,Abraham,Female,47,Scotland,Other,23.May.15,19366.89,1936.689
645,200000646,Liam,Rutherford,Male,50,Scotland,Blue Collar,23.May.15,70840.07,7084.007000000001
646,200000647,Liam,Wright,Male,50,Scotland,Other,23.May.15,48457.18,4845.718
647,200000648,Gavin,Martin,Male,52,Scotland,Blue Collar,23.May.15,49590.89,4959.089
648,200000649,Isaac,Quinn,Male,53,Scotland,Blue Collar,23.May.15,33269.35,3326.935
649,300000650,Abigail,Short,Female,26,Wales,Blue Collar,23.May.15,39944.64,3994.464
650,300000651,Una,Jones,Female,46,Wales,White Collar,23.May.15,30255.26,3025.526
651,300000652,Chloe,Forsyth,Female,34,Wales,White Collar,23.May.15,28272.45,2827.2450000000003
652,400000653,Sam,Campbell,Male,35,Northern Ireland,White Collar,23.May.15,11638.39,1163.839
653,400000654,Simon,Lawrence,Male,25,Northern Ireland,Other,23.May.15,354.04,35.404
654,100000655,Brandon,Walsh,Male,30,England,White Collar,24.May.15,18150.13,1815.0130000000001
655,100000656,Dylan,Smith,Male,32,England,Other,24.May.15,52580.7,5258.07
656,100000657,Emily,Reid,Female,48,England,White Collar,24.May.15,26493.26,2649.326
657,200000658,John,Payne,Male,45,Scotland,Other,24.May.15,16824.6,1682.46
658,200000659,Stewart,Poole,Male,52,Scotland,Blue Collar,24.May.15,16849.99,1684.9990000000003
659,200000660,Keith,Parr,Male,53,Scotland,Blue Collar,24.May.15,66329.8,6632.9800000000005
660,200000661,Lucas,Abraham,Male,51,Scotland,Blue Collar,24.May.15,25861.3,2586.13
661,200000662,Trevor,Skinner,Male,48,Scotland,Blue Collar,24.May.15,29501.46,2950.146
662,200000663,Leonard,Jackson,Male,52,Scotland,Other,24.May.15,58470.37,5847.037
663,200000664,Harry,Hodges,Male,38,Scotland,White Collar,24.May.15,39702.17,3970.217
664,200000665,Edward,Turner,Male,48,Scotland,Other,24.May.15,19419.68,1941.968
665,300000666,Alan,Forsyth,Male,35,Wales,Blue Collar,24.May.15,38041.18,3804.1180000000004
666,300000667,Richard,Watson,Male,35,Wales,White Collar,24.May.15,83727.16,8372.716
667,300000668,Anthony,Ellison,Male,33,Wales,White Collar,24.May.15,42548.69,4254.869000000001
668,200000669,Jake,Rutherford,Male,52,Scotland,Blue Collar,25.May.15,83902.83,8390.283000000001
669,200000670,Richard,Carr,Male,42,Scotland,Blue Collar,25.May.15,65655.36,6565.536
670,200000671,Carolyn,Arnold,Female,61,Scotland,Other,25.May.15,8367.59,836.759
671,200000672,Audrey,Ince,Female,59,Scotland,Other,25.May.15,24075.18,2407.518
672,200000673,Cameron,Dyer,Male,53,Scotland,Other,25.May.15,71478.63,7147.863000000001
673,200000674,William,Lyman,Male,55,Scotland,Blue Collar,25.May.15,32611.26,3261.126
674,300000675,Matt,Davies,Male,26,Wales,Blue Collar,25.May.15,11076.52,1107.652
675,400000676,Andrea,Nolan,Female,22,Northern Ireland,Other,25.May.15,30117.88,3011.7880000000005
676,100000677,Dominic,Langdon,Male,41,England,White Collar,26.May.15,24558.98,2455.898
677,100000678,Victoria,Thomson,Female,25,England,White Collar,26.May.15,926.29,92.629
678,100000679,Yvonne,Lambert,Female,29,England,White Collar,26.May.15,15392.76,1539.276
679,100000680,Ruth,Short,Female,40,England,Blue Collar,26.May.15,76093.12,7609.312
680,200000681,Maria,Welch,Female,52,Scotland,Other,26.May.15,17999.17,1799.917
681,200000682,Oliver,Paterson,Male,37,Scotland,Other,26.May.15,66522.71,6652.271000000001
682,200000683,Piers,Gray,Male,60,Scotland,Blue Collar,26.May.15,13764.72,1376.472
683,200000684,Leonard,Nash,Male,23,Scotland,Blue Collar,26.May.15,57918.09,5791.809
684,300000685,Caroline,Ross,Female,42,Wales,Blue Collar,26.May.15,30630.24,3063.0240000000003
685,300000686,Stephen,Taylor,Male,34,Wales,Blue Collar,26.May.15,84898.38,8489.838000000002
686,300000687,Tim,Vance,Male,36,Wales,Other,26.May.15,401.13,40.113
687,300000688,Wendy,Piper,Female,33,Wales,White Collar,26.May.15,35636.26,3563.626
688,300000689,Warren,Ferguson,Male,33,Wales,White Collar,26.May.15,31308.46,3130.846
689,400000690,Bernadette,Duncan,Female,42,Northern Ireland,Other,26.May.15,96028.9,9602.89
690,400000691,Jacob,Clarkson,Male,18,Northern Ireland,White Collar,26.May.15,38879.77,3887.977
691,400000692,Hannah,Hudson,Female,34,Northern Ireland,Other,26.May.15,121806.79,12180.679
692,100000693,Kevin,Glover,Male,32,England,White Collar,27.May.15,10926.7,1092.67
693,100000694,Michael,Cameron,Male,29,England,White Collar,27.May.15,20969.32,2096.9320000000002
694,100000695,Penelope,Forsyth,Female,45,England,White Collar,27.May.15,79000.32,7900.032000000001
695,200000696,Benjamin,James,Male,44,Scotland,Other,27.May.15,30742.33,3074.233
696,200000697,Paul,Wright,Male,45,Scotland,Other,27.May.15,74230.68,7423.067999999999
697,200000698,Jacob,Sharp,Male,45,Scotland,Blue Collar,27.May.15,53086.19,5308.619000000001
698,200000699,Jason,Cameron,Male,60,Scotland,Other,27.May.15,49081.5,4908.150000000001
699,200000700,Sam,Ball,Male,58,Scotland,Blue Collar,27.May.15,61365.17,6136.517
700,200000701,Joshua,Wilson,Male,48,Scotland,Other,27.May.15,17261.5,1726.15
701,300000702,Diane,Underwood,Female,31,Wales,White Collar,27.May.15,56873.89,5687.389
702,300000703,Diana,Hodges,Female,34,Wales,White Collar,27.May.15,24796.57,2479.657
703,300000704,Bernadette,Cornish,Female,40,Wales,White Collar,27.May.15,22691.31,2269.1310000000003
704,300000705,Joshua,Coleman,Male,34,Wales,White Collar,27.May.15,20385.54,2038.554
705,400000706,Samantha,Mills,Female,28,Northern Ireland,White Collar,27.May.15,34535.68,3453.568
706,100000707,David,Graham,Male,29,England,White Collar,28.May.15,74862.98,7486.298
707,100000708,Jan,Roberts,Female,32,England,White Collar,28.May.15,76517.17,7651.717000000001
708,100000709,Angela,Lawrence,Female,38,England,White Collar,28.May.15,18169.19,1816.9189999999999
709,100000710,Julia,Harris,Female,39,England,White Collar,28.May.15,52102.28,5210.228
710,200000711,Kylie,Skinner,Female,53,Scotland,Other,28.May.15,82160.5,8216.050000000001
711,200000712,Gordon,Simpson,Male,54,Scotland,Blue Collar,28.May.15,87050.11,8705.011
712,200000713,Liam,Greene,Male,54,Scotland,Blue Collar,28.May.15,55163.34,5516.334
713,200000714,Ian,Manning,Male,45,Scotland,Other,28.May.15,15444.28,1544.428
714,200000715,Sebastian,Mackenzie,Male,56,Scotland,Blue Collar,28.May.15,20747.04,2074.704
715,200000716,Theresa,Fraser,Female,59,Scotland,White Collar,28.May.15,44129.74,4412.974
716,300000717,Anne,Allan,Female,30,Wales,White Collar,28.May.15,16103.61,1610.361
717,300000718,Colin,Hill,Male,32,Wales,White Collar,28.May.15,37564.21,3756.4210000000003
718,300000719,Sebastian,North,Male,32,Wales,White Collar,28.May.15,88416.84,8841.684
719,400000720,William,Grant,Male,26,Northern Ireland,White Collar,28.May.15,988.73,98.873
720,400000721,James,Dowd,Male,33,Northern Ireland,White Collar,28.May.15,93525.03,9352.503
721,100000722,Katherine,Paterson,Female,36,England,White Collar,29.May.15,51542.67,5154.267
722,100000723,Justin,Campbell,Male,43,England,White Collar,29.May.15,39923.4,3992.34
723,100000724,Una,Blake,Female,41,England,White Collar,29.May.15,3786.28,378.62800000000004
724,200000725,Kevin,Hudson,Male,59,Scotland,Blue Collar,29.May.15,25916.21,2591.621
725,200000726,Peter,Chapman,Male,43,Scotland,Other,29.May.15,2362.16,236.216
726,200000727,Steven,Jackson,Male,53,Scotland,Other,29.May.15,44740.65,4474.0650000000005
727,200000728,John,Buckland,Male,63,Scotland,Other,29.May.15,23026.64,2302.664
728,300000729,James,Quinn,Male,34,Wales,Blue Collar,29.May.15,61450.2,6145.02
729,300000730,Nicola,Howard,Female,33,Wales,White Collar,29.May.15,83889.98,8388.998
730,300000731,Warren,Ince,Male,31,Wales,White Collar,29.May.15,63986.32,6398.6320000000005
731,300000732,Joshua,MacLeod,Male,40,Wales,Blue Collar,29.May.15,19438.99,1943.8990000000003
732,300000733,Peter,Henderson,Male,47,Wales,Blue Collar,29.May.15,8395.45,839.5450000000001
733,300000734,Sarah,Murray,Female,45,Wales,White Collar,29.May.15,16542.71,1654.271
734,300000735,John,Anderson,Male,28,Wales,Other,29.May.15,18064.46,1806.446
735,300000736,Anne,Butler,Female,33,Wales,Blue Collar,29.May.15,33670.19,3367.0190000000002
736,400000737,Katherine,Clark,Female,38,Northern Ireland,Other,29.May.15,41266.87,4126.687000000001
737,400000738,Natalie,Tucker,Female,20,Northern Ireland,Other,29.May.15,25398.03,2539.803
738,400000739,Yvonne,Bower,Female,31,Northern Ireland,Other,29.May.15,34515.67,3451.567
739,400000740,Michael,Hamilton,Male,29,Northern Ireland,Blue Collar,29.May.15,56838.19,5683.819
740,400000741,Fiona,Rees,Female,38,Northern Ireland,Other,29.May.15,7828.3,782.83
741,100000742,Brandon,Churchill,Male,34,England,White Collar,30.May.15,44552.66,4455.2660000000005
742,100000743,Jan,Underwood,Female,47,England,Other,30.May.15,83088.67,8308.867
743,100000744,Ruth,Ince,Female,38,England,White Collar,30.May.15,15989.89,1598.989
744,100000745,Victor,Wilson,Male,46,England,White Collar,30.May.15,47074.94,4707.494000000001
745,100000746,Ava,Gibson,Female,34,England,Other,30.May.15,46037.55,4603.755
746,200000747,Peter,Gibson,Male,47,Scotland,Blue Collar,30.May.15,6187.55,618.7550000000001
747,200000748,Lucas,Graham,Male,51,Scotland,Blue Collar,30.May.15,17188.7,1718.8700000000001
748,200000749,Anthony,Quinn,Male,36,Scotland,Blue Collar,30.May.15,16694.22,1669.4220000000003
749,200000750,Anthony,Mackenzie,Male,43,Scotland,Other,30.May.15,12188.75,1218.875
750,200000751,Brian,Bond,Male,22,Scotland,Blue Collar,30.May.15,837.33,83.733
751,300000752,Melanie,Buckland,Female,35,Wales,White Collar,30.May.15,45887.56,4588.756
752,300000753,David,Mills,Male,34,Wales,Other,30.May.15,35449.82,3544.982
753,400000754,Emily,Clarkson,Female,25,Northern Ireland,Other,30.May.15,16380.24,1638.0240000000001
754,400000755,Angela,Oliver,Female,19,Northern Ireland,Other,30.May.15,4733.29,473.329
755,400000756,Joanne,May,Female,37,Northern Ireland,Other,30.May.15,81504.12,8150.412
756,400000757,Joanne,King,Female,45,Northern Ireland,Other,30.May.15,9490.02,949.0020000000001
757,400000758,Julia,McDonald,Female,26,Northern Ireland,White Collar,30.May.15,9406.12,940.6120000000001
758,400000759,Neil,James,Male,37,Northern Ireland,White Collar,30.May.15,47245.76,4724.576
759,100000760,Keith,Walker,Male,40,England,White Collar,31.May.15,919.39,91.93900000000001
760,100000761,Wendy,Hardacre,Female,38,England,White Collar,31.May.15,23848.8,2384.88
761,200000762,Andrea,Robertson,Female,52,Scotland,Other,31.May.15,44756.41,4475.6410000000005
762,200000763,William,Lyman,Male,46,Scotland,White Collar,31.May.15,46084.51,4608.451
763,200000764,Carl,Arnold,Male,48,Scotland,Other,31.May.15,137330.94,13733.094000000001
764,200000765,Paul,Baker,Male,44,Scotland,Blue Collar,31.May.15,5784.28,578.428
765,200000766,Keith,Ross,Male,45,Scotland,Blue Collar,31.May.15,85726.19,8572.619
766,300000767,Chloe,Bond,Female,34,Wales,White Collar,31.May.15,106555.59,10655.559000000001
767,300000768,Tracey,Clark,Female,39,Wales,Other,31.May.15,747.35,74.735
768,400000769,Jason,Walker,Male,24,Northern Ireland,White Collar,31.May.15,78004.29,7800.429
769,400000770,Bella,Vaughan,Female,22,Northern Ireland,White Collar,31.May.15,58585.68,5858.568
770,100000771,Joe,Short,Male,44,England,White Collar,01.Jun.15,15861.0,1586.1000000000001
771,100000772,Alexander,Anderson,Male,32,England,White Collar,01.Jun.15,97377.64,9737.764000000001
772,100000773,Austin,Lee,Male,45,England,Other,01.Jun.15,53554.5,5355.450000000001
773,200000774,Blake,Vance,Male,34,Scotland,Blue Collar,01.Jun.15,9347.83,934.783
774,200000775,Warren,Roberts,Male,37,Scotland,Blue Collar,01.Jun.15,69.01,6.901000000000001
775,300000776,Connor,Nolan,Male,32,Wales,Other,01.Jun.15,62131.4,6213.14
776,300000777,Jasmine,Lee,Female,22,Wales,White Collar,01.Jun.15,47414.52,4741.452
777,300000778,Christopher,McGrath,Male,28,Wales,Blue Collar,01.Jun.15,2511.02,251.102
778,300000779,Deirdre,Parsons,Female,36,Wales,White Collar,01.Jun.15,39797.91,3979.7910000000006
779,400000780,Victor,Quinn,Male,31,Northern Ireland,Blue Collar,01.Jun.15,96409.06,9640.906
780,100000781,Sonia,Welch,Female,32,England,Other,02.Jun.15,74530.06,7453.006
781,100000782,Penelope,Rampling,Female,31,England,White Collar,02.Jun.15,12994.54,1299.4540000000002
782,100000783,Christopher,Davies,Male,48,England,White Collar,02.Jun.15,9344.48,934.448
783,200000784,Dominic,Hart,Male,47,Scotland,Blue Collar,02.Jun.15,24930.12,2493.012
784,200000785,Joshua,Henderson,Male,53,Scotland,White Collar,02.Jun.15,25554.52,2555.452
785,300000786,Bernadette,Jackson,Female,36,Wales,Blue Collar,02.Jun.15,65364.64,6536.464
786,300000787,Neil,Sanderson,Male,38,Wales,Blue Collar,02.Jun.15,69471.06,6947.106
787,100000788,Kylie,Lawrence,Female,47,England,White Collar,03.Jun.15,39175.76,3917.5760000000005
788,100000789,Brian,Thomson,Male,22,England,White Collar,03.Jun.15,3932.55,393.25500000000005
789,100000790,Sonia,Hughes,Female,51,England,White Collar,03.Jun.15,10872.02,1087.202
790,200000791,Pippa,Walsh,Female,45,Scotland,White Collar,03.Jun.15,56216.25,5621.625
791,200000792,Victor,Mathis,Male,55,Scotland,Blue Collar,03.Jun.15,8441.89,844.189
792,200000793,Charles,McDonald,Male,47,Scotland,Other,03.Jun.15,17538.34,1753.834
793,300000794,Cameron,Alsop,Male,41,Wales,White Collar,03.Jun.15,132675.53,13267.553
794,400000795,Amanda,King,Female,31,Northern Ireland,Other,03.Jun.15,18645.55,1864.555
795,100000796,Tracey,Ogden,Female,28,England,White Collar,04.Jun.15,34796.83,3479.6830000000004
796,100000797,Penelope,Mackenzie,Female,29,England,Blue Collar,04.Jun.15,33338.42,3333.842
797,100000798,Karen,Tucker,Female,27,England,Other,04.Jun.15,8680.37,868.0370000000001
798,200000799,Leonard,Ogden,Male,45,Scotland,Blue Collar,04.Jun.15,62071.23,6207.1230000000005
799,200000800,Nathan,Vaughan,Male,39,Scotland,Blue Collar,04.Jun.15,27582.12,2758.212
800,200000801,Karen,MacDonald,Female,53,Scotland,White Collar,04.Jun.15,35865.54,3586.554
801,200000802,Eric,Slater,Male,54,Scotland,Other,04.Jun.15,8844.87,884.4870000000001
802,200000803,Jason,Clark,Male,49,Scotland,Blue Collar,04.Jun.15,56825.53,5682.553
803,200000804,Yvonne,Burgess,Female,46,Scotland,White Collar,04.Jun.15,34711.98,3471.1980000000003
804,200000805,John,Cameron,Male,52,Scotland,Other,04.Jun.15,17953.05,1795.305
805,100000806,Fiona,Allan,Female,39,England,White Collar,05.Jun.15,26507.93,2650.793
806,100000807,Gordon,May,Male,39,England,White Collar,05.Jun.15,68856.42,6885.642
807,100000808,Steven,Davidson,Male,41,England,White Collar,05.Jun.15,37768.87,3776.8870000000006
808,100000809,Dylan,Mathis,Male,29,England,White Collar,05.Jun.15,9644.68,964.4680000000001
809,200000810,Felicity,Wilkins,Female,48,Scotland,Other,05.Jun.15,58229.1,5822.91
810,200000811,Sonia,Peters,Female,52,Scotland,Other,05.Jun.15,45693.28,4569.328
811,300000812,Natalie,Wallace,Female,23,Wales,White Collar,05.Jun.15,46151.71,4615.171
812,300000813,Diane,Piper,Female,33,Wales,White Collar,05.Jun.15,91205.06,9120.506
813,300000814,James,Newman,Male,33,Wales,Other,05.Jun.15,1657.46,165.746
814,300000815,Pippa,Robertson,Female,29,Wales,White Collar,05.Jun.15,15006.48,1500.6480000000001
815,100000816,Cameron,Chapman,Male,45,England,White Collar,06.Jun.15,14279.24,1427.924
816,100000817,Melanie,Ogden,Female,34,England,White Collar,06.Jun.15,84823.05,8482.305
817,100000818,Tracey,Sharp,Female,47,England,White Collar,06.Jun.15,15879.06,1587.906
818,200000819,Katherine,Grant,Female,55,Scotland,Other,06.Jun.15,9885.69,988.5690000000001
819,200000820,Lucas,Walsh,Male,52,Scotland,Blue Collar,06.Jun.15,19187.18,1918.718
820,200000821,Charles,Underwood,Male,53,Scotland,Blue Collar,06.Jun.15,42226.31,4222.631
821,300000822,Leonard,Fisher,Male,34,Wales,Blue Collar,06.Jun.15,29527.41,2952.741
822,100000823,Trevor,Tucker,Male,36,England,Blue Collar,07.Jun.15,61120.3,6112.030000000001
823,100000824,Heather,Davies,Female,34,England,White Collar,07.Jun.15,22808.73,2280.873
824,100000825,Jason,Berry,Male,33,England,Other,07.Jun.15,27818.08,2781.8080000000004
825,100000826,Sean,Burgess,Male,35,England,White Collar,07.Jun.15,36442.3,3644.2300000000005
826,100000827,Amy,Buckland,Female,31,England,White Collar,07.Jun.15,71026.81,7102.6810000000005
827,200000828,Christopher,Langdon,Male,45,Scotland,Other,07.Jun.15,13683.26,1368.326
828,400000829,Lillian,Hemmings,Female,29,Northern Ireland,Other,07.Jun.15,57983.8,5798.380000000001
829,400000830,Trevor,Mitchell,Male,21,Northern Ireland,White Collar,07.Jun.15,27022.94,2702.294
830,100000831,Steven,Morrison,Male,37,England,White Collar,08.Jun.15,17556.02,1755.602
831,100000832,David,Turner,Male,36,England,White Collar,08.Jun.15,65227.05,6522.705000000001
832,200000833,Benjamin,King,Male,54,Scotland,Blue Collar,08.Jun.15,30687.34,3068.7340000000004
833,200000834,Sebastian,Morgan,Male,42,Scotland,Other,08.Jun.15,62472.65,6247.265
834,100000835,Leonard,Gibson,Male,40,England,White Collar,09.Jun.15,38087.63,3808.763
835,100000836,Bella,Metcalfe,Female,35,England,White Collar,09.Jun.15,48766.55,4876.655000000001
836,400000837,Sean,Rampling,Male,29,Northern Ireland,White Collar,09.Jun.15,57397.59,5739.759
837,100000838,Felicity,MacLeod,Female,25,England,White Collar,10.Jun.15,130797.71,13079.771
838,100000839,Nathan,Kerr,Male,44,England,White Collar,10.Jun.15,55484.77,5548.477
839,100000840,Gavin,Forsyth,Male,32,England,White Collar,10.Jun.15,27236.35,2723.635
840,100000841,Donna,Davidson,Female,42,England,Other,10.Jun.15,1081.38,108.13800000000002
841,200000842,Matt,Manning,Male,64,Scotland,Blue Collar,10.Jun.15,3775.44,377.54400000000004
842,200000843,Adam,Gibson,Male,49,Scotland,Blue Collar,10.Jun.15,56695.35,5669.535
843,200000844,Sarah,Blake,Female,35,Scotland,Other,10.Jun.15,22134.94,2213.494
844,300000845,Christopher,Ogden,Male,45,Wales,Blue Collar,10.Jun.15,70114.57,7011.457000000001
845,100000846,Felicity,Butler,Female,46,England,Blue Collar,11.Jun.15,20515.25,2051.525
846,100000847,Virginia,Newman,Female,29,England,White Collar,11.Jun.15,31495.71,3149.571
847,100000848,Tim,Hamilton,Male,27,England,White Collar,11.Jun.15,78010.57,7801.057000000001
848,100000849,Lily,Gill,Female,25,England,White Collar,11.Jun.15,2703.33,270.333
849,100000850,Austin,Chapman,Male,36,England,Blue Collar,11.Jun.15,44399.73,4439.973000000001
850,100000851,Victor,Clark,Male,32,England,White Collar,11.Jun.15,19378.62,1937.862
851,300000852,Kevin,Parsons,Male,53,Wales,White Collar,11.Jun.15,22477.05,2247.705
852,100000853,Claire,Hudson,Female,36,England,White Collar,12.Jun.15,15461.71,1546.171
853,100000854,Carl,Clark,Male,42,England,White Collar,12.Jun.15,40303.71,4030.371
854,200000855,John,Campbell,Male,40,Scotland,Blue Collar,12.Jun.15,10718.8,1071.8799999999999
855,200000856,William,McLean,Male,41,Scotland,Blue Collar,12.Jun.15,67100.09,6710.009
856,300000857,Sophie,Ince,Female,25,Wales,Blue Collar,12.Jun.15,15700.14,1570.0140000000001
857,100000858,Simon,Baker,Male,45,England,Blue Collar,13.Jun.15,12326.19,1232.6190000000001
858,100000859,Amy,Glover,Female,33,England,White Collar,13.Jun.15,20019.58,2001.9580000000003
859,100000860,Rebecca,Ross,Female,38,England,White Collar,13.Jun.15,9100.32,910.032
860,100000861,Sally,Graham,Female,47,England,Blue Collar,13.Jun.15,9098.32,909.832
861,100000862,Jack,Young,Male,31,England,Other,13.Jun.15,20938.59,2093.859
862,200000863,Theresa,Quinn,Female,42,Scotland,Other,13.Jun.15,82725.38,8272.538
863,200000864,Harry,Hardacre,Male,58,Scotland,Blue Collar,13.Jun.15,36743.0,3674.3
864,200000865,Kimberly,Cornish,Female,43,Scotland,Other,13.Jun.15,57420.82,5742.082
865,200000866,James,Gibson,Male,56,Scotland,Blue Collar,13.Jun.15,31933.56,3193.356
866,100000867,Evan,Abraham,Male,38,England,White Collar,14.Jun.15,4562.77,456.27700000000004
867,100000868,Nicola,Walsh,Female,44,England,White Collar,14.Jun.15,19645.17,1964.5169999999998
868,100000869,Justin,Chapman,Male,34,England,White Collar,14.Jun.15,22571.15,2257.1150000000002
869,100000870,Max,Rees,Male,38,England,White Collar,14.Jun.15,19703.37,1970.337
870,100000871,Joshua,Kelly,Male,40,England,White Collar,14.Jun.15,79434.98,7943.498
871,100000872,Sally,MacDonald,Female,46,England,White Collar,14.Jun.15,20383.64,2038.364
872,100000873,Chloe,McDonald,Female,30,England,White Collar,14.Jun.15,35243.71,3524.371
873,100000874,Julia,Alsop,Female,34,England,White Collar,14.Jun.15,10218.7,1021.8700000000001
874,100000875,Jason,MacLeod,Male,47,England,White Collar,14.Jun.15,69979.67,6997.967000000001
875,100000876,Tracey,Pullman,Female,35,England,White Collar,14.Jun.15,26731.12,2673.112
876,100000877,Megan,Reid,Female,34,England,White Collar,14.Jun.15,76181.33,7618.133000000001
877,100000878,Felicity,Metcalfe,Female,22,England,White Collar,15.Jun.15,31498.96,3149.896
878,100000879,Ryan,Russell,Male,31,England,White Collar,15.Jun.15,38820.41,3882.0410000000006
879,100000880,Rachel,Springer,Female,31,England,Blue Collar,15.Jun.15,20304.1,2030.4099999999999
880,100000881,Joan,Nash,Female,38,England,Blue Collar,15.Jun.15,40515.6,4051.56
881,100000882,Piers,Simpson,Male,23,England,White Collar,15.Jun.15,13049.38,1304.938
882,100000883,Sarah,Skinner,Female,42,England,White Collar,15.Jun.15,38638.28,3863.828
883,100000884,Lisa,Turner,Female,24,England,White Collar,15.Jun.15,38243.22,3824.322
884,100000885,Vanessa,Manning,Female,45,England,White Collar,15.Jun.15,29123.62,2912.362
885,200000886,Joe,Baker,Male,54,Scotland,Blue Collar,15.Jun.15,55672.22,5567.222000000001
886,200000887,Jan,Robertson,Female,38,Scotland,Other,15.Jun.15,18241.98,1824.198
887,300000888,Pippa,Gray,Female,26,Wales,White Collar,15.Jun.15,54186.89,5418.689
888,100000889,Stephen,Bailey,Male,37,England,White Collar,16.Jun.15,44096.51,4409.651000000001
889,100000890,Piers,Peake,Male,26,England,Blue Collar,16.Jun.15,70346.54,7034.6539999999995
890,100000891,Alexandra,Mathis,Female,32,England,Other,16.Jun.15,48355.0,4835.5
891,100000892,Christopher,Anderson,Male,27,England,White Collar,16.Jun.15,37191.94,3719.1940000000004
892,100000893,Donna,Butler,Female,41,England,White Collar,16.Jun.15,12212.85,1221.285
893,100000894,Faith,Buckland,Female,39,England,Other,16.Jun.15,46957.62,4695.762000000001
894,100000895,Hannah,Terry,Female,33,England,White Collar,16.Jun.15,20359.61,2035.9610000000002
895,200000896,Paul,Allan,Male,59,Scotland,Blue Collar,16.Jun.15,21784.09,2178.409
896,200000897,Boris,Nash,Male,49,Scotland,Blue Collar,16.Jun.15,66375.91,6637.591
897,100000898,Samantha,Ross,Female,47,England,White Collar,17.Jun.15,24797.11,2479.7110000000002
898,100000899,Amelia,Parsons,Female,40,England,Blue Collar,17.Jun.15,27635.28,2763.5280000000002
899,100000900,Fiona,Miller,Female,34,England,White Collar,17.Jun.15,17308.75,1730.875
900,100000901,Rose,Butler,Female,38,England,White Collar,17.Jun.15,95477.25,9547.725
901,100000902,Jake,White,Male,37,England,White Collar,17.Jun.15,46682.59,4668.259
902,200000903,Jake,Peters,Male,43,Scotland,Other,17.Jun.15,21136.88,2113.688
903,200000904,Ryan,Gray,Male,52,Scotland,Blue Collar,17.Jun.15,51689.74,5168.974
904,300000905,Amy,Morgan,Female,29,Wales,Other,17.Jun.15,16037.16,1603.7160000000001
905,100000906,Caroline,Robertson,Female,31,England,White Collar,18.Jun.15,24602.08,2460.2080000000005
906,100000907,Edward,Chapman,Male,47,England,White Collar,18.Jun.15,71446.54,7144.6539999999995
907,100000908,Christopher,Peake,Male,31,England,White Collar,18.Jun.15,35693.86,3569.3860000000004
908,200000909,Melanie,Hunter,Female,44,Scotland,Other,18.Jun.15,96860.93,9686.092999999999
909,200000910,Owen,Henderson,Male,43,Scotland,Blue Collar,18.Jun.15,30323.97,3032.3970000000004
910,200000911,Julian,Hunter,Male,48,Scotland,Other,18.Jun.15,1341.31,134.131
911,200000912,Brian,Bower,Male,56,Scotland,Other,18.Jun.15,40922.28,4092.228
912,300000913,Dan,Robertson,Male,39,Wales,Blue Collar,18.Jun.15,54165.92,5416.592000000001
913,400000914,Anna,Randall,Female,25,Northern Ireland,Blue Collar,18.Jun.15,149698.12,14969.812
914,400000915,Melanie,Hemmings,Female,26,Northern Ireland,Other,18.Jun.15,54272.56,5427.256
915,400000916,Matt,Grant,Male,35,Northern Ireland,White Collar,18.Jun.15,93787.01,9378.701
916,100000917,Andrea,Newman,Female,34,England,Other,19.Jun.15,57387.06,5738.706
917,100000918,Deirdre,Nolan,Female,24,England,White Collar,19.Jun.15,41988.65,4198.865000000001
918,100000919,Natalie,Duncan,Female,28,England,White Collar,19.Jun.15,73859.27,7385.927000000001
919,100000920,Steven,Hill,Male,23,England,Other,19.Jun.15,50104.04,5010.404
920,100000921,William,Gibson,Male,43,England,White Collar,19.Jun.15,29188.4,2918.84
921,100000922,Sally,Glover,Female,30,England,White Collar,19.Jun.15,73490.09,7349.009
922,100000923,Andrea,Henderson,Female,40,England,White Collar,19.Jun.15,62886.29,6288.629000000001
923,200000924,Gabrielle,Blake,Female,60,Scotland,Other,19.Jun.15,66713.0,6671.3
924,100000925,Andrew,Bell,Male,34,England,White Collar,20.Jun.15,7729.88,772.988
925,100000926,Dan,Johnston,Male,49,England,White Collar,20.Jun.15,60180.76,6018.076000000001
926,100000927,Victoria,Wilson,Female,37,England,White Collar,20.Jun.15,87912.9,8791.289999999999
927,100000928,Stephen,Glover,Male,30,England,White Collar,20.Jun.15,21157.3,2115.73
928,100000929,Fiona,Wright,Female,35,England,White Collar,20.Jun.15,22932.94,2293.294
929,100000930,Amelia,Hughes,Female,35,England,White Collar,20.Jun.15,21314.68,2131.4680000000003
930,100000931,Maria,Lawrence,Female,42,England,White Collar,20.Jun.15,22298.93,2229.893
931,100000932,Abigail,Ferguson,Female,30,England,White Collar,20.Jun.15,14184.7,1418.4700000000003
932,100000933,Gavin,Harris,Male,32,England,Blue Collar,20.Jun.15,23899.56,2389.956
933,100000934,Heather,Abraham,Female,35,England,White Collar,20.Jun.15,14360.43,1436.0430000000001
934,100000935,Felicity,Miller,Female,32,England,Other,20.Jun.15,42248.4,4224.84
935,100000936,Alexandra,Henderson,Female,36,England,White Collar,20.Jun.15,9406.07,940.607
936,100000937,Karen,White,Female,28,England,Blue Collar,20.Jun.15,6921.74,692.174
937,200000938,Trevor,Harris,Male,52,Scotland,Blue Collar,20.Jun.15,29715.0,2971.5
938,200000939,Alan,Dyer,Male,42,Scotland,Other,20.Jun.15,65530.32,6553.032
939,200000940,Victor,Sutherland,Male,58,Scotland,Blue Collar,20.Jun.15,27878.55,2787.855
940,200000941,Benjamin,Manning,Male,48,Scotland,Blue Collar,20.Jun.15,4941.65,494.16499999999996
941,200000942,Richard,Roberts,Male,40,Scotland,White Collar,20.Jun.15,32790.32,3279.032
942,200000943,Caroline,Walker,Female,47,Scotland,Other,20.Jun.15,29481.76,2948.176
943,200000944,Paul,Lyman,Male,47,Scotland,Other,20.Jun.15,15090.98,1509.098
944,200000945,Eric,Payne,Male,62,Scotland,Blue Collar,20.Jun.15,29719.47,2971.947
945,200000946,Matt,Gibson,Male,53,Scotland,Blue Collar,20.Jun.15,15668.02,1566.8020000000001
946,200000947,Katherine,Ball,Female,56,Scotland,Other,20.Jun.15,105138.65,10513.865
947,200000948,Zoe,Reid,Female,53,Scotland,White Collar,20.Jun.15,45663.95,4566.3949999999995
948,200000949,Dylan,Ellison,Male,50,Scotland,Other,20.Jun.15,2347.34,234.73400000000004
949,200000950,Adrian,Dowd,Male,55,Scotland,Blue Collar,20.Jun.15,12231.08,1223.108
950,300000951,Sean,Nash,Male,36,Wales,Blue Collar,20.Jun.15,56653.07,5665.307000000001
951,300000952,Heather,Jones,Female,40,Wales,White Collar,20.Jun.15,24435.72,2443.572
952,300000953,Paul,Robertson,Male,41,Wales,Blue Collar,20.Jun.15,77995.62,7799.562
953,300000954,Richard,Parsons,Male,33,Wales,White Collar,20.Jun.15,49775.7,4977.57
954,400000955,Joseph,Greene,Male,41,Northern Ireland,White Collar,20.Jun.15,53685.06,5368.506
955,400000956,Amelia,Bower,Female,22,Northern Ireland,White Collar,20.Jun.15,22515.19,2251.519
956,100000957,Frank,Knox,Male,38,England,Other,21.Jun.15,80709.15,8070.915
957,100000958,Justin,Johnston,Male,33,England,White Collar,21.Jun.15,60205.51,6020.551
958,100000959,Jessica,McGrath,Female,26,England,Blue Collar,21.Jun.15,23694.9,2369.4900000000002
959,100000960,Abigail,Allan,Female,36,England,White Collar,21.Jun.15,31644.37,3164.437
960,200000961,Una,Short,Female,49,Scotland,Other,21.Jun.15,26688.85,2668.885
961,200000962,Joe,Murray,Male,50,Scotland,Blue Collar,21.Jun.15,38577.66,3857.7660000000005
962,200000963,Ian,Coleman,Male,56,Scotland,Other,21.Jun.15,54809.65,5480.965
963,200000964,Andrea,MacDonald,Female,59,Scotland,Blue Collar,21.Jun.15,29417.52,2941.7520000000004
964,200000965,Julian,Anderson,Male,52,Scotland,Blue Collar,21.Jun.15,30981.38,3098.1380000000004
965,300000966,Lauren,Bond,Female,38,Wales,Blue Collar,21.Jun.15,23669.58,2366.958
966,300000967,Victoria,Morrison,Female,42,Wales,White Collar,21.Jun.15,61134.99,6113.499
967,100000968,Edward,Martin,Male,38,England,White Collar,22.Jun.15,21138.46,2113.846
968,100000969,Sophie,Parsons,Female,21,England,White Collar,22.Jun.15,89067.87,8906.787
969,100000970,Abigail,Oliver,Female,32,England,White Collar,22.Jun.15,20852.18,2085.2180000000003
970,100000971,Peter,Young,Male,23,England,White Collar,22.Jun.15,28959.8,2895.98
971,100000972,Liam,Forsyth,Male,32,England,White Collar,23.Jun.15,85709.46,8570.946000000002
972,100000973,Julia,Avery,Female,25,England,Other,23.Jun.15,86275.31,8627.531
973,200000974,Richard,North,Male,58,Scotland,Other,23.Jun.15,11596.34,1159.634
974,200000975,Anthony,Mackenzie,Male,43,Scotland,Blue Collar,23.Jun.15,74155.05,7415.505000000001
975,200000976,Wanda,Clark,Female,61,Scotland,Other,23.Jun.15,75200.68,7520.067999999999
976,200000977,Jennifer,Blake,Female,43,Scotland,Other,23.Jun.15,27580.15,2758.0150000000003
977,300000978,Jessica,Wallace,Female,45,Wales,White Collar,23.Jun.15,17753.01,1775.301
978,300000979,Trevor,Hunter,Male,28,Wales,White Collar,23.Jun.15,28240.06,2824.0060000000003
979,100000980,William,Hart,Male,19,England,White Collar,24.Jun.15,65493.89,6549.389
980,100000981,Victoria,Ince,Female,31,England,Other,24.Jun.15,74414.09,7441.409
981,100000982,Deirdre,Avery,Female,34,England,White Collar,24.Jun.15,107641.39,10764.139000000001
982,200000983,Jessica,Rutherford,Female,37,Scotland,Other,24.Jun.15,42322.58,4232.258000000001
983,200000984,Lauren,Ince,Female,57,Scotland,Other,24.Jun.15,64620.15,6462.015
984,200000985,Peter,MacLeod,Male,56,Scotland,Blue Collar,24.Jun.15,48707.14,4870.714
985,200000986,Victor,Thomson,Male,56,Scotland,Blue Collar,24.Jun.15,27458.53,2745.853
986,200000987,Dylan,Bond,Male,42,Scotland,Blue Collar,24.Jun.15,7562.83,756.283
987,400000988,Hannah,Hardacre,Female,39,Northern Ireland,White Collar,24.Jun.15,107680.1,10768.010000000002
988,100000989,Michelle,McLean,Female,34,England,Other,25.Jun.15,40542.83,4054.2830000000004
989,100000990,Andrew,Manning,Male,43,England,Blue Collar,25.Jun.15,80880.83,8088.0830000000005
990,100000991,Benjamin,Welch,Male,33,England,White Collar,25.Jun.15,3226.71,322.67100000000005
991,200000992,Paul,Taylor,Male,43,Scotland,Blue Collar,25.Jun.15,68551.15,6855.115
992,300000993,Gordon,Grant,Male,33,Wales,Blue Collar,25.Jun.15,77870.46,7787.046000000001
993,300000994,Dominic,Dickens,Male,35,Wales,Blue Collar,25.Jun.15,56611.75,5661.175
994,100000995,Felicity,Anderson,Female,29,England,Other,26.Jun.15,81080.08,8108.008000000001
995,100000996,Paul,Bower,Male,34,England,White Collar,26.Jun.15,40109.99,4010.999
996,100000997,Grace,Edmunds,Female,44,England,White Collar,26.Jun.15,74948.24,7494.8240000000005
997,100000998,Michael,Allan,Male,36,England,Other,26.Jun.15,82776.89,8277.689
998,200000999,Kevin,Dickens,Male,60,Scotland,Other,26.Jun.15,34597.56,3459.756
999,400001000,Lisa,Thomson,Female,29,Northern Ireland,Other,26.Jun.15,4406.82,440.682
1000,400001001,Grace,Duncan,Female,31,Northern Ireland,Other,26.Jun.15,32162.34,3216.2340000000004
1001,100001002,Cameron,Smith,Male,29,England,White Collar,27.Jun.15,18808.61,1880.861
1002,100001003,Amy,Howard,Female,32,England,Blue Collar,27.Jun.15,12013.82,1201.382
1003,100001004,Luke,Lewis,Male,21,England,White Collar,27.Jun.15,40886.21,4088.621
1004,100001005,Chloe,Jones,Female,38,England,White Collar,27.Jun.15,49490.42,4949.042
1005,100001006,Lauren,Martin,Female,27,England,Blue Collar,27.Jun.15,51197.28,5119.728
1006,100001007,Robert,Lyman,Male,47,England,Blue Collar,27.Jun.15,8610.86,861.0860000000001
1007,300001008,Justin,Carr,Male,33,Wales,Blue Collar,27.Jun.15,12567.26,1256.726
1008,300001009,Brian,North,Male,31,Wales,Blue Collar,27.Jun.15,28265.93,2826.5930000000003
1009,300001010,Leah,Ogden,Female,36,Wales,Other,27.Jun.15,44515.4,4451.54
1010,100001011,Colin,Sharp,Male,39,England,White Collar,28.Jun.15,20461.13,2046.1130000000003
1011,100001012,Paul,Marshall,Male,37,England,Blue Collar,28.Jun.15,22457.9,2245.7900000000004
1012,100001013,Eric,Glover,Male,38,England,White Collar,28.Jun.15,25807.24,2580.724
1013,100001014,Jacob,Hemmings,Male,41,England,White Collar,28.Jun.15,75878.51,7587.851
1014,100001015,Nicholas,Poole,Male,24,England,White Collar,28.Jun.15,5880.85,588.085
1015,100001016,Joan,Davidson,Female,37,England,White Collar,28.Jun.15,30894.09,3089.409
1016,100001017,Ella,Hill,Female,33,England,White Collar,28.Jun.15,88647.1,8864.710000000001
1017,100001018,Una,Mills,Female,32,England,White Collar,28.Jun.15,55945.74,5594.5740000000005
1018,200001019,Lucas,Glover,Male,60,Scotland,Blue Collar,28.Jun.15,67510.19,6751.019
1019,200001020,Carol,Lee,Female,55,Scotland,Other,28.Jun.15,29753.91,2975.391
1020,200001021,Vanessa,Bond,Female,57,Scotland,Blue Collar,28.Jun.15,55886.74,5588.674
1021,400001022,Jason,Bower,Male,38,Northern Ireland,White Collar,28.Jun.15,76999.31,7699.9310000000005
1022,100001023,Joe,Campbell,Male,42,England,White Collar,29.Jun.15,61354.78,6135.478
1023,100001024,Paul,Hemmings,Male,36,England,Blue Collar,29.Jun.15,9352.12,935.2120000000001
1024,100001025,Emma,Arnold,Female,40,England,White Collar,29.Jun.15,55409.56,5540.956
1025,100001026,Fiona,Parr,Female,25,England,White Collar,29.Jun.15,22598.74,2259.8740000000003
1026,100001027,Jessica,MacLeod,Female,33,England,Other,29.Jun.15,49665.09,4966.509
1027,100001028,Christopher,Sutherland,Male,46,England,White Collar,29.Jun.15,79398.91,7939.8910000000005
1028,100001029,Lily,North,Female,38,England,White Collar,29.Jun.15,24834.61,2483.4610000000002
1029,200001030,Peter,Avery,Male,58,Scotland,Other,29.Jun.15,41285.8,4128.580000000001
1030,200001031,Tracey,Ferguson,Female,48,Scotland,Other,29.Jun.15,6104.59,610.4590000000001
1031,200001032,Blake,Pullman,Male,41,Scotland,Blue Collar,29.Jun.15,64766.09,6476.609
1032,300001033,Joan,Gibson,Female,46,Wales,White Collar,29.Jun.15,55535.23,5553.523000000001
1033,300001034,Julian,Carr,Male,35,Wales,Blue Collar,29.Jun.15,134324.66,13432.466
1034,400001035,Amelia,Jones,Female,27,Northern Ireland,Blue Collar,29.Jun.15,48456.97,4845.697
1035,100001036,Claire,Metcalfe,Female,40,England,White Collar,30.Jun.15,2619.62,261.962
1036,100001037,Tim,Walker,Male,41,England,Other,30.Jun.15,61602.73,6160.273000000001
1037,100001038,Connor,Dickens,Male,37,England,White Collar,30.Jun.15,22058.44,2205.844
1038,100001039,Stephanie,Ince,Female,31,England,White Collar,30.Jun.15,24845.43,2484.543
1039,100001040,William,Bond,Male,28,England,White Collar,30.Jun.15,42331.5,4233.150000000001
1040,100001041,Connor,May,Male,41,England,White Collar,30.Jun.15,43488.59,4348.8589999999995
1041,200001042,Trevor,Campbell,Male,45,Scotland,Blue Collar,30.Jun.15,11565.04,1156.5040000000001
1042,200001043,Steven,Newman,Male,49,Scotland,Blue Collar,30.Jun.15,1096.36,109.636
1043,200001044,Stephen,Mathis,Male,52,Scotland,Other,30.Jun.15,4793.55,479.355
1044,200001045,Deirdre,James,Female,51,Scotland,Other,30.Jun.15,11909.63,1190.963
1045,200001046,Dylan,Alsop,Male,47,Scotland,Blue Collar,30.Jun.15,56257.26,5625.726000000001
1046,300001047,Amy,Mathis,Female,33,Wales,Other,30.Jun.15,18469.94,1846.994
1047,300001048,Oliver,Butler,Male,38,Wales,White Collar,30.Jun.15,48959.81,4895.981
1048,100001049,Emma,Oliver,Female,30,England,White Collar,01.Jul.15,51090.19,5109.019
1049,100001050,Eric,MacLeod,Male,30,England,White Collar,01.Jul.15,26412.29,2641.2290000000003
1050,100001051,Jacob,Bell,Male,47,England,White Collar,01.Jul.15,14703.33,1470.333
1051,200001052,Evan,Davidson,Male,48,Scotland,Blue Collar,01.Jul.15,73268.73,7326.873
1052,200001053,Alan,Ogden,Male,38,Scotland,Blue Collar,01.Jul.15,26844.18,2684.418
1053,100001054,Nicholas,Churchill,Male,43,England,White Collar,02.Jul.15,35417.02,3541.7019999999998
1054,100001055,Kimberly,Mitchell,Female,40,England,White Collar,02.Jul.15,17546.36,1754.6360000000002
1055,100001056,Keith,McDonald,Male,36,England,White Collar,02.Jul.15,53344.6,5334.46
1056,100001057,Diana,Ross,Female,26,England,Other,02.Jul.15,10054.71,1005.471
1057,100001058,Julia,Mackay,Female,36,England,White Collar,02.Jul.15,49717.13,4971.713
1058,200001059,Jan,Hamilton,Female,51,Scotland,Blue Collar,02.Jul.15,7573.67,757.3670000000001
1059,200001060,Julia,Mathis,Female,46,Scotland,Other,02.Jul.15,32324.22,3232.4220000000005
1060,200001061,Joshua,Kerr,Male,49,Scotland,Other,02.Jul.15,69791.57,6979.157000000001
1061,200001062,Dan,Alsop,Male,54,Scotland,Other,02.Jul.15,16280.16,1628.016
1062,300001063,Dorothy,Vaughan,Female,37,Wales,White Collar,02.Jul.15,34072.27,3407.227
1063,300001064,Austin,Vance,Male,42,Wales,Other,02.Jul.15,11609.33,1160.933
1064,100001065,Joan,Mills,Female,30,England,White Collar,03.Jul.15,44599.53,4459.953
1065,100001066,Michael,MacDonald,Male,51,England,White Collar,03.Jul.15,41266.34,4126.634
1066,100001067,Faith,Vance,Female,28,England,Blue Collar,03.Jul.15,28581.78,2858.178
1067,100001068,Donna,Pullman,Female,35,England,Blue Collar,03.Jul.15,15477.05,1547.705
1068,200001069,Benjamin,Hemmings,Male,57,Scotland,Blue Collar,03.Jul.15,60086.6,6008.66
1069,200001070,John,Duncan,Male,62,Scotland,Blue Collar,03.Jul.15,55526.53,5552.653
1070,200001071,Sebastian,Lambert,Male,51,Scotland,White Collar,03.Jul.15,41097.46,4109.746
1071,400001072,Diane,Short,Female,39,Northern Ireland,Other,03.Jul.15,84480.9,8448.09
1072,100001073,Harry,May,Male,37,England,White Collar,04.Jul.15,14866.88,1486.688
1073,100001074,Jack,Metcalfe,Male,37,England,White Collar,04.Jul.15,50527.47,5052.747
1074,100001075,Anne,Nolan,Female,27,England,Blue Collar,04.Jul.15,27565.54,2756.554
1075,100001076,Edward,Gill,Male,32,England,Blue Collar,04.Jul.15,78712.11,7871.211
1076,200001077,Alexander,Hardacre,Male,48,Scotland,Other,04.Jul.15,40487.71,4048.771
1077,200001078,Isaac,Arnold,Male,47,Scotland,Blue Collar,04.Jul.15,59432.06,5943.206
1078,300001079,Phil,Hudson,Male,36,Wales,Blue Collar,04.Jul.15,6467.89,646.7890000000001
1079,300001080,Adam,Ince,Male,44,Wales,Blue Collar,04.Jul.15,37449.47,3744.947
1080,300001081,Irene,Ferguson,Female,38,Wales,White Collar,04.Jul.15,15926.91,1592.691
1081,400001082,Lisa,Nolan,Female,32,Northern Ireland,Other,04.Jul.15,20451.86,2045.1860000000001
1082,100001083,Katherine,Gill,Female,41,England,White Collar,05.Jul.15,81089.55,8108.955000000001
1083,100001084,Molly,Wallace,Female,44,England,White Collar,05.Jul.15,5032.09,503.20900000000006
1084,100001085,Anne,Kerr,Female,41,England,White Collar,05.Jul.15,40523.18,4052.318
1085,200001086,Luke,Scott,Male,47,Scotland,Blue Collar,05.Jul.15,1948.26,194.82600000000002
1086,200001087,Virginia,Greene,Female,59,Scotland,Other,05.Jul.15,44326.6,4432.66
1087,200001088,Blake,Peters,Male,43,Scotland,Blue Collar,05.Jul.15,16457.71,1645.771
1088,100001089,Robert,Howard,Male,36,England,Other,06.Jul.15,22756.57,2275.657
1089,100001090,Brian,Metcalfe,Male,25,England,Other,06.Jul.15,44277.62,4427.762000000001
1090,100001091,Julia,Greene,Female,45,England,White Collar,06.Jul.15,57797.68,5779.768
1091,100001092,Alexandra,Gill,Female,35,England,White Collar,06.Jul.15,1827.85,182.785
1092,100001093,Robert,Rampling,Male,31,England,White Collar,06.Jul.15,71267.85,7126.785000000001
1093,100001094,Amanda,Berry,Female,30,England,Other,06.Jul.15,2730.89,273.089
1094,100001095,Pippa,Nash,Female,45,England,Other,06.Jul.15,9976.92,997.692
1095,100001096,Rebecca,Bell,Female,35,England,Blue Collar,06.Jul.15,6083.13,608.313
1096,100001097,Adam,Vance,Male,36,England,Other,06.Jul.15,88451.81,8845.181
1097,100001098,Chloe,Martin,Female,24,England,Blue Collar,06.Jul.15,77514.08,7751.408
1098,200001099,Anthony,Vance,Male,48,Scotland,White Collar,06.Jul.15,66005.41,6600.541000000001
1099,200001100,Alan,North,Male,48,Scotland,Other,06.Jul.15,77332.09,7733.209
1100,200001101,Eric,Parr,Male,56,Scotland,Blue Collar,06.Jul.15,3516.35,351.635
1101,200001102,Sam,Murray,Male,60,Scotland,Other,06.Jul.15,22067.63,2206.7630000000004
1102,200001103,Alan,Howard,Male,42,Scotland,Other,06.Jul.15,28676.72,2867.6720000000005
1103,300001104,Stephen,Parr,Male,44,Wales,Blue Collar,06.Jul.15,8365.04,836.5040000000001
1104,300001105,Ava,Vaughan,Female,33,Wales,Blue Collar,06.Jul.15,15196.68,1519.6680000000001
1105,100001106,Victoria,Miller,Female,29,England,Blue Collar,07.Jul.15,55720.37,5572.037
1106,100001107,Sam,Rutherford,Male,33,England,White Collar,07.Jul.15,96379.13,9637.913
1107,100001108,Keith,Rutherford,Male,27,England,White Collar,07.Jul.15,45374.89,4537.4890000000005
1108,100001109,Natalie,Alsop,Female,33,England,White Collar,07.Jul.15,36425.21,3642.521
1109,100001110,Jack,Scott,Male,35,England,White Collar,07.Jul.15,66122.89,6612.289000000001
1110,100001111,Angela,Howard,Female,26,England,White Collar,07.Jul.15,21988.77,2198.877
1111,100001112,Sonia,Clarkson,Female,33,England,White Collar,07.Jul.15,84064.01,8406.401
1112,100001113,Olivia,Rees,Female,42,England,Other,07.Jul.15,107366.02,10736.602
1113,100001114,Richard,Hodges,Male,33,England,White Collar,07.Jul.15,59890.0,5989.0
1114,200001115,David,Bower,Male,48,Scotland,Blue Collar,07.Jul.15,36171.83,3617.1830000000004
1115,200001116,Sam,Sutherland,Male,58,Scotland,Blue Collar,07.Jul.15,17953.21,1795.321
1116,200001117,Angela,Scott,Female,42,Scotland,Other,07.Jul.15,62850.82,6285.082
1117,200001118,Oliver,Newman,Male,61,Scotland,Other,07.Jul.15,40989.59,4098.959
1118,300001119,Sam,Black,Male,35,Wales,Blue Collar,07.Jul.15,45240.82,4524.082
1119,300001120,Liam,Nolan,Male,38,Wales,White Collar,07.Jul.15,24965.41,2496.541
1120,100001121,Grace,Hemmings,Female,29,England,White Collar,08.Jul.15,25137.17,2513.717
1121,100001122,Isaac,Lawrence,Male,39,England,Other,08.Jul.15,36666.7,3666.67
1122,100001123,Deirdre,Payne,Female,43,England,White Collar,08.Jul.15,10959.59,1095.959
1123,100001124,Owen,Forsyth,Male,35,England,White Collar,08.Jul.15,114115.93,11411.593
1124,100001125,Lucas,Thomson,Male,31,England,White Collar,08.Jul.15,51397.48,5139.7480000000005
1125,100001126,Heather,Ball,Female,49,England,White Collar,08.Jul.15,68026.14,6802.6140000000005
1126,200001127,Eric,Nolan,Male,33,Scotland,Blue Collar,08.Jul.15,4403.78,440.378
1127,200001128,Benjamin,Walker,Male,46,Scotland,Blue Collar,08.Jul.15,57005.15,5700.515
1128,200001129,Ian,Lambert,Male,44,Scotland,White Collar,08.Jul.15,82950.04,8295.003999999999
1129,300001130,Joseph,Black,Male,36,Wales,White Collar,08.Jul.15,55382.31,5538.231
1130,300001131,Dorothy,Howard,Female,32,Wales,White Collar,08.Jul.15,38704.52,3870.4519999999998
1131,100001132,Matt,Newman,Male,33,England,White Collar,09.Jul.15,76301.47,7630.147000000001
1132,100001133,Anthony,Glover,Male,22,England,White Collar,09.Jul.15,14282.81,1428.281
1133,100001134,Julia,Marshall,Female,36,England,White Collar,09.Jul.15,3108.56,310.856
1134,100001135,Karen,Kerr,Female,46,England,White Collar,09.Jul.15,33779.41,3377.9410000000007
1135,200001136,Sue,Pullman,Female,38,Scotland,Other,09.Jul.15,102268.43,10226.843
1136,200001137,Amanda,Bailey,Female,57,Scotland,White Collar,09.Jul.15,83992.09,8399.209
1137,200001138,Michelle,Black,Female,46,Scotland,Other,09.Jul.15,24686.89,2468.6890000000003
1138,300001139,Amelia,Skinner,Female,42,Wales,Other,09.Jul.15,28516.17,2851.617
1139,400001140,Richard,Kelly,Male,31,Northern Ireland,White Collar,09.Jul.15,9482.02,948.2020000000001
1140,100001141,Owen,Grant,Male,27,England,Other,10.Jul.15,16613.41,1661.3410000000001
1141,100001142,Joan,Walsh,Female,35,England,White Collar,10.Jul.15,64757.52,6475.752
1142,100001143,Madeleine,Sharp,Female,34,England,Other,10.Jul.15,21997.45,2199.7450000000003
1143,100001144,Gordon,McGrath,Male,43,England,White Collar,10.Jul.15,55988.59,5598.859
1144,100001145,Evan,Hill,Male,32,England,Blue Collar,10.Jul.15,91674.56,9167.456
1145,200001146,Irene,Davies,Female,46,Scotland,Other,10.Jul.15,3374.35,337.435
1146,200001147,Thomas,Brown,Male,50,Scotland,Blue Collar,10.Jul.15,67763.97,6776.397000000001
1147,200001148,Austin,Randall,Male,60,Scotland,Blue Collar,10.Jul.15,35082.21,3508.221
1148,200001149,Thomas,Dyer,Male,31,Scotland,Blue Collar,10.Jul.15,19383.88,1938.3880000000001
1149,200001150,Amy,Graham,Female,60,Scotland,Blue Collar,10.Jul.15,5916.94,591.694
1150,300001151,Caroline,Payne,Female,44,Wales,White Collar,10.Jul.15,68185.66,6818.566000000001
1151,100001152,Sean,Ross,Male,41,England,White Collar,11.Jul.15,80234.49,8023.4490000000005
1152,100001153,Evan,Bond,Male,47,England,White Collar,11.Jul.15,36493.69,3649.3690000000006
1153,100001154,Carol,Hunter,Female,32,England,White Collar,11.Jul.15,35888.1,3588.81
1154,100001155,Robert,Berry,Male,40,England,Blue Collar,11.Jul.15,62218.34,6221.834
1155,100001156,Jane,Lewis,Female,45,England,White Collar,11.Jul.15,27955.59,2795.559
1156,100001157,Kimberly,Vance,Female,40,England,White Collar,11.Jul.15,21945.27,2194.527
1157,100001158,Madeleine,Wilson,Female,35,England,White Collar,11.Jul.15,21508.14,2150.814
1158,100001159,Gordon,Hamilton,Male,32,England,White Collar,11.Jul.15,6471.9,647.19
1159,200001160,Cameron,Quinn,Male,41,Scotland,Blue Collar,11.Jul.15,1684.44,168.44400000000002
1160,200001161,Lillian,Hudson,Female,49,Scotland,Other,11.Jul.15,73866.02,7386.602000000001
1161,200001162,Jacob,Harris,Male,47,Scotland,Blue Collar,11.Jul.15,62781.64,6278.164000000001
1162,200001163,Kevin,Bailey,Male,52,Scotland,Blue Collar,11.Jul.15,23604.06,2360.4060000000004
1163,200001164,Kevin,White,Male,43,Scotland,Blue Collar,11.Jul.15,19221.27,1922.1270000000002
1164,300001165,Piers,Parsons,Male,35,Wales,White Collar,11.Jul.15,36572.74,3657.274
1165,100001166,Boris,Sharp,Male,36,England,White Collar,12.Jul.15,38836.01,3883.6010000000006
1166,100001167,Robert,Black,Male,35,England,Other,12.Jul.15,39428.53,3942.853
1167,100001168,Felicity,Black,Female,55,England,White Collar,12.Jul.15,22099.59,2209.9590000000003
1168,100001169,Owen,Sharp,Male,34,England,Blue Collar,12.Jul.15,57497.29,5749.729
1169,100001170,Bernadette,Henderson,Female,36,England,White Collar,12.Jul.15,47422.55,4742.255
1170,100001171,Sean,Manning,Male,41,England,White Collar,12.Jul.15,41511.86,4151.186000000001
1171,100001172,Phil,Turner,Male,30,England,Other,12.Jul.15,3776.11,377.61100000000005
1172,100001173,Ava,Rampling,Female,32,England,White Collar,12.Jul.15,70324.5,7032.450000000001
1173,100001174,Caroline,Terry,Female,33,England,White Collar,12.Jul.15,68170.2,6817.02
1174,100001175,Colin,Lewis,Male,35,England,White Collar,12.Jul.15,18190.48,1819.048
1175,100001176,Rose,Lewis,Female,32,England,White Collar,12.Jul.15,13100.46,1310.046
1176,100001177,Christopher,Bell,Male,28,England,White Collar,12.Jul.15,94339.78,9433.978000000001
1177,100001178,Michael,Ogden,Male,22,England,Blue Collar,12.Jul.15,24599.85,2459.985
1178,200001179,Charles,Hart,Male,43,Scotland,Other,12.Jul.15,55959.34,5595.934
1179,200001180,Joanne,Ogden,Female,51,Scotland,Other,12.Jul.15,43954.03,4395.403
1180,200001181,Katherine,Stewart,Female,46,Scotland,Blue Collar,12.Jul.15,16995.99,1699.5990000000002
1181,200001182,Thomas,Coleman,Male,24,Scotland,Other,12.Jul.15,43980.94,4398.094
1182,200001183,Peter,Mackenzie,Male,41,Scotland,Blue Collar,12.Jul.15,25288.1,2528.81
1183,300001184,Zoe,Hemmings,Female,44,Wales,White Collar,12.Jul.15,29607.52,2960.7520000000004
1184,300001185,Ruth,Glover,Female,29,Wales,White Collar,12.Jul.15,44060.89,4406.089
1185,300001186,Bernadette,Wilson,Female,26,Wales,White Collar,12.Jul.15,37830.67,3783.067
1186,400001187,Alexander,Peake,Male,42,Northern Ireland,White Collar,12.Jul.15,23979.99,2397.9990000000003
1187,100001188,Zoe,Jackson,Female,34,England,Other,13.Jul.15,14965.91,1496.5910000000001
1188,100001189,Madeleine,Ross,Female,32,England,Other,13.Jul.15,76207.19,7620.719000000001
1189,100001190,Owen,Churchill,Male,26,England,White Collar,13.Jul.15,14520.25,1452.025
1190,100001191,Oliver,Burgess,Male,23,England,White Collar,13.Jul.15,85965.79,8596.579
1191,100001192,Leah,Jones,Female,28,England,Other,13.Jul.15,35052.06,3505.206
1192,100001193,Zoe,Young,Female,22,England,White Collar,13.Jul.15,28189.39,2818.9390000000003
1193,100001194,Alan,Kerr,Male,18,England,White Collar,13.Jul.15,56473.51,5647.351000000001
1194,100001195,Christopher,Walsh,Male,32,England,White Collar,13.Jul.15,6080.49,608.049
1195,100001196,Yvonne,Skinner,Female,37,England,White Collar,13.Jul.15,2317.41,231.74099999999999
1196,100001197,Penelope,May,Female,42,England,Blue Collar,13.Jul.15,25710.04,2571.0040000000004
1197,200001198,Ryan,Murray,Male,55,Scotland,Other,13.Jul.15,20815.73,2081.573
1198,200001199,Jake,Ball,Male,48,Scotland,Blue Collar,13.Jul.15,39352.22,3935.222
1199,200001200,Ian,Terry,Male,55,Scotland,White Collar,13.Jul.15,27732.99,2773.2990000000004
1200,200001201,Colin,Simpson,Male,48,Scotland,Other,13.Jul.15,73399.17,7339.917
1201,200001202,Jonathan,Dowd,Male,52,Scotland,Blue Collar,13.Jul.15,93586.64,9358.664
1202,300001203,Blake,Knox,Male,43,Wales,White Collar,13.Jul.15,57193.29,5719.329000000001
1203,300001204,Olivia,Langdon,Female,42,Wales,White Collar,13.Jul.15,4250.38,425.038
1204,300001205,Megan,Welch,Female,42,Wales,White Collar,13.Jul.15,65123.06,6512.3060000000005
1205,100001206,Gavin,Nash,Male,30,England,Blue Collar,14.Jul.15,9446.43,944.643
1206,100001207,Sebastian,Piper,Male,35,England,Blue Collar,14.Jul.15,39044.93,3904.4930000000004
1207,100001208,Diane,Sharp,Female,34,England,Other,14.Jul.15,63083.87,6308.387000000001
1208,100001209,Keith,Bailey,Male,18,England,Blue Collar,14.Jul.15,40572.06,4057.206
1209,100001210,Jack,Piper,Male,30,England,White Collar,14.Jul.15,19604.57,1960.457
1210,100001211,Madeleine,Manning,Female,40,England,White Collar,14.Jul.15,704.83,70.483
1211,100001212,Lucas,Pullman,Male,39,England,White Collar,14.Jul.15,105718.04,10571.804
1212,100001213,Michael,Russell,Male,33,England,Other,14.Jul.15,15660.89,1566.089
1213,200001214,Carolyn,McDonald,Female,58,Scotland,Other,14.Jul.15,69027.62,6902.762
1214,200001215,Anthony,Metcalfe,Male,56,Scotland,Blue Collar,14.Jul.15,3578.96,357.896
1215,300001216,Emily,Knox,Female,29,Wales,White Collar,14.Jul.15,99271.98,9927.198
1216,300001217,Adam,King,Male,48,Wales,Other,14.Jul.15,47418.57,4741.857
1217,300001218,Brian,Payne,Male,42,Wales,Other,14.Jul.15,8102.48,810.248
1218,400001219,Carol,Clarkson,Female,34,Northern Ireland,Other,14.Jul.15,20742.96,2074.296
1219,100001220,Julian,Gray,Male,45,England,White Collar,15.Jul.15,27591.72,2759.1720000000005
1220,100001221,Karen,Knox,Female,18,England,Blue Collar,15.Jul.15,20389.34,2038.9340000000002
1221,100001222,Rebecca,Kerr,Female,38,England,White Collar,15.Jul.15,25016.8,2501.6800000000003
1222,100001223,Deirdre,King,Female,31,England,White Collar,15.Jul.15,4930.82,493.082
1223,100001224,Sophie,Avery,Female,28,England,Other,15.Jul.15,106947.88,10694.788
1224,100001225,Connor,McLean,Male,34,England,White Collar,15.Jul.15,919.1,91.91000000000001
1225,100001226,Michelle,King,Female,32,England,Blue Collar,15.Jul.15,42968.77,4296.8769999999995
1226,100001227,Sally,Bond,Female,42,England,Blue Collar,15.Jul.15,10810.61,1081.0610000000001
1227,100001228,Lucas,James,Male,29,England,White Collar,15.Jul.15,15560.77,1556.0770000000002
1228,200001229,Brian,Gray,Male,47,Scotland,Other,15.Jul.15,64034.82,6403.482
1229,200001230,Alan,Dowd,Male,49,Scotland,Blue Collar,15.Jul.15,36624.84,3662.484
1230,200001231,Michelle,Powell,Female,43,Scotland,Other,15.Jul.15,7670.6,767.0600000000001
1231,200001232,Samantha,Grant,Female,63,Scotland,Blue Collar,15.Jul.15,28395.48,2839.5480000000002
1232,300001233,Victor,Hill,Male,33,Wales,Other,15.Jul.15,61390.52,6139.052
1233,400001234,Olivia,Dyer,Female,17,Northern Ireland,Other,15.Jul.15,13301.43,1330.143
1234,100001235,Natalie,Wilson,Female,33,England,White Collar,16.Jul.15,41722.55,4172.255
1235,100001236,Ella,Forsyth,Female,42,England,Blue Collar,16.Jul.15,51786.07,5178.607
1236,100001237,Matt,Springer,Male,39,England,Blue Collar,16.Jul.15,91246.45,9124.645
1237,100001238,Adam,Wilson,Male,34,England,Other,16.Jul.15,44155.19,4415.519
1238,100001239,Carolyn,Pullman,Female,24,England,White Collar,16.Jul.15,27028.23,2702.8230000000003
1239,100001240,Adam,Wallace,Male,34,England,White Collar,16.Jul.15,59162.23,5916.223000000001
1240,100001241,Melanie,Dickens,Female,49,England,Blue Collar,16.Jul.15,36294.12,3629.4120000000003
1241,100001242,Samantha,Vaughan,Female,38,England,White Collar,16.Jul.15,34385.32,3438.532
1242,100001243,Sonia,Parr,Female,41,England,White Collar,16.Jul.15,58683.04,5868.304
1243,100001244,Julian,Springer,Male,31,England,White Collar,16.Jul.15,27812.51,2781.251
1244,200001245,Olivia,Metcalfe,Female,59,Scotland,Other,16.Jul.15,39943.69,3994.3690000000006
1245,200001246,Lily,Underwood,Female,62,Scotland,Other,16.Jul.15,23578.96,2357.896
1246,200001247,Donna,Wallace,Female,44,Scotland,Other,16.Jul.15,25692.0,2569.2000000000003
1247,100001248,Mary,North,Female,40,England,Other,17.Jul.15,24204.28,2420.428
1248,100001249,Lisa,Walsh,Female,31,England,Other,17.Jul.15,25016.03,2501.603
1249,100001250,Simon,Cornish,Male,19,England,White Collar,17.Jul.15,12964.93,1296.4930000000002
1250,200001251,Jonathan,Ball,Male,45,Scotland,Blue Collar,17.Jul.15,43733.51,4373.351000000001
1251,200001252,Alan,Campbell,Male,34,Scotland,Blue Collar,17.Jul.15,10309.36,1030.9360000000001
1252,200001253,Mary,Churchill,Female,55,Scotland,Other,17.Jul.15,10738.26,1073.826
1253,300001254,Lauren,Lyman,Female,36,Wales,White Collar,17.Jul.15,9366.57,936.657
1254,300001255,Jane,Rees,Female,39,Wales,White Collar,17.Jul.15,31777.55,3177.755
1255,300001256,Harry,Morrison,Male,50,Wales,White Collar,17.Jul.15,7697.3,769.73
1256,100001257,Stewart,Walsh,Male,33,England,White Collar,18.Jul.15,122002.75,12200.275000000001
1257,100001258,Nicola,Lee,Female,29,England,White Collar,18.Jul.15,16056.76,1605.6760000000002
1258,200001259,Warren,Underwood,Male,49,Scotland,Blue Collar,18.Jul.15,28451.26,2845.126
1259,200001260,Matt,White,Male,52,Scotland,Blue Collar,18.Jul.15,4096.45,409.645
1260,200001261,Blake,Newman,Male,40,Scotland,Blue Collar,18.Jul.15,24646.37,2464.637
1261,300001262,Gabrielle,Wright,Female,29,Wales,White Collar,18.Jul.15,72266.38,7226.638000000001
1262,300001263,Frank,Martin,Male,37,Wales,White Collar,18.Jul.15,66105.06,6610.506
1263,300001264,Michael,Scott,Male,30,Wales,Blue Collar,18.Jul.15,68927.97,6892.7970000000005
1264,100001265,Lillian,Sharp,Female,40,England,Blue Collar,19.Jul.15,31439.06,3143.9060000000004
1265,100001266,Piers,Reid,Male,39,England,White Collar,19.Jul.15,15208.44,1520.844
1266,100001267,Kevin,Buckland,Male,37,England,White Collar,19.Jul.15,32570.65,3257.0650000000005
1267,100001268,Wanda,Jackson,Female,37,England,Blue Collar,19.Jul.15,42453.12,4245.312000000001
1268,100001269,Caroline,Lyman,Female,26,England,White Collar,19.Jul.15,25355.23,2535.523
1269,100001270,Andrew,Campbell,Male,34,England,Other,19.Jul.15,111798.34,11179.834
1270,200001271,Nicola,Cameron,Female,28,Scotland,Other,19.Jul.15,52614.67,5261.467000000001
1271,200001272,Leah,Rees,Female,45,Scotland,Other,19.Jul.15,28231.9,2823.1900000000005
1272,200001273,Luke,Lambert,Male,61,Scotland,Other,19.Jul.15,105354.02,10535.402000000002
1273,100001274,Stewart,Grant,Male,37,England,White Collar,20.Jul.15,34786.14,3478.614
1274,100001275,Lucas,Dyer,Male,34,England,White Collar,20.Jul.15,20628.63,2062.8630000000003
1275,100001276,Richard,McDonald,Male,38,England,White Collar,20.Jul.15,29679.51,2967.951
1276,100001277,Leah,Simpson,Female,35,England,White Collar,20.Jul.15,28974.08,2897.4080000000004
1277,100001278,John,Marshall,Male,40,England,Blue Collar,20.Jul.15,2531.01,253.10100000000003
1278,100001279,Wanda,Morrison,Female,35,England,Blue Collar,20.Jul.15,88873.04,8887.304
1279,100001280,Gordon,Stewart,Male,53,England,Other,20.Jul.15,12714.42,1271.442
1280,100001281,Cameron,Bower,Male,36,England,White Collar,20.Jul.15,16312.01,1631.201
1281,200001282,Matt,Watson,Male,44,Scotland,White Collar,20.Jul.15,242.49,24.249000000000002
1282,200001283,Evan,Burgess,Male,48,Scotland,Blue Collar,20.Jul.15,5725.96,572.596
1283,300001284,Jack,Johnston,Male,41,Wales,White Collar,20.Jul.15,87285.66,8728.566
1284,300001285,Grace,Lyman,Female,32,Wales,White Collar,20.Jul.15,72238.95,7223.895
1285,300001286,Trevor,Bell,Male,37,Wales,White Collar,20.Jul.15,28858.98,2885.898
1286,100001287,Kylie,Morrison,Female,33,England,White Collar,21.Jul.15,23875.68,2387.568
1287,100001288,Virginia,Ferguson,Female,33,England,White Collar,21.Jul.15,16867.36,1686.736
1288,100001289,Peter,Hamilton,Male,43,England,White Collar,21.Jul.15,68113.06,6811.3060000000005
1289,100001290,Joseph,Davies,Male,41,England,White Collar,21.Jul.15,12737.83,1273.7830000000001
1290,100001291,Victor,Berry,Male,27,England,White Collar,21.Jul.15,6825.79,682.5790000000001
1291,100001292,Alexander,Hudson,Male,43,England,White Collar,21.Jul.15,29339.77,2933.9770000000003
1292,100001293,Amy,Avery,Female,31,England,White Collar,21.Jul.15,1330.3,133.03
1293,100001294,Joan,Underwood,Female,36,England,Other,21.Jul.15,6272.99,627.299
1294,200001295,Elizabeth,Clarkson,Female,45,Scotland,Other,21.Jul.15,10628.71,1062.8709999999999
1295,200001296,Alan,Fraser,Male,50,Scotland,White Collar,21.Jul.15,9604.4,960.44
1296,400001297,Christian,Hudson,Male,32,Northern Ireland,Other,21.Jul.15,11297.19,1129.719
1297,100001298,Luke,Walsh,Male,37,England,White Collar,22.Jul.15,17275.34,1727.534
1298,100001299,Adam,Duncan,Male,43,England,White Collar,22.Jul.15,11873.22,1187.322
1299,100001300,Thomas,Morrison,Male,35,England,Other,22.Jul.15,71961.78,7196.178
1300,100001301,Carolyn,Ellison,Female,35,England,White Collar,22.Jul.15,14125.9,1412.5900000000001
1301,100001302,Katherine,Kerr,Female,32,England,White Collar,22.Jul.15,17715.69,1771.569
1302,100001303,Joe,Ball,Male,40,England,White Collar,22.Jul.15,17616.26,1761.626
1303,100001304,Amy,Ogden,Female,41,England,Blue Collar,22.Jul.15,33934.22,3393.4220000000005
1304,100001305,Boris,Morgan,Male,34,England,Blue Collar,22.Jul.15,109300.73,10930.073
1305,100001306,Faith,Kerr,Female,33,England,Blue Collar,22.Jul.15,32418.13,3241.813
1306,100001307,Dorothy,Jackson,Female,31,England,White Collar,22.Jul.15,183467.7,18346.77
1307,100001308,Bella,Jackson,Female,51,England,White Collar,22.Jul.15,58655.75,5865.575000000001
1308,100001309,Colin,Hamilton,Male,35,England,White Collar,22.Jul.15,125015.82,12501.582000000002
1309,100001310,Eric,Sharp,Male,30,England,White Collar,22.Jul.15,21014.53,2101.453
1310,100001311,Michelle,James,Female,39,England,Blue Collar,22.Jul.15,63992.1,6399.21
1311,100001312,Alison,Piper,Female,38,England,White Collar,22.Jul.15,18578.98,1857.8980000000001
1312,100001313,Charles,Hughes,Male,27,England,Blue Collar,22.Jul.15,25524.72,2552.472
1313,100001314,Dan,Short,Male,32,England,White Collar,22.Jul.15,4287.63,428.76300000000003
1314,100001315,Penelope,Churchill,Female,28,England,White Collar,22.Jul.15,31066.94,3106.694
1315,100001316,Simon,Rutherford,Male,25,England,White Collar,22.Jul.15,123865.36,12386.536
1316,100001317,Jan,Russell,Female,29,England,Blue Collar,22.Jul.15,1434.13,143.413
1317,100001318,Michael,Grant,Male,37,England,Blue Collar,22.Jul.15,5234.01,523.4010000000001
1318,100001319,Heather,Blake,Female,21,England,Blue Collar,22.Jul.15,59639.46,5963.946
1319,100001320,Jane,King,Female,38,England,White Collar,22.Jul.15,11.52,1.152
1320,100001321,Steven,Brown,Male,37,England,White Collar,22.Jul.15,28244.63,2824.463
1321,100001322,Carol,Simpson,Female,40,England,White Collar,22.Jul.15,5585.36,558.536
1322,100001323,Owen,Robertson,Male,30,England,White Collar,22.Jul.15,27891.74,2789.1740000000004
1323,100001324,Boris,Hughes,Male,35,England,White Collar,22.Jul.15,8167.59,816.759
1324,100001325,Yvonne,Mitchell,Female,35,England,White Collar,22.Jul.15,43139.15,4313.915
1325,200001326,Natalie,Coleman,Female,53,Scotland,Other,22.Jul.15,40931.28,4093.128
1326,200001327,Kevin,Grant,Male,44,Scotland,Other,22.Jul.15,30778.33,3077.8330000000005
1327,200001328,Blake,Arnold,Male,44,Scotland,Blue Collar,22.Jul.15,37315.31,3731.531
1328,200001329,Michelle,Edmunds,Female,43,Scotland,Other,22.Jul.15,3893.42,389.34200000000004
1329,200001330,Joshua,Black,Male,19,Scotland,White Collar,22.Jul.15,9758.09,975.8090000000001
1330,200001331,Maria,Robertson,Female,56,Scotland,Other,22.Jul.15,6197.21,619.721
1331,200001332,Jake,Abraham,Male,49,Scotland,Blue Collar,22.Jul.15,79844.5,7984.450000000001
1332,200001333,Justin,Fisher,Male,55,Scotland,Blue Collar,22.Jul.15,31708.22,3170.822
1333,200001334,Carl,Stewart,Male,40,Scotland,Other,22.Jul.15,4076.19,407.619
1334,200001335,Connor,Underwood,Male,55,Scotland,Blue Collar,22.Jul.15,54622.95,5462.295
1335,300001336,Dan,Poole,Male,47,Wales,White Collar,22.Jul.15,65701.28,6570.128000000001
1336,300001337,Diane,Stewart,Female,38,Wales,White Collar,22.Jul.15,60149.63,6014.963
1337,300001338,Charles,Simpson,Male,44,Wales,White Collar,22.Jul.15,110880.94,11088.094000000001
1338,300001339,Alexandra,Skinner,Female,40,Wales,Other,22.Jul.15,37204.58,3720.4580000000005
1339,300001340,Lisa,Reid,Female,42,Wales,Other,22.Jul.15,55359.26,5535.926
1340,300001341,Isaac,Burgess,Male,28,Wales,White Collar,22.Jul.15,121021.5,12102.150000000001
1341,400001342,Victoria,Morrison,Female,36,Northern Ireland,Other,22.Jul.15,49294.33,4929.433000000001
1342,400001343,Yvonne,Buckland,Female,31,Northern Ireland,Other,22.Jul.15,6631.42,663.142
1343,400001344,Sebastian,Scott,Male,26,Northern Ireland,Other,22.Jul.15,39569.45,3956.9449999999997
1344,100001345,Carl,Scott,Male,46,England,White Collar,23.Jul.15,49511.64,4951.164000000001
1345,100001346,Deirdre,Clarkson,Female,33,England,White Collar,23.Jul.15,14121.7,1412.17
1346,100001347,Madeleine,Miller,Female,42,England,White Collar,23.Jul.15,96844.75,9684.475
1347,100001348,Faith,Jones,Female,35,England,White Collar,23.Jul.15,31392.78,3139.2780000000002
1348,100001349,Jake,Gray,Male,44,England,White Collar,23.Jul.15,60906.04,6090.604
1349,200001350,Alexander,Bell,Male,46,Scotland,Blue Collar,23.Jul.15,9163.19,916.3190000000001
1350,200001351,Adrian,Knox,Male,45,Scotland,Blue Collar,23.Jul.15,39198.79,3919.8790000000004
1351,200001352,Jasmine,Burgess,Female,49,Scotland,Other,23.Jul.15,21093.17,2109.317
1352,300001353,Maria,Short,Female,34,Wales,White Collar,23.Jul.15,15478.24,1547.824
1353,300001354,Connor,McDonald,Male,41,Wales,White Collar,23.Jul.15,25581.54,2558.1540000000005
1354,400001355,Neil,Baker,Male,25,Northern Ireland,Other,23.Jul.15,44575.02,4457.5019999999995
1355,100001356,Stephanie,Clark,Female,34,England,White Collar,24.Jul.15,4056.75,405.675
1356,100001357,Jack,Ellison,Male,40,England,White Collar,24.Jul.15,67327.11,6732.711
1357,100001358,Edward,Parsons,Male,49,England,Other,24.Jul.15,1426.26,142.626
1358,100001359,Connor,Hamilton,Male,31,England,White Collar,24.Jul.15,24458.0,2445.8
1359,100001360,Brandon,Walker,Male,37,England,White Collar,24.Jul.15,59430.45,5943.045
1360,200001361,Christian,Hemmings,Male,51,Scotland,Other,24.Jul.15,25973.39,2597.339
1361,100001362,Alexandra,King,Female,29,England,Blue Collar,25.Jul.15,18984.55,1898.455
1362,100001363,Gordon,Young,Male,38,England,White Collar,25.Jul.15,77710.39,7771.039000000001
1363,100001364,Karen,Alsop,Female,35,England,Blue Collar,25.Jul.15,38448.21,3844.821
1364,100001365,Kevin,Scott,Male,32,England,White Collar,25.Jul.15,79604.57,7960.457000000001
1365,100001366,Adrian,Johnston,Male,41,England,Blue Collar,25.Jul.15,84302.39,8430.239
1366,100001367,Dominic,Greene,Male,33,England,Blue Collar,25.Jul.15,70028.94,7002.894
1367,100001368,Benjamin,Greene,Male,19,England,White Collar,25.Jul.15,68980.3,6898.030000000001
1368,100001369,Zoe,Murray,Female,49,England,White Collar,25.Jul.15,92941.82,9294.182
1369,100001370,Kylie,Buckland,Female,30,England,Other,25.Jul.15,105695.88,10569.588000000002
1370,100001371,Simon,Paterson,Male,49,England,White Collar,25.Jul.15,18893.22,1889.3220000000001
1371,100001372,Ava,Hart,Female,32,England,White Collar,25.Jul.15,5709.07,570.907
1372,100001373,Joshua,Abraham,Male,24,England,White Collar,25.Jul.15,17127.23,1712.723
1373,200001374,David,Piper,Male,52,Scotland,Blue Collar,25.Jul.15,31428.98,3142.898
1374,200001375,Leah,Quinn,Female,59,Scotland,Other,25.Jul.15,87136.45,8713.645
1375,200001376,Matt,Martin,Male,48,Scotland,Other,25.Jul.15,40174.57,4017.4570000000003
1376,200001377,Boris,Roberts,Male,53,Scotland,Blue Collar,25.Jul.15,15775.81,1577.5810000000001
1377,200001378,Benjamin,Roberts,Male,27,Scotland,Blue Collar,25.Jul.15,20963.64,2096.364
1378,200001379,Alan,Mackay,Male,56,Scotland,Blue Collar,25.Jul.15,43145.1,4314.51
1379,400001380,Ryan,Springer,Male,27,Northern Ireland,White Collar,25.Jul.15,22674.03,2267.403
1380,100001381,Sebastian,Allan,Male,30,England,Blue Collar,26.Jul.15,32676.42,3267.642
1381,100001382,Brandon,Knox,Male,34,England,White Collar,26.Jul.15,26897.8,2689.78
1382,100001383,Hannah,Jackson,Female,30,England,White Collar,26.Jul.15,39515.0,3951.5
1383,100001384,Sam,Ellison,Male,52,England,White Collar,26.Jul.15,23112.67,2311.267
1384,100001385,Peter,Forsyth,Male,26,England,White Collar,26.Jul.15,52604.44,5260.444
1385,100001386,Austin,Turner,Male,45,England,White Collar,26.Jul.15,28673.76,2867.376
1386,100001387,Jack,Churchill,Male,31,England,White Collar,26.Jul.15,31181.91,3118.1910000000003
1387,100001388,Trevor,Davidson,Male,38,England,White Collar,26.Jul.15,7098.63,709.863
1388,200001389,Isaac,Lee,Male,55,Scotland,Blue Collar,26.Jul.15,69349.56,6934.956
1389,200001390,Christopher,Allan,Male,54,Scotland,Blue Collar,26.Jul.15,90166.9,9016.69
1390,200001391,Nathan,Hughes,Male,44,Scotland,Blue Collar,26.Jul.15,56071.51,5607.151000000001
1391,300001392,Joanne,Wright,Female,35,Wales,White Collar,26.Jul.15,39692.86,3969.286
1392,400001393,Wanda,Peake,Female,21,Northern Ireland,Blue Collar,26.Jul.15,11236.25,1123.625
1393,100001394,Ella,Knox,Female,31,England,Other,27.Jul.15,1173.73,117.373
1394,100001395,Penelope,Duncan,Female,39,England,White Collar,27.Jul.15,6861.44,686.144
1395,100001396,Diane,Powell,Female,32,England,Blue Collar,27.Jul.15,41881.91,4188.191000000001
1396,100001397,Jason,Piper,Male,36,England,White Collar,27.Jul.15,23674.84,2367.484
1397,100001398,Stephanie,Avery,Female,34,England,White Collar,27.Jul.15,22701.72,2270.172
1398,100001399,Gavin,Burgess,Male,34,England,White Collar,27.Jul.15,58648.57,5864.857
1399,100001400,Tracey,Gray,Female,41,England,White Collar,27.Jul.15,23182.6,2318.2599999999998
1400,100001401,Grace,Ellison,Female,29,England,Other,27.Jul.15,33563.67,3356.367
1401,200001402,Stewart,Roberts,Male,48,Scotland,Blue Collar,27.Jul.15,1208.06,120.806
1402,200001403,Adam,Martin,Male,39,Scotland,Blue Collar,27.Jul.15,1255.52,125.552
1403,200001404,Warren,Underwood,Male,32,Scotland,Other,27.Jul.15,1361.83,136.183
1404,200001405,William,Hamilton,Male,52,Scotland,Blue Collar,27.Jul.15,59450.29,5945.029
1405,200001406,Anne,Wallace,Female,49,Scotland,Other,27.Jul.15,74079.13,7407.9130000000005
1406,200001407,Nicholas,James,Male,55,Scotland,Other,27.Jul.15,3397.32,339.732
1407,300001408,Tracey,Hughes,Female,40,Wales,White Collar,27.Jul.15,33801.26,3380.126
1408,300001409,Oliver,Reid,Male,39,Wales,White Collar,27.Jul.15,43262.53,4326.253
1409,300001410,Boris,Metcalfe,Male,43,Wales,White Collar,27.Jul.15,115674.98,11567.498
1410,300001411,Ava,White,Female,38,Wales,White Collar,27.Jul.15,14400.39,1440.039
1411,300001412,Amy,Metcalfe,Female,35,Wales,White Collar,27.Jul.15,44201.14,4420.1140000000005
1412,400001413,Rachel,Nolan,Female,52,Northern Ireland,Other,27.Jul.15,7764.71,776.471
1413,100001414,Stephen,Ogden,Male,29,England,Other,28.Jul.15,106821.73,10682.173
1414,100001415,Jessica,Howard,Female,30,England,White Collar,28.Jul.15,2467.17,246.717
1415,100001416,Jason,Nash,Male,44,England,White Collar,28.Jul.15,23330.41,2333.041
1416,100001417,Audrey,Robertson,Female,37,England,Blue Collar,28.Jul.15,43420.7,4342.07
1417,100001418,Adam,MacDonald,Male,41,England,White Collar,28.Jul.15,14899.94,1489.9940000000001
1418,100001419,Lillian,Mathis,Female,43,England,White Collar,28.Jul.15,114.69,11.469000000000001
1419,100001420,Gabrielle,Underwood,Female,38,England,White Collar,28.Jul.15,51616.07,5161.607
1420,100001421,Pippa,Langdon,Female,38,England,White Collar,28.Jul.15,37866.52,3786.652
1421,100001422,Jasmine,Hodges,Female,29,England,Other,28.Jul.15,46543.51,4654.351000000001
1422,200001423,Chloe,Oliver,Female,50,Scotland,Other,28.Jul.15,99770.73,9977.073
1423,200001424,Phil,Nolan,Male,42,Scotland,Blue Collar,28.Jul.15,37912.46,3791.246
1424,300001425,Leah,Black,Female,28,Wales,White Collar,28.Jul.15,91237.59,9123.759
1425,400001426,Dominic,Young,Male,17,Northern Ireland,Other,28.Jul.15,5158.87,515.8870000000001
1426,100001427,Leah,Young,Female,35,England,White Collar,29.Jul.15,44622.79,4462.279
1427,100001428,Julia,Coleman,Female,38,England,White Collar,29.Jul.15,81724.65,8172.465
1428,100001429,David,Lyman,Male,32,England,White Collar,29.Jul.15,13668.23,1366.823
1429,100001430,Cameron,Young,Male,40,England,Other,29.Jul.15,29293.29,2929.329
1430,100001431,Lucas,Grant,Male,32,England,White Collar,29.Jul.15,55348.18,5534.818
1431,100001432,Nicola,Metcalfe,Female,27,England,White Collar,29.Jul.15,57283.14,5728.314
1432,100001433,Sebastian,Baker,Male,38,England,White Collar,29.Jul.15,16024.43,1602.4430000000002
1433,100001434,Phil,Chapman,Male,31,England,Blue Collar,29.Jul.15,20238.12,2023.812
1434,200001435,Peter,Welch,Male,51,Scotland,Blue Collar,29.Jul.15,4188.63,418.86300000000006
1435,200001436,Leonard,Jones,Male,56,Scotland,Blue Collar,29.Jul.15,11897.17,1189.717
1436,200001437,Ruth,Kelly,Female,48,Scotland,Other,29.Jul.15,7764.14,776.4140000000001
1437,200001438,Isaac,Kelly,Male,60,Scotland,White Collar,29.Jul.15,74666.21,7466.621000000001
1438,200001439,Boris,Paige,Male,59,Scotland,Other,29.Jul.15,23907.86,2390.786
1439,200001440,Colin,Hill,Male,50,Scotland,Blue Collar,29.Jul.15,4557.94,455.794
1440,200001441,Lucas,North,Male,51,Scotland,Other,29.Jul.15,53537.01,5353.701000000001
1441,300001442,Jessica,Tucker,Female,46,Wales,White Collar,29.Jul.15,9867.56,986.756
1442,300001443,Jane,Miller,Female,43,Wales,White Collar,29.Jul.15,54434.04,5443.404
1443,300001444,Adam,Wilkins,Male,29,Wales,Blue Collar,29.Jul.15,32447.58,3244.7580000000003
1444,100001445,Rebecca,Jackson,Female,28,England,Other,30.Jul.15,10688.34,1068.834
1445,100001446,Lucas,Paige,Male,36,England,White Collar,30.Jul.15,2385.47,238.547
1446,100001447,Ian,Miller,Male,43,England,White Collar,30.Jul.15,15879.52,1587.9520000000002
1447,100001448,Anna,Mackay,Female,27,England,Blue Collar,30.Jul.15,59292.8,5929.280000000001
1448,100001449,Diane,Wilkins,Female,27,England,Other,30.Jul.15,30992.37,3099.237
1449,200001450,Jake,Clark,Male,52,Scotland,Other,30.Jul.15,13419.57,1341.957
1450,200001451,Warren,Hamilton,Male,53,Scotland,Other,30.Jul.15,25797.17,2579.717
1451,200001452,Jonathan,Lawrence,Male,47,Scotland,Blue Collar,30.Jul.15,48667.64,4866.764
1452,200001453,Elizabeth,Russell,Female,53,Scotland,Other,30.Jul.15,51621.76,5162.176
1453,200001454,Leah,Walker,Female,59,Scotland,Other,30.Jul.15,55368.66,5536.866000000001
1454,200001455,Brian,Manning,Male,59,Scotland,Blue Collar,30.Jul.15,19832.01,1983.201
1455,300001456,Dominic,Jackson,Male,40,Wales,White Collar,30.Jul.15,3615.89,361.589
1456,400001457,Diane,Tucker,Female,37,Northern Ireland,White Collar,30.Jul.15,13937.18,1393.718
1457,100001458,Abigail,Powell,Female,30,England,White Collar,31.Jul.15,79094.42,7909.442
1458,100001459,Katherine,Mills,Female,37,England,White Collar,31.Jul.15,122248.3,12224.830000000002
1459,100001460,Rose,Morrison,Female,34,England,White Collar,31.Jul.15,125101.37,12510.137
1460,100001461,Alexander,Clarkson,Male,30,England,White Collar,31.Jul.15,68336.84,6833.684
1461,100001462,Zoe,Bell,Female,39,England,White Collar,31.Jul.15,16956.0,1695.6000000000001
1462,200001463,Katherine,Sanderson,Female,38,Scotland,Other,31.Jul.15,37115.03,3711.503
1463,200001464,Bernadette,Watson,Female,43,Scotland,Other,31.Jul.15,10513.17,1051.317
1464,300001465,Lily,Hart,Female,34,Wales,White Collar,31.Jul.15,1090.67,109.06700000000001
1465,300001466,Jonathan,Clark,Male,34,Wales,Blue Collar,31.Jul.15,1400.26,140.026
1466,400001467,Ryan,Poole,Male,23,Northern Ireland,Blue Collar,31.Jul.15,106836.0,10683.6
1467,400001468,Robert,Lawrence,Male,30,Northern Ireland,White Collar,31.Jul.15,33024.7,3302.47
1468,100001469,Warren,Walker,Male,39,England,Blue Collar,01.Aug.15,88544.22,8854.422
1469,100001470,Colin,May,Male,43,England,Blue Collar,01.Aug.15,39702.48,3970.2480000000005
1470,100001471,Olivia,Graham,Female,29,England,White Collar,01.Aug.15,69174.72,6917.472000000001
1471,100001472,Christian,Ross,Male,28,England,Blue Collar,01.Aug.15,22336.22,2233.6220000000003
1472,100001473,Olivia,Scott,Female,38,England,Other,01.Aug.15,54104.73,5410.473000000001
1473,100001474,Lily,Cornish,Female,23,England,Blue Collar,01.Aug.15,2092.59,209.25900000000001
1474,100001475,Irene,Blake,Female,36,England,White Collar,01.Aug.15,40233.57,4023.357
1475,200001476,Connor,Peake,Male,46,Scotland,Blue Collar,01.Aug.15,87192.65,8719.265
1476,200001477,Sam,Lawrence,Male,44,Scotland,Blue Collar,01.Aug.15,86652.4,8665.24
1477,200001478,Benjamin,Parsons,Male,46,Scotland,Blue Collar,01.Aug.15,70621.1,7062.110000000001
1478,200001479,Nicholas,Black,Male,60,Scotland,Other,01.Aug.15,89173.1,8917.310000000001
1479,300001480,Matt,Rampling,Male,46,Wales,Blue Collar,01.Aug.15,91216.49,9121.649000000001
1480,300001481,Jennifer,Mitchell,Female,29,Wales,White Collar,01.Aug.15,29355.49,2935.5490000000004
1481,100001482,Trevor,Churchill,Male,31,England,White Collar,02.Aug.15,24498.39,2449.839
1482,100001483,Samantha,Kerr,Female,25,England,White Collar,02.Aug.15,5834.39,583.4390000000001
1483,100001484,Eric,Poole,Male,41,England,White Collar,02.Aug.15,79036.3,7903.630000000001
1484,100001485,Sebastian,Bailey,Male,33,England,White Collar,02.Aug.15,48891.91,4889.191000000001
1485,200001486,Maria,Metcalfe,Female,43,Scotland,Other,02.Aug.15,40730.74,4073.074
1486,200001487,Joseph,Bailey,Male,58,Scotland,Other,02.Aug.15,19164.52,1916.4520000000002
1487,200001488,Harry,Hunter,Male,56,Scotland,Other,02.Aug.15,59975.14,5997.514
1488,200001489,Grace,Walker,Female,53,Scotland,White Collar,02.Aug.15,19634.21,1963.421
1489,300001490,Richard,Wallace,Male,43,Wales,White Collar,02.Aug.15,47373.56,4737.356
1490,100001491,Joan,Short,Female,36,England,Other,03.Aug.15,56430.27,5643.027
1491,100001492,Ian,Henderson,Male,27,England,White Collar,03.Aug.15,40625.59,4062.5589999999997
1492,100001493,Dominic,Hughes,Male,27,England,Blue Collar,03.Aug.15,39881.74,3988.174
1493,100001494,Amelia,Glover,Female,31,England,White Collar,03.Aug.15,84543.25,8454.325
1494,100001495,Connor,Russell,Male,36,England,White Collar,03.Aug.15,65592.55,6559.255000000001
1495,100001496,Jack,Berry,Male,31,England,White Collar,03.Aug.15,34212.84,3421.2839999999997
1496,100001497,Nathan,Alsop,Male,35,England,White Collar,03.Aug.15,19857.03,1985.703
1497,100001498,Fiona,Springer,Female,32,England,White Collar,03.Aug.15,30225.62,3022.562
1498,200001499,Cameron,Ellison,Male,64,Scotland,Blue Collar,03.Aug.15,71106.33,7110.633000000001
1499,200001500,Blake,Roberts,Male,57,Scotland,Blue Collar,03.Aug.15,26137.76,2613.776
1500,200001501,Frank,Gibson,Male,45,Scotland,Blue Collar,03.Aug.15,41160.57,4116.057
1501,200001502,Stewart,Vaughan,Male,57,Scotland,Blue Collar,03.Aug.15,141792.5,14179.25
1502,400001503,Madeleine,Hill,Female,33,Northern Ireland,Blue Collar,03.Aug.15,59125.17,5912.517
1503,100001504,Sonia,Rees,Female,34,England,Other,04.Aug.15,23145.58,2314.5580000000004
1504,100001505,Christopher,Berry,Male,36,England,White Collar,04.Aug.15,19076.5,1907.65
1505,100001506,Una,Ball,Female,38,England,White Collar,04.Aug.15,25195.87,2519.587
1506,100001507,Lillian,Mitchell,Female,28,England,White Collar,04.Aug.15,38920.96,3892.096
1507,100001508,Owen,Vaughan,Male,27,England,White Collar,04.Aug.15,2504.74,250.474
1508,100001509,Deirdre,Peters,Female,26,England,White Collar,04.Aug.15,19090.8,1909.08
1509,200001510,Neil,MacLeod,Male,49,Scotland,Blue Collar,04.Aug.15,42654.47,4265.447
1510,200001511,Ryan,Carr,Male,45,Scotland,Other,04.Aug.15,27154.95,2715.4950000000003
1511,200001512,James,Thomson,Male,43,Scotland,Blue Collar,04.Aug.15,35520.18,3552.018
1512,300001513,Liam,Johnston,Male,44,Wales,Blue Collar,04.Aug.15,53325.85,5332.585
1513,100001514,Joanne,Davidson,Female,30,England,Blue Collar,05.Aug.15,94490.55,9449.055
1514,100001515,Frank,Blake,Male,36,England,Other,05.Aug.15,46324.39,4632.439
1515,100001516,Julian,Thomson,Male,31,England,White Collar,05.Aug.15,8857.19,885.719
1516,200001517,Tim,Sanderson,Male,53,Scotland,Other,05.Aug.15,13667.27,1366.727
1517,200001518,Grace,Brown,Female,51,Scotland,Other,05.Aug.15,29889.68,2988.9680000000003
1518,200001519,Gabrielle,Chapman,Female,38,Scotland,Other,05.Aug.15,114945.55,11494.555
1519,300001520,Bernadette,McGrath,Female,47,Wales,Other,05.Aug.15,71574.75,7157.475
1520,400001521,Abigail,Mathis,Female,28,Northern Ireland,Other,05.Aug.15,19160.55,1916.055
1521,400001522,Jack,Lewis,Male,35,Northern Ireland,Other,05.Aug.15,33042.13,3304.2129999999997
1522,400001523,Ella,Knox,Female,18,Northern Ireland,Blue Collar,05.Aug.15,31948.6,3194.86
1523,100001524,Lillian,Scott,Female,36,England,White Collar,06.Aug.15,50523.67,5052.367
1524,100001525,Justin,Watson,Male,23,England,White Collar,06.Aug.15,40230.42,4023.042
1525,100001526,Jonathan,Duncan,Male,48,England,Other,06.Aug.15,4901.23,490.123
1526,100001527,Victoria,Dowd,Female,47,England,White Collar,06.Aug.15,18860.64,1886.064
1527,300001528,Austin,Dickens,Male,27,Wales,White Collar,06.Aug.15,17541.06,1754.1060000000002
1528,300001529,Harry,Bailey,Male,43,Wales,Other,06.Aug.15,51598.1,5159.81
1529,300001530,Emily,Hodges,Female,45,Wales,Other,06.Aug.15,22305.13,2230.5130000000004
1530,400001531,Molly,Springer,Female,31,Northern Ireland,Blue Collar,06.Aug.15,46207.53,4620.753
1531,100001532,Paul,Glover,Male,51,England,Blue Collar,07.Aug.15,42316.94,4231.694
1532,100001533,Chloe,Gibson,Female,39,England,White Collar,07.Aug.15,5133.32,513.332
1533,100001534,Anthony,Buckland,Male,37,England,Blue Collar,07.Aug.15,54533.59,5453.359
1534,100001535,Gavin,Terry,Male,39,England,White Collar,07.Aug.15,21204.79,2120.4790000000003
1535,100001536,Isaac,Fraser,Male,45,England,White Collar,07.Aug.15,18027.52,1802.7520000000002
1536,100001537,Adam,Bailey,Male,26,England,White Collar,07.Aug.15,8708.57,870.857
1537,300001538,Una,Bailey,Female,47,Wales,White Collar,07.Aug.15,43260.49,4326.049
1538,300001539,Amelia,Peake,Female,37,Wales,White Collar,07.Aug.15,53825.25,5382.525000000001
1539,100001540,John,Morgan,Male,33,England,Other,08.Aug.15,18305.03,1830.503
1540,100001541,Simon,Chapman,Male,30,England,Other,08.Aug.15,83041.14,8304.114
1541,100001542,Dorothy,White,Female,30,England,Other,08.Aug.15,86591.86,8659.186
1542,100001543,Evan,Arnold,Male,26,England,White Collar,08.Aug.15,12883.77,1288.3770000000002
1543,100001544,Wanda,Hill,Female,25,England,White Collar,08.Aug.15,45618.61,4561.861
1544,100001545,Nicholas,Thomson,Male,30,England,White Collar,08.Aug.15,38121.48,3812.1480000000006
1545,100001546,Victoria,Clarkson,Female,37,England,White Collar,08.Aug.15,7467.05,746.705
1546,100001547,Dorothy,Churchill,Female,38,England,Other,08.Aug.15,80338.65,8033.865
1547,100001548,Maria,Kelly,Female,35,England,Blue Collar,08.Aug.15,87960.01,8796.001
1548,200001549,Evan,Sharp,Male,55,Scotland,Blue Collar,08.Aug.15,10903.24,1090.324
1549,200001550,Cameron,Underwood,Male,50,Scotland,Blue Collar,08.Aug.15,28141.86,2814.186
1550,400001551,Anna,Scott,Female,36,Northern Ireland,Other,08.Aug.15,11566.5,1156.65
1551,100001552,Megan,Buckland,Female,36,England,Blue Collar,09.Aug.15,23247.17,2324.717
1552,100001553,Julian,Blake,Male,44,England,Blue Collar,09.Aug.15,10912.78,1091.278
1553,100001554,Dominic,Howard,Male,34,England,White Collar,09.Aug.15,94732.96,9473.296
1554,100001555,Dan,Cameron,Male,47,England,Other,09.Aug.15,26891.41,2689.141
1555,100001556,Anna,Rampling,Female,25,England,White Collar,09.Aug.15,66105.55,6610.555
1556,100001557,Boris,Anderson,Male,29,England,White Collar,09.Aug.15,2987.04,298.704
1557,100001558,Caroline,Roberts,Female,37,England,White Collar,09.Aug.15,60167.62,6016.762000000001
1558,100001559,Oliver,Gray,Male,46,England,White Collar,09.Aug.15,4439.7,443.97
1559,100001560,Sally,Bell,Female,35,England,White Collar,09.Aug.15,26366.52,2636.652
1560,200001561,Adam,Coleman,Male,52,Scotland,Blue Collar,09.Aug.15,104693.27,10469.327000000001
1561,200001562,Luke,Wright,Male,58,Scotland,Other,09.Aug.15,66875.08,6687.508000000001
1562,300001563,Oliver,Wright,Male,49,Wales,White Collar,09.Aug.15,32867.5,3286.75
1563,100001564,Samantha,Bell,Female,24,England,White Collar,10.Aug.15,86123.0,8612.300000000001
1564,100001565,Gabrielle,Miller,Female,39,England,White Collar,10.Aug.15,68694.44,6869.444
1565,100001566,Donna,Hardacre,Female,40,England,White Collar,10.Aug.15,85043.83,8504.383
1566,200001567,John,Wilkins,Male,48,Scotland,Blue Collar,10.Aug.15,35874.31,3587.431
1567,200001568,Nathan,Walker,Male,36,Scotland,Blue Collar,10.Aug.15,53585.22,5358.522000000001
1568,200001569,Jack,Pullman,Male,58,Scotland,Other,10.Aug.15,54124.86,5412.486000000001
1569,200001570,Trevor,Sutherland,Male,38,Scotland,Blue Collar,10.Aug.15,89551.4,8955.14
1570,200001571,Ian,Alsop,Male,52,Scotland,Blue Collar,10.Aug.15,4661.79,466.17900000000003
1571,200001572,Harry,Reid,Male,60,Scotland,Blue Collar,10.Aug.15,23755.34,2375.534
1572,200001573,Adam,Campbell,Male,31,Scotland,White Collar,10.Aug.15,124232.17,12423.217
1573,200001574,Leonard,Kerr,Male,56,Scotland,Other,10.Aug.15,69022.66,6902.2660000000005
1574,300001575,James,Payne,Male,33,Wales,White Collar,10.Aug.15,120278.47,12027.847000000002
1575,300001576,Gavin,Ross,Male,41,Wales,White Collar,10.Aug.15,52335.99,5233.599
1576,300001577,Anne,Abraham,Female,38,Wales,White Collar,10.Aug.15,31609.57,3160.9570000000003
1577,400001578,Emily,Harris,Female,34,Northern Ireland,Other,10.Aug.15,4951.65,495.16499999999996
1578,100001579,Trevor,Peake,Male,43,England,Blue Collar,11.Aug.15,36109.27,3610.9269999999997
1579,100001580,Penelope,Coleman,Female,36,England,White Collar,11.Aug.15,7039.42,703.942
1580,100001581,Lauren,May,Female,40,England,Other,11.Aug.15,27602.78,2760.2780000000002
1581,100001582,Kimberly,Ball,Female,43,England,White Collar,11.Aug.15,36694.01,3669.4010000000003
1582,100001583,David,Ince,Male,36,England,White Collar,11.Aug.15,3374.77,337.47700000000003
1583,100001584,Tim,Davidson,Male,33,England,White Collar,11.Aug.15,35607.63,3560.763
1584,200001585,Dylan,Young,Male,42,Scotland,Other,11.Aug.15,112917.42,11291.742
1585,200001586,Vanessa,Allan,Female,54,Scotland,Other,11.Aug.15,80616.31,8061.631
1586,200001587,Jake,Ellison,Male,64,Scotland,Other,11.Aug.15,14242.57,1424.257
1587,300001588,Jacob,Hart,Male,42,Wales,Blue Collar,11.Aug.15,19473.74,1947.3740000000003
1588,300001589,Liam,Jackson,Male,37,Wales,Blue Collar,11.Aug.15,94647.65,9464.765
1589,300001590,Brian,Chapman,Male,21,Wales,White Collar,11.Aug.15,30442.37,3044.237
1590,300001591,Sean,North,Male,28,Wales,White Collar,11.Aug.15,32031.95,3203.195
1591,100001592,Jonathan,Vaughan,Male,32,England,White Collar,12.Aug.15,32344.1,3234.41
1592,100001593,Hannah,Churchill,Female,36,England,White Collar,12.Aug.15,29876.68,2987.668
1593,100001594,Madeleine,Walsh,Female,47,England,White Collar,12.Aug.15,86222.34,8622.234
1594,100001595,Bella,Avery,Female,40,England,Blue Collar,12.Aug.15,13612.39,1361.239
1595,100001596,Yvonne,Miller,Female,29,England,White Collar,12.Aug.15,53197.64,5319.764
1596,200001597,Heather,Young,Female,45,Scotland,Other,12.Aug.15,4151.14,415.11400000000003
1597,200001598,Peter,Manning,Male,51,Scotland,Blue Collar,12.Aug.15,36707.21,3670.721
1598,300001599,Adrian,Blake,Male,29,Wales,White Collar,12.Aug.15,74898.55,7489.8550000000005
1599,400001600,Abigail,Harris,Female,39,Northern Ireland,Blue Collar,12.Aug.15,21272.69,2127.269
1600,100001601,Keith,Duncan,Male,40,England,White Collar,13.Aug.15,48998.08,4899.808
1601,100001602,Karen,Grant,Female,39,England,Other,13.Aug.15,21827.12,2182.712
1602,100001603,James,Underwood,Male,42,England,White Collar,13.Aug.15,96088.41,9608.841
1603,100001604,Angela,Hill,Female,37,England,Other,13.Aug.15,89906.69,8990.669
1604,100001605,Sonia,Newman,Female,27,England,Other,13.Aug.15,34178.68,3417.8680000000004
1605,100001606,David,Kerr,Male,36,England,White Collar,13.Aug.15,64281.78,6428.178
1606,100001607,Andrew,Jones,Male,33,England,Blue Collar,13.Aug.15,50819.63,5081.963
1607,100001608,Amelia,Gray,Female,39,England,White Collar,13.Aug.15,44286.24,4428.624
1608,200001609,Yvonne,Dickens,Female,64,Scotland,Other,13.Aug.15,23522.36,2352.2360000000003
1609,200001610,Ian,Baker,Male,44,Scotland,White Collar,13.Aug.15,4442.02,444.20200000000006
1610,200001611,Sonia,Taylor,Female,26,Scotland,Blue Collar,13.Aug.15,76714.19,7671.419000000001
1611,200001612,Brian,Alsop,Male,61,Scotland,Other,13.Aug.15,4926.12,492.612
1612,200001613,Sean,Parsons,Male,55,Scotland,Blue Collar,13.Aug.15,15817.09,1581.709
1613,300001614,Blake,Blake,Male,29,Wales,Other,13.Aug.15,87844.61,8784.461000000001
1614,100001615,Emma,Black,Female,32,England,Other,14.Aug.15,71324.35,7132.435000000001
1615,100001616,Sophie,Graham,Female,25,England,White Collar,14.Aug.15,42773.9,4277.39
1616,100001617,Tracey,Bailey,Female,36,England,White Collar,14.Aug.15,57272.58,5727.258000000001
1617,100001618,Christopher,Terry,Male,26,England,Other,14.Aug.15,64330.34,6433.034
1618,100001619,Joanne,Burgess,Female,28,England,White Collar,14.Aug.15,14786.28,1478.6280000000002
1619,100001620,Rose,Glover,Female,41,England,Blue Collar,14.Aug.15,12978.24,1297.824
1620,100001621,Dominic,Payne,Male,29,England,White Collar,14.Aug.15,31044.8,3104.48
1621,200001622,Alan,Pullman,Male,51,Scotland,Other,14.Aug.15,11139.78,1113.978
1622,200001623,Eric,Tucker,Male,55,Scotland,Blue Collar,14.Aug.15,18087.62,1808.762
1623,200001624,Isaac,Walsh,Male,51,Scotland,Other,14.Aug.15,879.78,87.97800000000001
1624,200001625,Sam,Fisher,Male,51,Scotland,Other,14.Aug.15,1753.34,175.334
1625,300001626,Sue,Rutherford,Female,37,Wales,White Collar,14.Aug.15,7981.83,798.183
1626,300001627,Lucas,White,Male,45,Wales,White Collar,14.Aug.15,18035.37,1803.537
1627,300001628,Lillian,Dowd,Female,45,Wales,Other,14.Aug.15,53783.65,5378.365000000001
1628,300001629,Lily,Clarkson,Female,36,Wales,Other,14.Aug.15,9679.91,967.991
1629,400001630,Nicola,Pullman,Female,28,Northern Ireland,Other,14.Aug.15,40163.92,4016.392
1630,100001631,Lisa,Lambert,Female,28,England,White Collar,15.Aug.15,17565.51,1756.551
1631,100001632,Jan,Avery,Female,28,England,White Collar,15.Aug.15,8195.76,819.576
1632,100001633,Blake,Parsons,Male,34,England,White Collar,15.Aug.15,19053.75,1905.375
1633,100001634,Keith,Edmunds,Male,28,England,White Collar,15.Aug.15,8958.39,895.8389999999999
1634,100001635,Lauren,Manning,Female,34,England,White Collar,15.Aug.15,131464.91,13146.491000000002
1635,100001636,Steven,Sharp,Male,23,England,Other,15.Aug.15,5257.22,525.7220000000001
1636,100001637,Samantha,Ferguson,Female,26,England,White Collar,16.Aug.15,5526.87,552.687
1637,200001638,Jonathan,North,Male,63,Scotland,Other,16.Aug.15,8391.79,839.1790000000001
1638,200001639,Joan,Wright,Female,57,Scotland,White Collar,16.Aug.15,34948.54,3494.8540000000003
1639,200001640,Christopher,Underwood,Male,64,Scotland,Blue Collar,16.Aug.15,47115.07,4711.5070000000005
1640,300001641,Jonathan,Langdon,Male,28,Wales,White Collar,16.Aug.15,77211.46,7721.146000000001
1641,300001642,Keith,Fisher,Male,41,Wales,White Collar,16.Aug.15,112243.76,11224.376
1642,100001643,Adam,Walsh,Male,40,England,White Collar,17.Aug.15,61559.53,6155.953
1643,100001644,Wendy,Vaughan,Female,41,England,Other,17.Aug.15,19269.63,1926.9630000000002
1644,100001645,Sonia,Morgan,Female,44,England,White Collar,17.Aug.15,46153.29,4615.329000000001
1645,100001646,Rebecca,Peters,Female,31,England,White Collar,17.Aug.15,45730.02,4573.0019999999995
1646,100001647,Sean,Ince,Male,24,England,Blue Collar,17.Aug.15,19278.39,1927.839
1647,200001648,Andrew,Wilkins,Male,41,Scotland,Other,17.Aug.15,57520.31,5752.031
1648,200001649,Steven,Gray,Male,55,Scotland,Blue Collar,17.Aug.15,44489.44,4448.944
1649,200001650,Peter,McLean,Male,34,Scotland,Other,17.Aug.15,21134.53,2113.453
1650,300001651,Emma,Mitchell,Female,21,Wales,White Collar,17.Aug.15,45899.62,4589.962
1651,300001652,Adam,Forsyth,Male,39,Wales,Other,17.Aug.15,72866.17,7286.617
1652,100001653,James,Chapman,Male,35,England,Blue Collar,18.Aug.15,16479.12,1647.912
1653,100001654,Victoria,Edmunds,Female,18,England,White Collar,18.Aug.15,36706.84,3670.6839999999997
1654,100001655,Kevin,Forsyth,Male,40,England,White Collar,18.Aug.15,20906.27,2090.627
1655,100001656,Tim,King,Male,38,England,White Collar,18.Aug.15,52100.59,5210.059
1656,100001657,Dominic,Nolan,Male,30,England,White Collar,18.Aug.15,32400.35,3240.035
1657,100001658,Leah,MacLeod,Female,39,England,White Collar,18.Aug.15,6904.7,690.47
1658,100001659,Diane,Lee,Female,33,England,Blue Collar,18.Aug.15,19416.33,1941.6330000000003
1659,100001660,Boris,Harris,Male,40,England,White Collar,18.Aug.15,80678.36,8067.836
1660,100001661,Neil,Gray,Male,26,England,White Collar,18.Aug.15,12604.91,1260.491
1661,200001662,Anthony,Graham,Male,46,Scotland,Blue Collar,18.Aug.15,48967.15,4896.715
1662,200001663,Diane,Clarkson,Female,56,Scotland,Other,18.Aug.15,25452.8,2545.28
1663,200001664,Edward,Young,Male,33,Scotland,Other,18.Aug.15,65608.68,6560.8679999999995
1664,200001665,Gabrielle,McLean,Female,43,Scotland,Other,18.Aug.15,63757.4,6375.740000000001
1665,400001666,Jake,Mathis,Male,35,Northern Ireland,White Collar,18.Aug.15,9465.58,946.558
1666,100001667,Bernadette,Piper,Female,56,England,White Collar,19.Aug.15,997.01,99.70100000000001
1667,200001668,Liam,Dickens,Male,62,Scotland,Blue Collar,19.Aug.15,18687.01,1868.701
1668,200001669,Jan,Knox,Female,47,Scotland,Other,19.Aug.15,48268.62,4826.862
1669,200001670,Gordon,Vance,Male,45,Scotland,Other,19.Aug.15,69809.23,6980.923
1670,400001671,Bernadette,Metcalfe,Female,17,Northern Ireland,Blue Collar,19.Aug.15,97610.35,9761.035000000002
1671,100001672,Katherine,Berry,Female,45,England,White Collar,20.Aug.15,20228.5,2022.8500000000001
1672,100001673,Jacob,Mathis,Male,39,England,White Collar,20.Aug.15,10188.53,1018.8530000000001
1673,100001674,Irene,Alsop,Female,46,England,White Collar,20.Aug.15,7003.01,700.301
1674,100001675,Emma,Pullman,Female,42,England,Other,20.Aug.15,19699.45,1969.9450000000002
1675,100001676,Madeleine,Bower,Female,27,England,Blue Collar,20.Aug.15,32313.23,3231.3230000000003
1676,200001677,Joan,Jones,Female,56,Scotland,Other,20.Aug.15,115592.15,11559.215
1677,200001678,Amanda,Henderson,Female,47,Scotland,Other,20.Aug.15,10671.26,1067.126
1678,200001679,Victor,Arnold,Male,61,Scotland,Blue Collar,20.Aug.15,114858.67,11485.867
1679,300001680,Anna,Murray,Female,33,Wales,White Collar,20.Aug.15,8271.07,827.107
1680,300001681,Leonard,Tucker,Male,29,Wales,White Collar,20.Aug.15,30556.05,3055.605
1681,400001682,Lauren,Jones,Female,31,Northern Ireland,Other,20.Aug.15,30914.02,3091.402
1682,400001683,Felicity,Vance,Female,24,Northern Ireland,Other,20.Aug.15,2617.17,261.71700000000004
1683,100001684,Lily,Bond,Female,30,England,White Collar,21.Aug.15,54749.13,5474.9130000000005
1684,100001685,Nicholas,Clarkson,Male,44,England,White Collar,21.Aug.15,27673.63,2767.3630000000003
1685,100001686,Edward,Watson,Male,36,England,Other,21.Aug.15,74026.52,7402.652000000001
1686,100001687,Pippa,Coleman,Female,34,England,White Collar,21.Aug.15,24827.57,2482.757
1687,100001688,Ryan,Pullman,Male,31,England,White Collar,21.Aug.15,90760.82,9076.082
1688,100001689,Jan,McGrath,Female,32,England,White Collar,21.Aug.15,86890.77,8689.077000000001
1689,100001690,Paul,Hunter,Male,48,England,White Collar,21.Aug.15,51202.31,5120.231
1690,100001691,Amanda,Gill,Female,33,England,White Collar,21.Aug.15,4884.67,488.46700000000004
1691,200001692,Christopher,Wilkins,Male,58,Scotland,Blue Collar,21.Aug.15,102552.12,10255.212
1692,200001693,Lucas,Clarkson,Male,48,Scotland,Blue Collar,21.Aug.15,4363.5,436.35
1693,200001694,Jasmine,Mathis,Female,47,Scotland,Other,21.Aug.15,64940.12,6494.012000000001
1694,200001695,Gabrielle,Arnold,Female,55,Scotland,Other,21.Aug.15,46862.56,4686.256
1695,300001696,Natalie,Graham,Female,38,Wales,White Collar,21.Aug.15,7148.82,714.8820000000001
1696,300001697,Justin,Dowd,Male,33,Wales,Other,21.Aug.15,25705.16,2570.516
1697,300001698,Gordon,Lambert,Male,38,Wales,Blue Collar,21.Aug.15,4409.18,440.91800000000006
1698,300001699,Faith,Young,Female,33,Wales,Other,21.Aug.15,74578.98,7457.898
1699,300001700,Brandon,Hamilton,Male,37,Wales,Blue Collar,21.Aug.15,36731.86,3673.186
1700,400001701,Lauren,Greene,Female,41,Northern Ireland,White Collar,21.Aug.15,57177.94,5717.794000000001
1701,100001702,Rachel,Lee,Female,52,England,Blue Collar,22.Aug.15,27309.33,2730.9330000000004
1702,100001703,Gordon,Paige,Male,29,England,Blue Collar,22.Aug.15,63852.14,6385.214
1703,100001704,Heather,Rees,Female,28,England,White Collar,22.Aug.15,21840.84,2184.0840000000003
1704,100001705,Zoe,Parr,Female,43,England,Other,22.Aug.15,88279.66,8827.966
1705,100001706,Simon,Burgess,Male,43,England,White Collar,22.Aug.15,104169.39,10416.939
1706,100001707,Grace,Russell,Female,41,England,White Collar,22.Aug.15,7598.49,759.849
1707,200001708,Phil,Murray,Male,51,Scotland,Other,22.Aug.15,20981.07,2098.107
1708,200001709,Penelope,North,Female,44,Scotland,Other,22.Aug.15,22760.94,2276.094
1709,200001710,Warren,Terry,Male,50,Scotland,White Collar,22.Aug.15,65433.7,6543.37
1710,200001711,Christopher,Edmunds,Male,34,Scotland,White Collar,22.Aug.15,12137.16,1213.7160000000001
1711,200001712,Christian,Fisher,Male,41,Scotland,Blue Collar,22.Aug.15,39250.53,3925.053
1712,100001713,Jason,McDonald,Male,34,England,Blue Collar,23.Aug.15,21191.18,2119.118
1713,100001714,Faith,Arnold,Female,38,England,White Collar,23.Aug.15,49606.03,4960.603
1714,100001715,Warren,Parr,Male,32,England,Blue Collar,23.Aug.15,10239.67,1023.9670000000001
1715,100001716,Boris,Turner,Male,23,England,White Collar,23.Aug.15,66040.46,6604.046000000001
1716,100001717,Nathan,Hudson,Male,26,England,White Collar,23.Aug.15,7685.3,768.5300000000001
1717,100001718,Bernadette,Knox,Female,41,England,White Collar,23.Aug.15,20040.94,2004.094
1718,100001719,Madeleine,Quinn,Female,30,England,Blue Collar,23.Aug.15,113533.08,11353.308
1719,100001720,Deirdre,Alsop,Female,25,England,Blue Collar,23.Aug.15,47846.97,4784.697
1720,100001721,Paul,Knox,Male,34,England,Blue Collar,23.Aug.15,78342.04,7834.204
1721,100001722,John,Coleman,Male,29,England,White Collar,23.Aug.15,48925.1,4892.51
1722,100001723,Chloe,Roberts,Female,28,England,White Collar,23.Aug.15,12085.14,1208.514
1723,100001724,Eric,Piper,Male,36,England,Blue Collar,23.Aug.15,3691.67,369.16700000000003
1724,100001725,Steven,MacDonald,Male,46,England,White Collar,23.Aug.15,4887.16,488.716
1725,100001726,Phil,Lawrence,Male,37,England,Other,23.Aug.15,6591.25,659.125
1726,100001727,Trevor,Parsons,Male,38,England,White Collar,23.Aug.15,12703.52,1270.352
1727,100001728,Kimberly,Metcalfe,Female,29,England,White Collar,23.Aug.15,44345.61,4434.561000000001
1728,100001729,Gabrielle,Bower,Female,30,England,Other,23.Aug.15,72874.91,7287.491000000001
1729,100001730,Edward,MacDonald,Male,30,England,Other,23.Aug.15,12647.17,1264.717
1730,100001731,Caroline,MacDonald,Female,38,England,White Collar,23.Aug.15,8080.08,808.008
1731,100001732,Jacob,Arnold,Male,47,England,White Collar,23.Aug.15,115722.65,11572.265
1732,200001733,Zoe,Mills,Female,60,Scotland,Other,23.Aug.15,2527.0,252.70000000000002
1733,200001734,Joshua,Fraser,Male,46,Scotland,Other,23.Aug.15,33915.03,3391.503
1734,200001735,Brandon,Howard,Male,61,Scotland,Blue Collar,23.Aug.15,7992.21,799.221
1735,200001736,Sue,Watson,Female,59,Scotland,Other,23.Aug.15,13708.97,1370.897
1736,200001737,Julian,Ferguson,Male,43,Scotland,Blue Collar,23.Aug.15,80189.9,8018.99
1737,200001738,Paul,Lambert,Male,53,Scotland,Blue Collar,23.Aug.15,44984.09,4498.409
1738,200001739,Warren,Gibson,Male,52,Scotland,Blue Collar,23.Aug.15,47219.2,4721.92
1739,300001740,Tracey,Lambert,Female,35,Wales,White Collar,23.Aug.15,52648.77,5264.877
1740,300001741,Chloe,Lee,Female,33,Wales,White Collar,23.Aug.15,56539.65,5653.965
1741,300001742,Wanda,Clarkson,Female,18,Wales,White Collar,23.Aug.15,38462.35,3846.235
1742,300001743,Joseph,Bell,Male,18,Wales,White Collar,23.Aug.15,43780.77,4378.077
1743,300001744,Megan,Peake,Female,19,Wales,White Collar,23.Aug.15,15278.22,1527.8220000000001
1744,300001745,Virginia,Piper,Female,34,Wales,Blue Collar,23.Aug.15,49214.87,4921.487000000001
1745,300001746,Blake,Johnston,Male,37,Wales,White Collar,23.Aug.15,34838.68,3483.8680000000004
1746,300001747,David,Wright,Male,44,Wales,White Collar,23.Aug.15,8128.57,812.857
1747,300001748,Julian,Quinn,Male,29,Wales,Other,23.Aug.15,15762.18,1576.218
1748,300001749,Julia,Newman,Female,41,Wales,White Collar,23.Aug.15,12003.06,1200.306
1749,300001750,Diana,Piper,Female,48,Wales,White Collar,23.Aug.15,36947.59,3694.759
1750,300001751,Alison,Terry,Female,46,Wales,White Collar,23.Aug.15,16233.42,1623.342
1751,400001752,Vanessa,Terry,Female,26,Northern Ireland,Blue Collar,23.Aug.15,65999.04,6599.9039999999995
1752,400001753,Chloe,Slater,Female,30,Northern Ireland,Other,23.Aug.15,51991.07,5199.107
1753,400001754,Sally,Ogden,Female,36,Northern Ireland,White Collar,23.Aug.15,37892.43,3789.2430000000004
1754,100001755,Boris,Langdon,Male,29,England,Other,24.Aug.15,50953.26,5095.326000000001
1755,100001756,Keith,Dyer,Male,28,England,Other,24.Aug.15,6016.04,601.604
1756,100001757,Cameron,Arnold,Male,20,England,White Collar,24.Aug.15,98261.13,9826.113000000001
1757,100001758,Kimberly,Lewis,Female,47,England,White Collar,24.Aug.15,2741.32,274.132
1758,100001759,Colin,Edmunds,Male,38,England,White Collar,24.Aug.15,49172.92,4917.292
1759,100001760,Jasmine,Vaughan,Female,36,England,Other,24.Aug.15,9106.91,910.691
1760,100001761,Deirdre,Paterson,Female,31,England,Blue Collar,24.Aug.15,23951.94,2395.194
1761,200001762,Stephen,Marshall,Male,50,Scotland,Blue Collar,24.Aug.15,12610.37,1261.0370000000003
1762,200001763,Jason,Ball,Male,54,Scotland,Other,24.Aug.15,44192.29,4419.229
1763,200001764,Dylan,Paige,Male,57,Scotland,Blue Collar,24.Aug.15,76554.32,7655.432000000001
1764,200001765,Gavin,Dyer,Male,52,Scotland,Other,24.Aug.15,37817.35,3781.735
1765,200001766,Jasmine,Dickens,Female,57,Scotland,Blue Collar,24.Aug.15,31824.47,3182.447
1766,300001767,Evan,Bell,Male,41,Wales,Blue Collar,24.Aug.15,56244.09,5624.409
1767,400001768,Sally,Dyer,Female,29,Northern Ireland,Other,24.Aug.15,32458.74,3245.8740000000003
1768,400001769,Donna,Chapman,Female,28,Northern Ireland,Other,24.Aug.15,25544.09,2554.409
1769,100001770,Steven,Morgan,Male,26,England,Other,25.Aug.15,58955.8,5895.580000000001
1770,100001771,Trevor,Hughes,Male,27,England,White Collar,25.Aug.15,1387.14,138.71400000000003
1771,100001772,Abigail,Randall,Female,37,England,Other,25.Aug.15,31706.03,3170.603
1772,100001773,Andrea,Carr,Female,47,England,White Collar,25.Aug.15,75332.4,7533.24
1773,100001774,Victor,Gray,Male,34,England,White Collar,25.Aug.15,43670.72,4367.072
1774,200001775,Sean,Marshall,Male,51,Scotland,Blue Collar,25.Aug.15,38865.85,3886.585
1775,200001776,Frank,Buckland,Male,52,Scotland,Blue Collar,25.Aug.15,2793.81,279.38100000000003
1776,200001777,Theresa,Terry,Female,49,Scotland,White Collar,25.Aug.15,39552.66,3955.2660000000005
1777,200001778,Deirdre,Simpson,Female,36,Scotland,Other,25.Aug.15,33617.08,3361.7080000000005
1778,300001779,Yvonne,Brown,Female,37,Wales,White Collar,25.Aug.15,104416.12,10441.612000000001
1779,300001780,Virginia,Rampling,Female,36,Wales,White Collar,25.Aug.15,37585.24,3758.524
1780,400001781,Irene,Chapman,Female,23,Northern Ireland,Other,25.Aug.15,82229.1,8222.910000000002
1781,100001782,Phil,Wallace,Male,34,England,Other,26.Aug.15,27049.56,2704.956
1782,100001783,Frank,Cornish,Male,31,England,White Collar,26.Aug.15,12728.29,1272.8290000000002
1783,100001784,Oliver,Russell,Male,28,England,White Collar,26.Aug.15,82862.73,8286.273
1784,100001785,Angela,White,Female,29,England,Other,26.Aug.15,27683.73,2768.373
1785,100001786,Jan,Hunter,Female,28,England,White Collar,26.Aug.15,142461.87,14246.187
1786,100001787,Charles,Ross,Male,28,England,White Collar,26.Aug.15,46762.44,4676.244000000001
1787,100001788,Liam,Dickens,Male,28,England,Blue Collar,26.Aug.15,34984.35,3498.435
1788,100001789,Kylie,Glover,Female,39,England,Other,26.Aug.15,18016.11,1801.611
1789,100001790,Heather,Hudson,Female,40,England,White Collar,26.Aug.15,61414.37,6141.437000000001
1790,200001791,Joshua,Paterson,Male,42,Scotland,Blue Collar,26.Aug.15,36871.21,3687.121
1791,200001792,Alexandra,Bond,Female,53,Scotland,Other,26.Aug.15,37604.23,3760.4230000000007
1792,300001793,Owen,Tucker,Male,35,Wales,White Collar,26.Aug.15,20739.01,2073.901
1793,400001794,James,Terry,Male,27,Northern Ireland,Blue Collar,26.Aug.15,6426.13,642.613
1794,400001795,Yvonne,Wilson,Female,37,Northern Ireland,White Collar,26.Aug.15,21823.82,2182.382
1795,100001796,Boris,Terry,Male,36,England,Blue Collar,27.Aug.15,11743.7,1174.3700000000001
1796,100001797,Dylan,Randall,Male,44,England,White Collar,27.Aug.15,2716.79,271.67900000000003
1797,100001798,Tim,Turner,Male,25,England,White Collar,27.Aug.15,11186.61,1118.661
1798,100001799,Ian,Hughes,Male,39,England,White Collar,27.Aug.15,17435.1,1743.51
1799,100001800,Keith,Abraham,Male,27,England,Blue Collar,27.Aug.15,5019.65,501.965
1800,100001801,John,Peake,Male,34,England,White Collar,27.Aug.15,57914.55,5791.455000000001
1801,100001802,Amanda,Coleman,Female,41,England,Blue Collar,27.Aug.15,43298.43,4329.843
1802,100001803,Faith,Sutherland,Female,29,England,White Collar,27.Aug.15,21477.46,2147.746
1803,100001804,Una,Terry,Female,38,England,White Collar,27.Aug.15,42816.16,4281.616000000001
1804,100001805,Stewart,Short,Male,33,England,Other,27.Aug.15,13701.41,1370.141
1805,100001806,Justin,Wilson,Male,35,England,Other,27.Aug.15,111412.09,11141.209
1806,200001807,Penelope,Parr,Female,54,Scotland,Other,27.Aug.15,17076.49,1707.6490000000003
1807,200001808,Fiona,Edmunds,Female,47,Scotland,White Collar,27.Aug.15,15352.66,1535.266
1808,200001809,Hannah,Clark,Female,54,Scotland,Other,27.Aug.15,37009.51,3700.9510000000005
1809,200001810,Jason,Campbell,Male,33,Scotland,Other,27.Aug.15,37752.35,3775.235
1810,200001811,Dan,Rutherford,Male,53,Scotland,Other,27.Aug.15,73457.73,7345.773
1811,300001812,Boris,Lambert,Male,36,Wales,White Collar,27.Aug.15,105439.61,10543.961000000001
1812,300001813,Neil,Jones,Male,39,Wales,White Collar,27.Aug.15,32430.78,3243.078
1813,400001814,Alison,Scott,Female,32,Northern Ireland,White Collar,27.Aug.15,45259.78,4525.978
1814,400001815,Madeleine,Payne,Female,35,Northern Ireland,Blue Collar,27.Aug.15,17947.14,1794.714
1815,400001816,Emily,Alsop,Female,25,Northern Ireland,Other,27.Aug.15,29644.65,2964.465
1816,400001817,Colin,Stewart,Male,35,Northern Ireland,White Collar,27.Aug.15,26311.08,2631.108
1817,400001818,James,May,Male,33,Northern Ireland,White Collar,27.Aug.15,20111.98,2011.198
1818,100001819,Lucas,Mills,Male,38,England,Other,28.Aug.15,49610.44,4961.044000000001
1819,100001820,Edward,Clarkson,Male,27,England,White Collar,28.Aug.15,39495.99,3949.599
1820,100001821,Sonia,Henderson,Female,29,England,White Collar,28.Aug.15,96673.11,9667.311
1821,100001822,Jasmine,Hamilton,Female,38,England,Other,28.Aug.15,52220.12,5222.012000000001
1822,100001823,Natalie,Paige,Female,34,England,White Collar,28.Aug.15,149684.4,14968.44
1823,100001824,Jason,Powell,Male,35,England,Other,28.Aug.15,20770.08,2077.0080000000003
1824,100001825,Alan,Brown,Male,34,England,White Collar,28.Aug.15,25949.97,2594.9970000000003
1825,200001826,Simon,Pullman,Male,62,Scotland,Other,28.Aug.15,76842.9,7684.29
1826,200001827,Luke,Harris,Male,47,Scotland,Blue Collar,28.Aug.15,83071.96,8307.196000000002
1827,200001828,Jane,Burgess,Female,59,Scotland,Blue Collar,28.Aug.15,14569.22,1456.922
1828,200001829,Amy,Morrison,Female,52,Scotland,Other,28.Aug.15,49205.24,4920.524
1829,300001830,David,Slater,Male,29,Wales,White Collar,28.Aug.15,64191.88,6419.188
1830,100001831,Grace,Peake,Female,34,England,White Collar,29.Aug.15,52702.58,5270.258000000001
1831,100001832,Nicola,Blake,Female,36,England,Other,29.Aug.15,10057.04,1005.7040000000002
1832,100001833,Oliver,Kelly,Male,27,England,White Collar,29.Aug.15,31637.34,3163.7340000000004
1833,100001834,Jasmine,Scott,Female,37,England,White Collar,29.Aug.15,7355.25,735.5250000000001
1834,100001835,Stephanie,Mackay,Female,41,England,White Collar,29.Aug.15,18745.42,1874.542
1835,200001836,Luke,Mitchell,Male,58,Scotland,Other,29.Aug.15,10783.63,1078.363
1836,200001837,Max,Springer,Male,53,Scotland,White Collar,29.Aug.15,43176.47,4317.647
1837,200001838,Dominic,May,Male,24,Scotland,Other,29.Aug.15,10369.95,1036.9950000000001
1838,300001839,Sue,MacLeod,Female,38,Wales,White Collar,29.Aug.15,23308.43,2330.8430000000003
1839,300001840,Anne,Hardacre,Female,34,Wales,White Collar,29.Aug.15,97934.55,9793.455
1840,300001841,Emily,Mills,Female,32,Wales,Blue Collar,29.Aug.15,33207.29,3320.7290000000003
1841,300001842,Heather,Graham,Female,29,Wales,White Collar,29.Aug.15,25049.02,2504.902
1842,300001843,Alan,Lambert,Male,33,Wales,Other,29.Aug.15,95833.44,9583.344000000001
1843,300001844,Keith,Turner,Male,35,Wales,Other,29.Aug.15,78755.01,7875.501
1844,400001845,Katherine,Hamilton,Female,45,Northern Ireland,Other,29.Aug.15,88579.21,8857.921
1845,100001846,Amelia,Vance,Female,30,England,White Collar,30.Aug.15,45527.09,4552.709
1846,100001847,Una,Alsop,Female,31,England,White Collar,30.Aug.15,44576.62,4457.662
1847,100001848,Amy,MacDonald,Female,29,England,White Collar,30.Aug.15,54174.39,5417.439
1848,100001849,Cameron,Roberts,Male,33,England,Other,30.Aug.15,43473.64,4347.3640000000005
1849,100001850,Angela,Peters,Female,32,England,White Collar,30.Aug.15,52248.29,5224.829000000001
1850,100001851,Joe,Springer,Male,30,England,White Collar,30.Aug.15,34879.77,3487.977
1851,100001852,Jonathan,Butler,Male,31,England,White Collar,30.Aug.15,58911.42,5891.142
1852,100001853,Jason,Lewis,Male,33,England,White Collar,30.Aug.15,96422.41,9642.241
1853,100001854,Donna,Scott,Female,30,England,White Collar,30.Aug.15,57333.77,5733.377
1854,300001855,Lily,Graham,Female,27,Wales,Other,30.Aug.15,40857.78,4085.7780000000002
1855,300001856,Virginia,Lambert,Female,30,Wales,White Collar,30.Aug.15,69152.93,6915.293
1856,300001857,Lisa,Mathis,Female,47,Wales,White Collar,30.Aug.15,3840.53,384.05300000000005
1857,300001858,Charles,Vaughan,Male,57,Wales,Other,30.Aug.15,69281.64,6928.164000000001
1858,100001859,Anna,Fisher,Female,35,England,White Collar,31.Aug.15,4750.24,475.024
1859,100001860,Nicholas,Nash,Male,40,England,White Collar,31.Aug.15,82664.04,8266.404
1860,100001861,Julian,Mackenzie,Male,26,England,Other,31.Aug.15,57623.58,5762.358
1861,100001862,Colin,Mathis,Male,35,England,White Collar,31.Aug.15,19680.67,1968.067
1862,100001863,Zoe,Kerr,Female,36,England,White Collar,31.Aug.15,2566.77,256.677
1863,100001864,Bernadette,Allan,Female,28,England,White Collar,31.Aug.15,20894.82,2089.482
1864,100001865,Ella,Stewart,Female,36,England,White Collar,31.Aug.15,61324.68,6132.468000000001
1865,200001866,Jason,Rees,Male,40,Scotland,Blue Collar,31.Aug.15,99604.38,9960.438000000002
1866,200001867,Victor,Jackson,Male,48,Scotland,White Collar,31.Aug.15,55410.06,5541.006
1867,200001868,Alexandra,Alsop,Female,48,Scotland,Other,31.Aug.15,39884.78,3988.478
1868,200001869,Sam,Skinner,Male,59,Scotland,Other,31.Aug.15,50189.26,5018.926
1869,200001870,Carl,Young,Male,55,Scotland,Blue Collar,31.Aug.15,71796.68,7179.668
1870,200001871,Oliver,Springer,Male,46,Scotland,Other,31.Aug.15,16842.71,1684.271
1871,300001872,Alexander,Dyer,Male,23,Wales,Blue Collar,31.Aug.15,68184.25,6818.425
1872,300001873,Joanne,Rutherford,Female,26,Wales,Other,31.Aug.15,31028.36,3102.8360000000002
1873,300001874,Jason,Mathis,Male,42,Wales,White Collar,31.Aug.15,80922.09,8092.209
1874,100001875,Evan,Hardacre,Male,40,England,Blue Collar,01.Sep.15,37812.73,3781.2730000000006
1875,100001876,Sebastian,Wilson,Male,46,England,White Collar,01.Sep.15,47359.83,4735.983
1876,100001877,Ruth,Poole,Female,41,England,White Collar,01.Sep.15,24927.19,2492.719
1877,100001878,Carol,Bond,Female,31,England,Blue Collar,01.Sep.15,38379.6,3837.96
1878,100001879,Karen,Lawrence,Female,37,England,Blue Collar,01.Sep.15,74238.83,7423.883000000001
1879,100001880,Harry,Powell,Male,36,England,White Collar,01.Sep.15,14699.68,1469.968
1880,100001881,Jane,Payne,Female,44,England,Other,01.Sep.15,52619.82,5261.982
1881,100001882,Jonathan,Rampling,Male,19,England,White Collar,01.Sep.15,75913.85,7591.385000000001
1882,100001883,Adrian,Thomson,Male,25,England,White Collar,01.Sep.15,78020.29,7802.0289999999995
1883,200001884,Sally,Turner,Female,44,Scotland,Other,01.Sep.15,2799.27,279.927
1884,300001885,Adrian,Edmunds,Male,32,Wales,White Collar,01.Sep.15,10728.12,1072.8120000000001
1885,300001886,Lisa,Watson,Female,34,Wales,White Collar,01.Sep.15,49859.68,4985.968000000001
1886,100001887,Liam,Glover,Male,40,England,White Collar,02.Sep.15,107130.48,10713.048
1887,100001888,Michelle,Gibson,Female,33,England,White Collar,02.Sep.15,14301.43,1430.143
1888,100001889,Molly,Hunter,Female,34,England,White Collar,02.Sep.15,107351.49,10735.149000000001
1889,200001890,Joan,North,Female,62,Scotland,Other,02.Sep.15,86610.74,8661.074
1890,200001891,Tim,Marshall,Male,47,Scotland,Blue Collar,02.Sep.15,59561.46,5956.146000000001
1891,200001892,Stewart,Hill,Male,41,Scotland,Blue Collar,02.Sep.15,34985.76,3498.5760000000005
1892,300001893,Leah,Glover,Female,35,Wales,Blue Collar,02.Sep.15,41917.78,4191.778
1893,100001894,Jan,Lee,Female,34,England,White Collar,03.Sep.15,95423.0,9542.300000000001
1894,100001895,Michelle,Jackson,Female,39,England,Blue Collar,03.Sep.15,54045.93,5404.593000000001
1895,100001896,Colin,Wallace,Male,33,England,White Collar,03.Sep.15,24025.12,2402.512
1896,100001897,James,Wilkins,Male,36,England,White Collar,03.Sep.15,9780.79,978.0790000000002
1897,100001898,Joseph,Bower,Male,32,England,White Collar,03.Sep.15,31681.14,3168.114
1898,100001899,Lisa,Kerr,Female,24,England,White Collar,03.Sep.15,71148.77,7114.877
1899,200001900,Piers,Thomson,Male,50,Scotland,Other,03.Sep.15,67946.54,6794.6539999999995
1900,200001901,Owen,Watson,Male,50,Scotland,Other,03.Sep.15,6400.76,640.076
1901,200001902,Keith,Kelly,Male,60,Scotland,Blue Collar,03.Sep.15,6961.67,696.167
1902,200001903,Owen,Martin,Male,43,Scotland,Blue Collar,03.Sep.15,83943.55,8394.355000000001
1903,200001904,Diane,Alsop,Female,50,Scotland,Other,03.Sep.15,48266.76,4826.676
1904,200001905,Joan,Slater,Female,59,Scotland,Other,03.Sep.15,99970.31,9997.031
1905,400001906,Alison,MacLeod,Female,28,Northern Ireland,Other,03.Sep.15,31153.14,3115.3140000000003
1906,100001907,Sean,Taylor,Male,43,England,White Collar,04.Sep.15,6525.63,652.5630000000001
1907,100001908,Simon,Marshall,Male,33,England,White Collar,04.Sep.15,682.97,68.29700000000001
1908,100001909,Nicola,May,Female,36,England,White Collar,04.Sep.15,23749.79,2374.9790000000003
1909,100001910,Jane,Kerr,Female,38,England,White Collar,04.Sep.15,31921.61,3192.161
1910,200001911,Carolyn,Ogden,Female,55,Scotland,Other,04.Sep.15,68864.13,6886.4130000000005
1911,200001912,Diana,Lyman,Female,49,Scotland,Other,04.Sep.15,31505.8,3150.58
1912,300001913,Andrea,Wright,Female,33,Wales,White Collar,04.Sep.15,22274.84,2227.484
1913,100001914,Adam,James,Male,23,England,White Collar,05.Sep.15,38866.87,3886.6870000000004
1914,100001915,Wanda,Cornish,Female,24,England,Other,05.Sep.15,3140.85,314.08500000000004
1915,100001916,Michael,Cornish,Male,37,England,White Collar,05.Sep.15,33744.12,3374.4120000000003
1916,100001917,Piers,Fraser,Male,22,England,Blue Collar,05.Sep.15,36867.33,3686.733
1917,100001918,Edward,Kelly,Male,32,England,White Collar,05.Sep.15,19407.16,1940.7160000000001
1918,100001919,Yvonne,Martin,Female,29,England,White Collar,05.Sep.15,40307.9,4030.7900000000004
1919,100001920,Keith,Churchill,Male,39,England,Blue Collar,05.Sep.15,77764.13,7776.4130000000005
1920,100001921,Donna,Marshall,Female,31,England,White Collar,05.Sep.15,16392.78,1639.278
1921,100001922,Richard,Hughes,Male,33,England,Blue Collar,05.Sep.15,50905.81,5090.581
1922,100001923,Carolyn,Johnston,Female,44,England,White Collar,05.Sep.15,1607.63,160.76300000000003
1923,200001924,Lillian,Walker,Female,57,Scotland,Other,05.Sep.15,20516.92,2051.692
1924,300001925,Tracey,Mills,Female,31,Wales,Other,05.Sep.15,7541.33,754.133
1925,300001926,Steven,Bond,Male,41,Wales,White Collar,05.Sep.15,27629.86,2762.9860000000003
1926,400001927,Emily,Burgess,Female,32,Northern Ireland,Other,05.Sep.15,48145.5,4814.55
1927,100001928,Chloe,Mathis,Female,35,England,White Collar,06.Sep.15,45139.58,4513.9580000000005
1928,100001929,Wendy,Robertson,Female,37,England,White Collar,06.Sep.15,47072.67,4707.267
1929,100001930,Brian,Baker,Male,38,England,White Collar,06.Sep.15,21765.28,2176.528
1930,100001931,Jasmine,Kerr,Female,21,England,White Collar,06.Sep.15,25489.13,2548.9130000000005
1931,100001932,Phil,Roberts,Male,37,England,Other,06.Sep.15,32063.76,3206.376
1932,100001933,Alan,Anderson,Male,33,England,White Collar,06.Sep.15,19294.37,1929.437
1933,200001934,Peter,Bailey,Male,61,Scotland,Blue Collar,06.Sep.15,56809.26,5680.926
1934,200001935,Sebastian,Johnston,Male,52,Scotland,Other,06.Sep.15,75743.08,7574.308000000001
1935,200001936,Olivia,Payne,Female,49,Scotland,White Collar,06.Sep.15,2994.25,299.425
1936,200001937,Ian,Hemmings,Male,34,Scotland,Other,06.Sep.15,68600.9,6860.09
1937,200001938,Wendy,Bailey,Female,42,Scotland,Other,06.Sep.15,38905.96,3890.596
1938,400001939,Richard,Dowd,Male,21,Northern Ireland,White Collar,06.Sep.15,10248.59,1024.8590000000002
1939,100001940,Simon,Parsons,Male,31,England,White Collar,07.Sep.15,17395.93,1739.593
1940,100001941,Katherine,Wilson,Female,41,England,White Collar,07.Sep.15,60069.88,6006.988
1941,100001942,Joseph,Payne,Male,50,England,White Collar,07.Sep.15,2470.52,247.05200000000002
1942,100001943,Jonathan,Brown,Male,36,England,White Collar,07.Sep.15,8335.97,833.597
1943,100001944,Sally,Greene,Female,23,England,White Collar,07.Sep.15,17247.7,1724.7700000000002
1944,100001945,David,McLean,Male,41,England,Blue Collar,07.Sep.15,89366.53,8936.653
1945,100001946,Ian,Glover,Male,40,England,Blue Collar,07.Sep.15,5106.86,510.686
1946,100001947,Carolyn,Tucker,Female,37,England,White Collar,07.Sep.15,42737.83,4273.783
1947,100001948,Liam,Hughes,Male,31,England,White Collar,07.Sep.15,70156.16,7015.616000000001
1948,100001949,Trevor,May,Male,29,England,White Collar,07.Sep.15,38139.7,3813.97
1949,200001950,Boris,McDonald,Male,37,Scotland,Blue Collar,07.Sep.15,18231.4,1823.1400000000003
1950,200001951,Alexander,Springer,Male,54,Scotland,Blue Collar,07.Sep.15,11561.43,1156.143
1951,300001952,Jasmine,Coleman,Female,33,Wales,White Collar,07.Sep.15,32106.88,3210.688
1952,300001953,Vanessa,Springer,Female,43,Wales,White Collar,07.Sep.15,78469.73,7846.973
1953,300001954,Gabrielle,Kerr,Female,35,Wales,White Collar,07.Sep.15,44438.94,4443.894
1954,300001955,Sarah,Scott,Female,41,Wales,Blue Collar,07.Sep.15,30822.55,3082.255
1955,300001956,Kylie,Sharp,Female,24,Wales,White Collar,07.Sep.15,55926.46,5592.646000000001
1956,400001957,Simon,Lee,Male,33,Northern Ireland,Other,07.Sep.15,28681.8,2868.1800000000003
1957,100001958,Heather,Slater,Female,41,England,Blue Collar,08.Sep.15,105902.66,10590.266000000001
1958,100001959,Max,Reid,Male,39,England,Other,08.Sep.15,20388.38,2038.8380000000002
1959,100001960,Olivia,Harris,Female,31,England,White Collar,08.Sep.15,130717.22,13071.722000000002
1960,100001961,Justin,Langdon,Male,34,England,Other,08.Sep.15,7842.61,784.261
1961,100001962,Justin,Paige,Male,48,England,White Collar,08.Sep.15,81684.68,8168.468
1962,200001963,Joshua,Smith,Male,53,Scotland,Other,08.Sep.15,11375.64,1137.564
1963,200001964,Nathan,Stewart,Male,42,Scotland,Blue Collar,08.Sep.15,43767.15,4376.715
1964,100001965,Joseph,Sharp,Male,37,England,White Collar,09.Sep.15,59940.45,5994.045
1965,100001966,Charles,Rampling,Male,37,England,Blue Collar,09.Sep.15,22841.56,2284.1560000000004
1966,100001967,Eric,Cameron,Male,31,England,Blue Collar,09.Sep.15,24958.04,2495.804
1967,100001968,Jack,Grant,Male,38,England,White Collar,09.Sep.15,62279.7,6227.97
1968,100001969,Sebastian,Lyman,Male,35,England,White Collar,09.Sep.15,33838.37,3383.8370000000004
1969,100001970,Joshua,Lewis,Male,34,England,Blue Collar,09.Sep.15,36464.31,3646.431
1970,100001971,Brandon,Duncan,Male,36,England,White Collar,09.Sep.15,46758.9,4675.89
1971,100001972,Amelia,Quinn,Female,39,England,White Collar,09.Sep.15,76736.41,7673.6410000000005
1972,100001973,Nathan,Ince,Male,41,England,White Collar,09.Sep.15,24924.42,2492.442
1973,200001974,Sarah,Hardacre,Female,56,Scotland,Other,09.Sep.15,14418.78,1441.8780000000002
1974,200001975,Jack,Kerr,Male,43,Scotland,Blue Collar,09.Sep.15,10301.71,1030.171
1975,200001976,Isaac,Coleman,Male,45,Scotland,Other,09.Sep.15,3927.15,392.71500000000003
1976,200001977,Ryan,Dyer,Male,54,Scotland,Other,09.Sep.15,15269.36,1526.9360000000001
1977,300001978,Adrian,Ince,Male,28,Wales,White Collar,09.Sep.15,94767.31,9476.731
1978,300001979,Brandon,Dyer,Male,33,Wales,Blue Collar,09.Sep.15,121683.14,12168.314
1979,400001980,Harry,Hudson,Male,29,Northern Ireland,Blue Collar,09.Sep.15,33615.06,3361.506
1980,400001981,Wendy,Watson,Female,39,Northern Ireland,White Collar,09.Sep.15,76608.6,7660.860000000001
1981,100001982,Simon,Sharp,Male,26,England,Blue Collar,10.Sep.15,15031.01,1503.101
1982,100001983,Alan,Gibson,Male,26,England,White Collar,10.Sep.15,91847.1,9184.710000000001
1983,100001984,Michelle,Sharp,Female,39,England,White Collar,10.Sep.15,4157.79,415.779
1984,100001985,Alan,Duncan,Male,34,England,White Collar,10.Sep.15,7149.43,714.9430000000001
1985,100001986,Ian,Terry,Male,41,England,White Collar,10.Sep.15,1423.98,142.398
1986,100001987,Andrew,Skinner,Male,27,England,Other,10.Sep.15,10223.59,1022.359
1987,100001988,Molly,White,Female,35,England,White Collar,10.Sep.15,46370.97,4637.097000000001
1988,200001989,Hannah,Henderson,Female,48,Scotland,Other,10.Sep.15,40137.73,4013.7730000000006
1989,200001990,Evan,Kerr,Male,51,Scotland,Blue Collar,10.Sep.15,27770.8,2777.08
1990,200001991,Bernadette,Alsop,Female,45,Scotland,White Collar,10.Sep.15,42756.92,4275.692
1991,200001992,Jonathan,Pullman,Male,60,Scotland,Other,10.Sep.15,58058.81,5805.881
1992,200001993,Brian,Butler,Male,63,Scotland,Other,10.Sep.15,53004.65,5300.465
1993,200001994,Steven,Brown,Male,45,Scotland,Other,10.Sep.15,10473.26,1047.326
1994,200001995,Phil,Peters,Male,45,Scotland,Blue Collar,10.Sep.15,111961.53,11196.153
1995,300001996,Owen,Ball,Male,41,Wales,White Collar,10.Sep.15,4657.16,465.716
1996,100001997,Ruth,Marshall,Female,42,England,White Collar,11.Sep.15,73121.32,7312.132000000001
1997,100001998,Amelia,Howard,Female,30,England,White Collar,11.Sep.15,1839.84,183.984
1998,100001999,Ian,Graham,Male,26,England,White Collar,11.Sep.15,80850.12,8085.012
1999,100002000,Edward,May,Male,39,England,White Collar,11.Sep.15,30475.64,3047.5640000000003
2000,100002001,Bernadette,Ince,Female,43,England,White Collar,11.Sep.15,57739.46,5773.946
2001,100002002,Jan,Blake,Female,30,England,White Collar,11.Sep.15,12356.64,1235.664
2002,100002003,Ruth,Kerr,Female,40,England,White Collar,11.Sep.15,50283.03,5028.303
2003,100002004,Maria,Rutherford,Female,28,England,White Collar,11.Sep.15,39275.12,3927.5120000000006
2004,100002005,Deirdre,Nash,Female,49,England,White Collar,11.Sep.15,1602.81,160.281
2005,100002006,Keith,Wilson,Male,27,England,Other,11.Sep.15,36303.3,3630.3300000000004
2006,200002007,Adam,White,Male,51,Scotland,Other,11.Sep.15,16192.49,1619.249
2007,200002008,Ella,Clark,Female,49,Scotland,Other,11.Sep.15,62026.18,6202.618
2008,200002009,Simon,Sutherland,Male,52,Scotland,Other,11.Sep.15,35191.56,3519.156
2009,200002010,Connor,North,Male,50,Scotland,Other,11.Sep.15,172085.48,17208.548000000003
2010,200002011,Hannah,Mackenzie,Female,53,Scotland,Other,11.Sep.15,56872.97,5687.2970000000005
2011,300002012,Jennifer,Allan,Female,19,Wales,Blue Collar,11.Sep.15,71036.74,7103.674000000001
2012,400002013,Carl,Dickens,Male,18,Northern Ireland,White Collar,11.Sep.15,50457.71,5045.771000000001
2013,400002014,Amy,Kerr,Female,31,Northern Ireland,Other,11.Sep.15,8261.2,826.1200000000001
2014,400002015,Yvonne,Mills,Female,55,Northern Ireland,Other,11.Sep.15,55111.01,5511.101000000001
2015,400002016,Jennifer,Newman,Female,36,Northern Ireland,Blue Collar,11.Sep.15,19799.42,1979.942
2016,100002017,Tim,Reid,Male,43,England,White Collar,12.Sep.15,11880.68,1188.068
2017,100002018,Neil,Chapman,Male,31,England,Blue Collar,12.Sep.15,9099.81,909.981
2018,100002019,Grace,May,Female,34,England,Blue Collar,12.Sep.15,3279.7,327.97
2019,100002020,Irene,Dowd,Female,25,England,White Collar,12.Sep.15,54930.04,5493.004000000001
2020,100002021,Grace,Campbell,Female,38,England,White Collar,12.Sep.15,9071.71,907.1709999999999
2021,100002022,Oliver,Poole,Male,37,England,White Collar,12.Sep.15,32591.02,3259.1020000000003
2022,100002023,James,Mills,Male,36,England,White Collar,12.Sep.15,45626.72,4562.6720000000005
2023,200002024,Connor,Poole,Male,51,Scotland,Blue Collar,12.Sep.15,50629.7,5062.97
2024,200002025,Dan,Forsyth,Male,58,Scotland,White Collar,12.Sep.15,139610.13,13961.013
2025,200002026,Megan,Greene,Female,44,Scotland,Other,12.Sep.15,19326.71,1932.671
2026,200002027,Heather,Smith,Female,52,Scotland,Blue Collar,12.Sep.15,97609.31,9760.931
2027,200002028,Jacob,Lee,Male,50,Scotland,Other,12.Sep.15,27043.73,2704.373
2028,200002029,Dominic,Dyer,Male,60,Scotland,Blue Collar,12.Sep.15,59183.23,5918.323
2029,200002030,James,Paterson,Male,46,Scotland,Blue Collar,12.Sep.15,47720.66,4772.066000000001
2030,300002031,Piers,Piper,Male,22,Wales,White Collar,12.Sep.15,96018.25,9601.825
2031,300002032,Richard,Black,Male,31,Wales,Blue Collar,12.Sep.15,29371.32,2937.132
2032,300002033,Max,McGrath,Male,38,Wales,White Collar,12.Sep.15,63211.19,6321.119000000001
2033,100002034,Gordon,Dowd,Male,43,England,White Collar,13.Sep.15,51578.31,5157.831
2034,100002035,Kevin,Rees,Male,29,England,White Collar,13.Sep.15,12258.48,1225.848
2035,100002036,Joanne,Terry,Female,37,England,Other,13.Sep.15,93845.6,9384.560000000001
2036,100002037,Matt,Baker,Male,31,England,White Collar,13.Sep.15,88023.96,8802.396
2037,100002038,Alan,Butler,Male,29,England,Other,13.Sep.15,70086.82,7008.682000000001
2038,200002039,Frank,Chapman,Male,58,Scotland,Blue Collar,13.Sep.15,20162.2,2016.2200000000003
2039,200002040,Steven,Langdon,Male,40,Scotland,White Collar,13.Sep.15,34944.91,3494.4910000000004
2040,200002041,Abigail,Fraser,Female,64,Scotland,Blue Collar,13.Sep.15,24729.53,2472.953
2041,200002042,Chloe,Rampling,Female,33,Scotland,Other,13.Sep.15,27833.06,2783.3060000000005
2042,200002043,Tim,Carr,Male,56,Scotland,Blue Collar,13.Sep.15,9249.08,924.908
2043,300002044,Tracey,Lee,Female,34,Wales,Other,13.Sep.15,55297.13,5529.713
2044,300002045,Olivia,Kelly,Female,37,Wales,White Collar,13.Sep.15,16581.56,1658.1560000000002
2045,400002046,Megan,Hart,Female,19,Northern Ireland,Blue Collar,13.Sep.15,69.78,6.978000000000001
2046,400002047,Peter,Campbell,Male,21,Northern Ireland,Blue Collar,13.Sep.15,16696.08,1669.6080000000002
2047,100002048,Sarah,Wilson,Female,37,England,White Collar,14.Sep.15,31435.65,3143.5650000000005
2048,100002049,Anne,Newman,Female,31,England,White Collar,14.Sep.15,70153.14,7015.314
2049,100002050,Elizabeth,Hart,Female,28,England,White Collar,14.Sep.15,82638.51,8263.851
2050,100002051,Gordon,Mackenzie,Male,40,England,White Collar,14.Sep.15,45671.3,4567.13
2051,100002052,Brian,Newman,Male,48,England,Blue Collar,14.Sep.15,62065.37,6206.537
2052,100002053,Brandon,Springer,Male,38,England,White Collar,14.Sep.15,98022.86,9802.286
2053,100002054,Rebecca,Vance,Female,34,England,White Collar,14.Sep.15,7520.0,752.0
2054,100002055,Pippa,Forsyth,Female,26,England,White Collar,14.Sep.15,2849.16,284.916
2055,200002056,Joshua,Carr,Male,64,Scotland,Other,14.Sep.15,14558.13,1455.813
2056,200002057,Peter,Vance,Male,50,Scotland,Blue Collar,14.Sep.15,42830.98,4283.098000000001
2057,200002058,Simon,Wright,Male,47,Scotland,Blue Collar,14.Sep.15,32801.0,3280.1000000000004
2058,200002059,Nathan,Campbell,Male,47,Scotland,Blue Collar,14.Sep.15,26087.66,2608.766
2059,300002060,James,Smith,Male,34,Wales,White Collar,14.Sep.15,59292.42,5929.242
2060,100002061,Ryan,Piper,Male,33,England,Blue Collar,15.Sep.15,11150.82,1115.082
2061,100002062,Thomas,Johnston,Male,36,England,White Collar,15.Sep.15,59127.76,5912.776000000001
2062,100002063,Sam,Carr,Male,36,England,White Collar,15.Sep.15,27584.04,2758.4040000000005
2063,100002064,Adam,Mills,Male,32,England,Other,15.Sep.15,22126.72,2212.672
2064,100002065,Victoria,Abraham,Female,29,England,Other,15.Sep.15,41897.53,4189.753
2065,100002066,Samantha,Pullman,Female,25,England,White Collar,15.Sep.15,21738.25,2173.8250000000003
2066,100002067,Benjamin,Davidson,Male,44,England,White Collar,15.Sep.15,65544.92,6554.492
2067,200002068,Brian,Cornish,Male,51,Scotland,Other,15.Sep.15,62064.73,6206.473000000001
2068,200002069,Christian,Mathis,Male,54,Scotland,Blue Collar,15.Sep.15,41314.33,4131.433
2069,200002070,Jack,Sanderson,Male,53,Scotland,Blue Collar,15.Sep.15,121801.58,12180.158000000001
2070,200002071,Diana,Gray,Female,51,Scotland,Other,15.Sep.15,55056.65,5505.665000000001
2071,200002072,Wendy,Payne,Female,48,Scotland,Other,15.Sep.15,73328.32,7332.832000000001
2072,300002073,Anna,Howard,Female,34,Wales,White Collar,15.Sep.15,22490.5,2249.05
2073,300002074,Fiona,Bower,Female,38,Wales,White Collar,15.Sep.15,86892.69,8689.269
2074,400002075,James,Welch,Male,27,Northern Ireland,White Collar,15.Sep.15,3331.8,333.18000000000006
2075,100002076,Deirdre,Jackson,Female,29,England,White Collar,16.Sep.15,14661.25,1466.125
2076,100002077,David,Harris,Male,25,England,White Collar,16.Sep.15,2126.9,212.69000000000003
2077,100002078,Anne,Lewis,Female,29,England,White Collar,16.Sep.15,17952.16,1795.2160000000001
2078,100002079,Sophie,Buckland,Female,39,England,White Collar,16.Sep.15,74240.48,7424.048
2079,100002080,Chloe,Thomson,Female,40,England,White Collar,16.Sep.15,72020.25,7202.025000000001
2080,100002081,Alison,Edmunds,Female,39,England,White Collar,16.Sep.15,43546.78,4354.678
2081,100002082,Justin,Young,Male,32,England,White Collar,16.Sep.15,132536.87,13253.687
2082,100002083,Jason,Wallace,Male,34,England,White Collar,16.Sep.15,41060.69,4106.069
2083,100002084,Paul,Paterson,Male,47,England,Other,16.Sep.15,8300.29,830.0290000000001
2084,100002085,Joshua,Randall,Male,41,England,Other,16.Sep.15,68193.25,6819.325000000001
2085,100002086,Jane,Mathis,Female,32,England,White Collar,16.Sep.15,79292.15,7929.215
2086,100002087,Matt,Hemmings,Male,28,England,White Collar,16.Sep.15,53357.54,5335.754000000001
2087,100002088,Phil,Miller,Male,34,England,Blue Collar,16.Sep.15,41924.07,4192.407
2088,100002089,Sam,Allan,Male,31,England,White Collar,16.Sep.15,59589.73,5958.973000000001
2089,200002090,Connor,Newman,Male,32,Scotland,Blue Collar,16.Sep.15,3785.1,378.51
2090,200002091,David,Cameron,Male,54,Scotland,Other,16.Sep.15,12749.4,1274.94
2091,200002092,Carl,Howard,Male,48,Scotland,Blue Collar,16.Sep.15,39883.56,3988.3559999999998
2092,200002093,Colin,Russell,Male,45,Scotland,Other,16.Sep.15,9207.62,920.7620000000002
2093,200002094,Anthony,Marshall,Male,50,Scotland,Other,16.Sep.15,55396.83,5539.683000000001
2094,100002095,Audrey,Sanderson,Female,36,England,White Collar,17.Sep.15,66084.12,6608.412
2095,100002096,Zoe,Miller,Female,39,England,White Collar,17.Sep.15,12748.71,1274.871
2096,100002097,Zoe,Cornish,Female,45,England,White Collar,17.Sep.15,1320.93,132.09300000000002
2097,100002098,James,Slater,Male,28,England,White Collar,17.Sep.15,65994.32,6599.432000000001
2098,200002099,Yvonne,Terry,Female,47,Scotland,Other,17.Sep.15,86073.84,8607.384
2099,200002100,Felicity,MacDonald,Female,44,Scotland,Other,17.Sep.15,44623.87,4462.387000000001
2100,200002101,Lucas,Murray,Male,48,Scotland,Other,17.Sep.15,45705.24,4570.524
2101,200002102,Emily,Underwood,Female,44,Scotland,Other,17.Sep.15,33835.65,3383.5650000000005
2102,200002103,Jacob,Watson,Male,46,Scotland,Other,17.Sep.15,94781.97,9478.197
2103,200002104,Phil,Gray,Male,59,Scotland,White Collar,17.Sep.15,24989.82,2498.982
2104,200002105,Kevin,Nolan,Male,50,Scotland,Blue Collar,17.Sep.15,21417.49,2141.7490000000003
2105,300002106,Rebecca,McLean,Female,25,Wales,White Collar,17.Sep.15,74812.05,7481.205000000001
2106,300002107,Lucas,Walsh,Male,27,Wales,Blue Collar,17.Sep.15,47857.14,4785.714
2107,400002108,Ava,Wilson,Female,29,Northern Ireland,Other,17.Sep.15,75395.32,7539.532000000001
2108,400002109,Jennifer,Skinner,Female,27,Northern Ireland,White Collar,17.Sep.15,64714.44,6471.444
2109,100002110,Thomas,Newman,Male,33,England,Other,18.Sep.15,920.87,92.087
2110,100002111,Deirdre,Lee,Female,37,England,White Collar,18.Sep.15,4909.99,490.999
2111,100002112,Emily,Avery,Female,33,England,Blue Collar,18.Sep.15,16040.88,1604.088
2112,100002113,Karen,Wallace,Female,39,England,White Collar,18.Sep.15,45969.7,4596.97
2113,100002114,Sally,Churchill,Female,37,England,White Collar,18.Sep.15,12504.73,1250.473
2114,100002115,Joan,Springer,Female,38,England,White Collar,18.Sep.15,24729.58,2472.9580000000005
2115,100002116,Alan,Parr,Male,34,England,Blue Collar,18.Sep.15,18952.55,1895.255
2116,100002117,Frank,North,Male,36,England,White Collar,18.Sep.15,7441.87,744.187
2117,100002118,Dominic,Chapman,Male,34,England,Other,18.Sep.15,68498.24,6849.8240000000005
2118,100002119,Emily,Bailey,Female,38,England,White Collar,18.Sep.15,95608.2,9560.82
2119,100002120,Fiona,Welch,Female,23,England,Other,18.Sep.15,42510.95,4251.095
2120,100002121,Nathan,Miller,Male,44,England,White Collar,18.Sep.15,918.56,91.856
2121,200002122,Leah,Oliver,Female,47,Scotland,Other,18.Sep.15,38258.98,3825.8980000000006
2122,200002123,Boris,Bell,Male,32,Scotland,Blue Collar,18.Sep.15,33570.99,3357.099
2123,200002124,Michael,Alsop,Male,43,Scotland,Other,18.Sep.15,75563.64,7556.3640000000005
2124,200002125,Tracey,Greene,Female,62,Scotland,Other,18.Sep.15,110171.27,11017.127
2125,200002126,Simon,Kelly,Male,45,Scotland,Blue Collar,18.Sep.15,70491.38,7049.138000000001
2126,300002127,Tracey,MacLeod,Female,38,Wales,Other,18.Sep.15,28968.33,2896.8330000000005
2127,300002128,Jessica,Morgan,Female,38,Wales,Other,18.Sep.15,23527.21,2352.721
2128,300002129,Amelia,Payne,Female,44,Wales,White Collar,18.Sep.15,45868.51,4586.851000000001
2129,400002130,Amy,Ferguson,Female,32,Northern Ireland,Other,18.Sep.15,5908.97,590.897
2130,100002131,Austin,Oliver,Male,36,England,Blue Collar,19.Sep.15,53759.89,5375.9890000000005
2131,100002132,Penelope,Bailey,Female,30,England,White Collar,19.Sep.15,106490.28,10649.028
2132,100002133,Michelle,Ferguson,Female,30,England,White Collar,19.Sep.15,59120.59,5912.059
2133,100002134,Stephanie,Nolan,Female,30,England,Blue Collar,19.Sep.15,8100.12,810.0120000000001
2134,100002135,Connor,Bond,Male,27,England,Blue Collar,19.Sep.15,43117.33,4311.733
2135,100002136,Lisa,Dickens,Female,29,England,White Collar,19.Sep.15,65213.98,6521.398000000001
2136,100002137,Amy,Lawrence,Female,21,England,Blue Collar,19.Sep.15,113673.32,11367.332000000002
2137,100002138,Adrian,McDonald,Male,33,England,White Collar,19.Sep.15,7974.93,797.493
2138,100002139,Luke,Mackenzie,Male,38,England,White Collar,19.Sep.15,59179.29,5917.929
2139,100002140,Penelope,Bell,Female,43,England,Other,19.Sep.15,38986.48,3898.6480000000006
2140,200002141,Kevin,Gill,Male,54,Scotland,White Collar,19.Sep.15,25605.83,2560.5830000000005
2141,200002142,Boris,Short,Male,46,Scotland,Blue Collar,19.Sep.15,68884.38,6888.438000000001
2142,200002143,Luke,Martin,Male,40,Scotland,Other,19.Sep.15,37247.66,3724.7660000000005
2143,200002144,Gavin,Davies,Male,50,Scotland,Blue Collar,19.Sep.15,2311.31,231.131
2144,200002145,Victor,Ince,Male,37,Scotland,Blue Collar,19.Sep.15,64601.54,6460.154
2145,200002146,Neil,Vance,Male,45,Scotland,Blue Collar,19.Sep.15,55276.13,5527.613
2146,200002147,Brian,Morgan,Male,63,Scotland,Blue Collar,19.Sep.15,15822.61,1582.2610000000002
2147,200002148,Hannah,Payne,Female,60,Scotland,Other,19.Sep.15,44430.94,4443.094
2148,200002149,Mary,MacLeod,Female,53,Scotland,Other,19.Sep.15,56122.61,5612.261
2149,300002150,Jasmine,Mitchell,Female,37,Wales,Other,19.Sep.15,15635.08,1563.508
2150,400002151,Adam,Skinner,Male,37,Northern Ireland,White Collar,19.Sep.15,117089.6,11708.960000000001
2151,400002152,Jane,Baker,Female,27,Northern Ireland,Other,19.Sep.15,18601.06,1860.1060000000002
2152,400002153,Gordon,Abraham,Male,30,Northern Ireland,Other,19.Sep.15,83549.66,8354.966
2153,100002154,Virginia,Springer,Female,29,England,White Collar,20.Sep.15,40656.48,4065.6480000000006
2154,100002155,Dylan,Skinner,Male,36,England,White Collar,20.Sep.15,39384.83,3938.483
2155,100002156,Liam,Davies,Male,43,England,White Collar,20.Sep.15,5055.31,505.53100000000006
2156,100002157,Colin,Bell,Male,28,England,Other,20.Sep.15,38926.37,3892.6370000000006
2157,200002158,William,McGrath,Male,61,Scotland,Other,20.Sep.15,32439.6,3243.96
2158,200002159,Michael,Smith,Male,31,Scotland,Blue Collar,20.Sep.15,18673.91,1867.391
2159,200002160,Zoe,Lawrence,Female,51,Scotland,Other,20.Sep.15,50115.25,5011.525000000001
2160,200002161,Benjamin,Sanderson,Male,46,Scotland,Blue Collar,20.Sep.15,7532.32,753.232
2161,300002162,Audrey,Peake,Female,35,Wales,White Collar,20.Sep.15,68176.38,6817.638000000001
2162,300002163,Diana,Bailey,Female,43,Wales,White Collar,20.Sep.15,74452.61,7445.261
2163,300002164,Bella,Jones,Female,31,Wales,White Collar,20.Sep.15,61587.63,6158.763
2164,400002165,Adrian,Vaughan,Male,26,Northern Ireland,Other,20.Sep.15,26165.32,2616.532
2165,400002166,Molly,Kelly,Female,27,Northern Ireland,Blue Collar,20.Sep.15,1897.88,189.788
2166,100002167,Stewart,Walker,Male,29,England,White Collar,21.Sep.15,76517.85,7651.785000000001
2167,100002168,Maria,Bailey,Female,42,England,White Collar,21.Sep.15,5252.57,525.257
2168,100002169,Ruth,Hudson,Female,27,England,White Collar,21.Sep.15,361.64,36.164
2169,100002170,Boris,Avery,Male,32,England,White Collar,21.Sep.15,54090.91,5409.091
2170,100002171,Andrew,Walker,Male,33,England,White Collar,21.Sep.15,2710.9,271.09000000000003
2171,100002172,Keith,Slater,Male,34,England,White Collar,21.Sep.15,14010.06,1401.006
2172,100002173,Jane,Turner,Female,28,England,White Collar,21.Sep.15,88090.32,8809.032000000001
2173,100002174,Maria,McLean,Female,36,England,White Collar,21.Sep.15,48661.99,4866.199
2174,100002175,Owen,Dyer,Male,50,England,White Collar,21.Sep.15,50706.4,5070.64
2175,200002176,Lisa,Sharp,Female,28,Scotland,Blue Collar,21.Sep.15,39597.2,3959.72
2176,200002177,Blake,Terry,Male,41,Scotland,Blue Collar,21.Sep.15,61508.32,6150.832
2177,300002178,Julia,Glover,Female,55,Wales,White Collar,21.Sep.15,19547.39,1954.739
2178,300002179,Jessica,Sharp,Female,43,Wales,Blue Collar,21.Sep.15,9130.19,913.0190000000001
2179,400002180,Audrey,Berry,Female,31,Northern Ireland,White Collar,21.Sep.15,20101.47,2010.1470000000002
2180,100002181,Blake,Turner,Male,32,England,White Collar,22.Sep.15,32529.22,3252.9220000000005
2181,100002182,Bella,Parsons,Female,36,England,White Collar,22.Sep.15,27081.12,2708.112
2182,100002183,Lillian,Bond,Female,33,England,White Collar,22.Sep.15,31896.91,3189.6910000000003
2183,100002184,Sam,Ince,Male,35,England,White Collar,22.Sep.15,33153.19,3315.3190000000004
2184,100002185,Owen,Ross,Male,32,England,White Collar,22.Sep.15,3103.61,310.36100000000005
2185,200002186,Nicholas,White,Male,53,Scotland,Blue Collar,22.Sep.15,49225.7,4922.57
2186,200002187,Leah,Gibson,Female,46,Scotland,Other,22.Sep.15,13507.48,1350.748
2187,300002188,Mary,Murray,Female,28,Wales,Blue Collar,22.Sep.15,94793.04,9479.304
2188,300002189,Abigail,Wright,Female,29,Wales,White Collar,22.Sep.15,99557.72,9955.772
2189,100002190,Vanessa,Miller,Female,28,England,White Collar,23.Sep.15,11549.67,1154.967
2190,100002191,Edward,Cornish,Male,32,England,White Collar,23.Sep.15,64701.01,6470.101000000001
2191,100002192,Warren,Alsop,Male,28,England,Other,23.Sep.15,78383.54,7838.353999999999
2192,100002193,Owen,Quinn,Male,18,England,Blue Collar,23.Sep.15,62583.68,6258.368
2193,100002194,Alison,Nash,Female,45,England,Blue Collar,23.Sep.15,12508.07,1250.807
2194,100002195,Ava,Mackay,Female,26,England,White Collar,23.Sep.15,59155.94,5915.594000000001
2195,100002196,Jasmine,Sutherland,Female,32,England,Blue Collar,23.Sep.15,50290.76,5029.076000000001
2196,100002197,Sebastian,Churchill,Male,18,England,White Collar,23.Sep.15,840.88,84.08800000000001
2197,100002198,Molly,Fisher,Female,20,England,White Collar,23.Sep.15,51904.56,5190.456
2198,100002199,Leah,Sutherland,Female,31,England,Other,23.Sep.15,73990.81,7399.081
2199,100002200,Phil,Davies,Male,27,England,White Collar,23.Sep.15,33355.25,3335.525
2200,100002201,Phil,Ross,Male,40,England,White Collar,23.Sep.15,37713.23,3771.3230000000003
2201,200002202,Jonathan,Baker,Male,49,Scotland,Blue Collar,23.Sep.15,20409.28,2040.9279999999999
2202,200002203,Warren,Gray,Male,43,Scotland,Blue Collar,23.Sep.15,33132.45,3313.245
2203,200002204,Joan,Howard,Female,44,Scotland,White Collar,23.Sep.15,36903.95,3690.395
2204,200002205,Michelle,Lyman,Female,47,Scotland,White Collar,23.Sep.15,29046.07,2904.607
2205,200002206,Kylie,Dowd,Female,55,Scotland,Other,23.Sep.15,77113.36,7711.336
2206,200002207,William,Forsyth,Male,54,Scotland,Blue Collar,23.Sep.15,76439.52,7643.952000000001
2207,200002208,Nicholas,Graham,Male,56,Scotland,Blue Collar,23.Sep.15,10642.44,1064.2440000000001
2208,300002209,Jasmine,Henderson,Female,29,Wales,Blue Collar,23.Sep.15,7614.4,761.44
2209,300002210,Steven,Burgess,Male,33,Wales,White Collar,23.Sep.15,44605.53,4460.553
2210,400002211,Amy,Graham,Female,27,Northern Ireland,Other,23.Sep.15,37985.87,3798.5870000000004
2211,400002212,Lily,Rees,Female,24,Northern Ireland,Other,23.Sep.15,66857.45,6685.745
2212,400002213,Claire,Martin,Female,27,Northern Ireland,Other,23.Sep.15,65095.97,6509.597000000001
2213,100002214,Adrian,Hudson,Male,40,England,Other,24.Sep.15,15634.04,1563.4040000000002
2214,100002215,Harry,Lee,Male,33,England,White Collar,24.Sep.15,61877.87,6187.787
2215,100002216,Austin,McGrath,Male,40,England,White Collar,24.Sep.15,25921.92,2592.192
2216,100002217,Jason,Parr,Male,41,England,White Collar,24.Sep.15,26828.16,2682.8160000000003
2217,100002218,Jasmine,Turner,Female,29,England,White Collar,24.Sep.15,119118.39,11911.839
2218,100002219,Victoria,Underwood,Female,37,England,Blue Collar,24.Sep.15,54692.79,5469.279
2219,100002220,Dominic,Kerr,Male,26,England,White Collar,24.Sep.15,29265.97,2926.597
2220,100002221,Joseph,Lee,Male,37,England,White Collar,24.Sep.15,12160.79,1216.0790000000002
2221,100002222,Ava,Walsh,Female,46,England,White Collar,24.Sep.15,59642.17,5964.217000000001
2222,100002223,Harry,Clarkson,Male,48,England,White Collar,24.Sep.15,53270.72,5327.072
2223,100002224,Megan,Hardacre,Female,39,England,White Collar,24.Sep.15,19383.54,1938.3540000000003
2224,100002225,Sarah,Morrison,Female,37,England,White Collar,24.Sep.15,14610.17,1461.017
2225,100002226,Chloe,Young,Female,31,England,White Collar,24.Sep.15,47381.87,4738.187000000001
2226,100002227,Jason,Thomson,Male,46,England,White Collar,24.Sep.15,29407.63,2940.7630000000004
2227,100002228,Katherine,Marshall,Female,34,England,White Collar,24.Sep.15,41588.81,4158.881
2228,100002229,Alan,Buckland,Male,37,England,Blue Collar,24.Sep.15,30147.28,3014.728
2229,100002230,Mary,Hart,Female,22,England,White Collar,24.Sep.15,32946.72,3294.6720000000005
2230,100002231,Una,Paterson,Female,32,England,White Collar,24.Sep.15,37281.32,3728.132
2231,100002232,Sonia,Roberts,Female,33,England,Other,24.Sep.15,36709.9,3670.9900000000002
2232,100002233,Elizabeth,Cameron,Female,31,England,Blue Collar,24.Sep.15,63449.29,6344.929
2233,100002234,Heather,Hughes,Female,20,England,White Collar,24.Sep.15,17321.01,1732.1009999999999
2234,100002235,Dan,Gill,Male,40,England,White Collar,24.Sep.15,25417.31,2541.731
2235,100002236,Andrea,Rampling,Female,42,England,White Collar,24.Sep.15,17631.94,1763.194
2236,100002237,Sebastian,May,Male,36,England,White Collar,24.Sep.15,39028.74,3902.874
2237,100002238,Andrew,MacLeod,Male,34,England,White Collar,24.Sep.15,9197.04,919.7040000000002
2238,100002239,Adam,Parsons,Male,34,England,White Collar,24.Sep.15,48947.83,4894.783
2239,100002240,Bernadette,Wilkins,Female,36,England,White Collar,24.Sep.15,33197.49,3319.749
2240,100002241,Harry,Hill,Male,37,England,White Collar,24.Sep.15,83804.88,8380.488000000001
2241,100002242,Richard,Burgess,Male,31,England,White Collar,24.Sep.15,38361.91,3836.1910000000007
2242,100002243,Felicity,Arnold,Female,44,England,White Collar,24.Sep.15,27520.61,2752.061
2243,100002244,Sue,Arnold,Female,38,England,White Collar,24.Sep.15,5053.64,505.36400000000003
2244,100002245,Thomas,Randall,Male,24,England,White Collar,24.Sep.15,52872.53,5287.253000000001
2245,200002246,Samantha,Marshall,Female,52,Scotland,Blue Collar,24.Sep.15,43787.71,4378.771
2246,200002247,David,McLean,Male,43,Scotland,Other,24.Sep.15,8115.05,811.5050000000001
2247,200002248,Warren,Kerr,Male,19,Scotland,Other,24.Sep.15,30691.82,3069.1820000000002
2248,200002249,Ruth,Knox,Female,52,Scotland,Other,24.Sep.15,65019.95,6501.995
2249,200002250,Ian,Metcalfe,Male,48,Scotland,Other,24.Sep.15,32709.97,3270.9970000000003
2250,200002251,Molly,Ball,Female,61,Scotland,Other,24.Sep.15,18880.99,1888.0990000000002
2251,200002252,Lucas,Short,Male,48,Scotland,Blue Collar,24.Sep.15,23726.79,2372.679
2252,200002253,Diana,Terry,Female,50,Scotland,Other,24.Sep.15,14835.01,1483.5010000000002
2253,200002254,Stephen,Carr,Male,45,Scotland,Blue Collar,24.Sep.15,64665.58,6466.558000000001
2254,200002255,Jason,Pullman,Male,39,Scotland,Blue Collar,24.Sep.15,27726.59,2772.659
2255,200002256,Brian,Paige,Male,58,Scotland,Other,24.Sep.15,47114.02,4711.402
2256,200002257,Molly,Clark,Female,51,Scotland,Other,24.Sep.15,16321.85,1632.1850000000002
2257,200002258,Megan,Morgan,Female,50,Scotland,Other,24.Sep.15,31918.02,3191.802
2258,200002259,Alexander,Marshall,Male,42,Scotland,Blue Collar,24.Sep.15,54856.02,5485.602
2259,200002260,Jennifer,Forsyth,Female,43,Scotland,Other,24.Sep.15,10037.76,1003.7760000000001
2260,200002261,Neil,Alsop,Male,50,Scotland,Other,24.Sep.15,33161.08,3316.108
2261,200002262,Emily,Thomson,Female,50,Scotland,Other,24.Sep.15,28116.71,2811.6710000000003
2262,200002263,Madeleine,Russell,Female,61,Scotland,Blue Collar,24.Sep.15,48394.84,4839.4839999999995
2263,200002264,Leonard,Mills,Male,45,Scotland,Other,24.Sep.15,10508.74,1050.874
2264,300002265,Gabrielle,Allan,Female,25,Wales,White Collar,24.Sep.15,40535.16,4053.5160000000005
2265,300002266,Stewart,Alsop,Male,33,Wales,Other,24.Sep.15,38089.79,3808.9790000000003
2266,300002267,Anna,Tucker,Female,25,Wales,Other,24.Sep.15,5073.87,507.387
2267,300002268,Evan,Dickens,Male,18,Wales,White Collar,24.Sep.15,27333.57,2733.357
2268,300002269,Gordon,Bell,Male,26,Wales,White Collar,24.Sep.15,58399.2,5839.92
2269,300002270,Neil,Lawrence,Male,35,Wales,White Collar,24.Sep.15,11552.18,1155.218
2270,300002271,Christian,Miller,Male,37,Wales,Other,24.Sep.15,40862.92,4086.292
2271,300002272,Boris,Graham,Male,22,Wales,Blue Collar,24.Sep.15,14748.59,1474.8590000000002
2272,300002273,Nathan,Wright,Male,46,Wales,Blue Collar,24.Sep.15,36919.09,3691.9089999999997
2273,300002274,Jason,Avery,Male,25,Wales,Other,24.Sep.15,41197.66,4119.7660000000005
2274,300002275,Olivia,Newman,Female,36,Wales,White Collar,24.Sep.15,84942.22,8494.222
2275,400002276,Irene,Sutherland,Female,27,Northern Ireland,White Collar,24.Sep.15,50798.78,5079.878000000001
2276,400002277,Vanessa,McLean,Female,38,Northern Ireland,Other,24.Sep.15,13914.8,1391.48
2277,400002278,Pippa,Ball,Female,33,Northern Ireland,Other,24.Sep.15,133.75,13.375
2278,400002279,Victoria,Slater,Female,29,Northern Ireland,Other,24.Sep.15,74348.45,7434.845
2279,400002280,Connor,Fisher,Male,29,Northern Ireland,Blue Collar,24.Sep.15,11180.72,1118.072
2280,100002281,Leah,Marshall,Female,49,England,White Collar,25.Sep.15,34393.8,3439.3800000000006
2281,100002282,Nathan,Clarkson,Male,32,England,White Collar,25.Sep.15,59321.49,5932.149
2282,100002283,Andrea,Burgess,Female,38,England,White Collar,25.Sep.15,96144.95,9614.495
2283,100002284,Michael,Lewis,Male,29,England,Blue Collar,25.Sep.15,34290.4,3429.0400000000004
2284,100002285,Sonia,Ball,Female,31,England,Other,25.Sep.15,4941.26,494.12600000000003
2285,100002286,Wanda,Mackenzie,Female,28,England,White Collar,25.Sep.15,107083.15,10708.315
2286,100002287,Sophie,Welch,Female,36,England,Blue Collar,25.Sep.15,49350.39,4935.039000000001
2287,100002288,Isaac,Dickens,Male,51,England,Blue Collar,25.Sep.15,56729.36,5672.936000000001
2288,200002289,Stewart,Cornish,Male,42,Scotland,Blue Collar,25.Sep.15,82055.21,8205.521
2289,200002290,Nicholas,Metcalfe,Male,45,Scotland,White Collar,25.Sep.15,48333.09,4833.309
2290,200002291,Justin,Wallace,Male,36,Scotland,Blue Collar,25.Sep.15,15706.01,1570.601
2291,200002292,Gordon,Wright,Male,53,Scotland,Other,25.Sep.15,67521.26,6752.126
2292,200002293,Jacob,Mackay,Male,49,Scotland,Blue Collar,25.Sep.15,875.27,87.527
2293,200002294,William,Morrison,Male,41,Scotland,Blue Collar,25.Sep.15,93395.64,9339.564
2294,200002295,Gavin,Hardacre,Male,52,Scotland,Other,25.Sep.15,27024.47,2702.447
2295,200002296,John,Forsyth,Male,45,Scotland,Blue Collar,25.Sep.15,10899.65,1089.965
2296,300002297,Jasmine,Rees,Female,30,Wales,White Collar,25.Sep.15,117809.44,11780.944000000001
2297,300002298,Phil,Arnold,Male,37,Wales,Blue Collar,25.Sep.15,80824.89,8082.4890000000005
2298,400002299,Ella,McLean,Female,37,Northern Ireland,Blue Collar,25.Sep.15,59970.28,5997.028
2299,100002300,Phil,Jones,Male,34,England,White Collar,26.Sep.15,81376.19,8137.619000000001
2300,100002301,Irene,Dyer,Female,36,England,White Collar,26.Sep.15,64555.12,6455.512000000001
2301,100002302,Neil,Wright,Male,28,England,Other,26.Sep.15,11825.37,1182.537
2302,100002303,Lauren,Marshall,Female,45,England,Blue Collar,26.Sep.15,22420.34,2242.034
2303,100002304,Maria,Newman,Female,51,England,White Collar,26.Sep.15,80925.56,8092.5560000000005
2304,100002305,Joan,Fisher,Female,34,England,Other,26.Sep.15,22433.36,2243.3360000000002
2305,100002306,Luke,Lyman,Male,31,England,White Collar,26.Sep.15,116522.47,11652.247000000001
2306,100002307,Nicola,Gray,Female,43,England,White Collar,26.Sep.15,106071.02,10607.102
2307,200002308,Adam,Dowd,Male,49,Scotland,Blue Collar,26.Sep.15,75620.5,7562.05
2308,200002309,Caroline,Carr,Female,45,Scotland,Other,26.Sep.15,71299.84,7129.984
2309,200002310,Isaac,Paige,Male,48,Scotland,White Collar,26.Sep.15,54081.03,5408.103
2310,200002311,Kevin,Howard,Male,64,Scotland,Blue Collar,26.Sep.15,10325.52,1032.5520000000001
2311,200002312,Jason,Quinn,Male,53,Scotland,Blue Collar,26.Sep.15,65464.91,6546.491000000001
2312,200002313,Christopher,Ferguson,Male,45,Scotland,Other,26.Sep.15,77140.53,7714.053
2313,300002314,Hannah,Hill,Female,20,Wales,White Collar,26.Sep.15,32823.6,3282.36
2314,300002315,Rachel,Morgan,Female,35,Wales,Blue Collar,26.Sep.15,80558.45,8055.845
2315,300002316,Jan,Randall,Female,34,Wales,White Collar,26.Sep.15,14009.77,1400.977
2316,400002317,Amanda,Newman,Female,19,Northern Ireland,Blue Collar,26.Sep.15,63979.4,6397.9400000000005
2317,400002318,Natalie,Vaughan,Female,31,Northern Ireland,Other,26.Sep.15,27667.95,2766.795
2318,400002319,Karen,Butler,Female,40,Northern Ireland,White Collar,26.Sep.15,6540.58,654.058
2319,100002320,Blake,Brown,Male,27,England,White Collar,27.Sep.15,54644.32,5464.432000000001
2320,100002321,Mary,Graham,Female,46,England,White Collar,27.Sep.15,26572.57,2657.257
2321,100002322,Audrey,Piper,Female,43,England,White Collar,27.Sep.15,7835.46,783.546
2322,100002323,Charles,Glover,Male,40,England,Blue Collar,27.Sep.15,71368.77,7136.877
2323,100002324,Anthony,Rutherford,Male,37,England,Other,27.Sep.15,6031.79,603.179
2324,100002325,Lily,Sutherland,Female,45,England,Other,27.Sep.15,68291.36,6829.136
2325,100002326,Caroline,Bond,Female,45,England,White Collar,27.Sep.15,59349.16,5934.916000000001
2326,100002327,Adrian,Ross,Male,31,England,White Collar,27.Sep.15,12395.4,1239.54
2327,100002328,Jennifer,Rampling,Female,37,England,Blue Collar,27.Sep.15,25978.37,2597.837
2328,200002329,Claire,Nolan,Female,53,Scotland,Other,27.Sep.15,41704.56,4170.456
2329,200002330,Andrew,Lewis,Male,58,Scotland,Other,27.Sep.15,58713.96,5871.396000000001
2330,200002331,Harry,James,Male,52,Scotland,Blue Collar,27.Sep.15,64059.71,6405.9710000000005
2331,200002332,Warren,Quinn,Male,54,Scotland,Blue Collar,27.Sep.15,34782.54,3478.2540000000004
2332,200002333,Carl,Ellison,Male,50,Scotland,Blue Collar,27.Sep.15,3246.67,324.66700000000003
2333,300002334,Joe,Nolan,Male,33,Wales,Blue Collar,27.Sep.15,108674.69,10867.469000000001
2334,300002335,Benjamin,Howard,Male,36,Wales,White Collar,27.Sep.15,144209.77,14420.976999999999
2335,300002336,Heather,Buckland,Female,27,Wales,White Collar,27.Sep.15,33122.15,3312.215
2336,400002337,Victoria,Powell,Female,40,Northern Ireland,White Collar,27.Sep.15,40064.67,4006.467
2337,100002338,Michael,Langdon,Male,40,England,Blue Collar,28.Sep.15,29733.42,2973.342
2338,100002339,Deirdre,May,Female,31,England,Other,28.Sep.15,107268.59,10726.859
2339,100002340,William,Graham,Male,37,England,White Collar,28.Sep.15,34070.86,3407.0860000000002
2340,100002341,Dominic,Black,Male,41,England,Other,28.Sep.15,10486.23,1048.623
2341,100002342,Hannah,Russell,Female,30,England,Blue Collar,28.Sep.15,13717.09,1371.709
2342,100002343,Theresa,Ferguson,Female,31,England,White Collar,28.Sep.15,12498.12,1249.8120000000001
2343,100002344,Stephanie,Gray,Female,22,England,White Collar,28.Sep.15,84123.93,8412.393
2344,100002345,John,Terry,Male,45,England,White Collar,28.Sep.15,73668.49,7366.849000000001
2345,100002346,Kylie,Davidson,Female,29,England,White Collar,28.Sep.15,103942.23,10394.223
2346,100002347,Leonard,Lee,Male,50,England,White Collar,28.Sep.15,26318.03,2631.803
2347,100002348,Benjamin,Payne,Male,41,England,White Collar,28.Sep.15,71079.13,7107.9130000000005
2348,200002349,Christian,Mackenzie,Male,59,Scotland,Blue Collar,28.Sep.15,68406.24,6840.624000000001
2349,200002350,Gavin,Jones,Male,47,Scotland,Blue Collar,28.Sep.15,14273.21,1427.321
2350,200002351,Amelia,Short,Female,55,Scotland,Other,28.Sep.15,12232.83,1223.2830000000001
2351,200002352,Owen,Marshall,Male,37,Scotland,Blue Collar,28.Sep.15,91884.77,9188.477
2352,200002353,Leonard,Lyman,Male,64,Scotland,Blue Collar,28.Sep.15,139415.88,13941.588000000002
2353,200002354,Blake,Nolan,Male,45,Scotland,Blue Collar,28.Sep.15,91759.2,9175.92
2354,200002355,Molly,Buckland,Female,38,Scotland,Other,28.Sep.15,69556.06,6955.606
2355,200002356,Chloe,Sanderson,Female,59,Scotland,Other,28.Sep.15,6674.7,667.47
2356,200002357,Katherine,Lambert,Female,58,Scotland,Other,28.Sep.15,53914.11,5391.411
2357,200002358,Simon,Churchill,Male,61,Scotland,Blue Collar,28.Sep.15,19128.02,1912.8020000000001
2358,300002359,Theresa,Bailey,Female,32,Wales,Other,28.Sep.15,19954.05,1995.405
2359,400002360,Molly,Mackenzie,Female,35,Northern Ireland,Other,28.Sep.15,77091.37,7709.137
2360,400002361,Peter,Bailey,Male,41,Northern Ireland,White Collar,28.Sep.15,85187.91,8518.791000000001
2361,100002362,Melanie,Hodges,Female,33,England,White Collar,29.Sep.15,4575.0,457.5
2362,100002363,Heather,Sutherland,Female,30,England,White Collar,29.Sep.15,78128.45,7812.845
2363,100002364,Amy,McDonald,Female,35,England,White Collar,29.Sep.15,16080.85,1608.085
2364,100002365,Sam,Hunter,Male,49,England,Other,29.Sep.15,4735.8,473.58000000000004
2365,100002366,Stephen,Oliver,Male,31,England,White Collar,29.Sep.15,36528.38,3652.8379999999997
2366,100002367,Ryan,Mackenzie,Male,34,England,Blue Collar,29.Sep.15,135158.19,13515.819000000001
2367,100002368,Gavin,Morgan,Male,37,England,White Collar,29.Sep.15,91665.23,9166.523
2368,100002369,Warren,Glover,Male,26,England,White Collar,29.Sep.15,61577.15,6157.715
2369,100002370,Madeleine,Avery,Female,32,England,White Collar,29.Sep.15,19995.78,1999.578
2370,100002371,Jonathan,Kelly,Male,33,England,White Collar,29.Sep.15,23676.73,2367.6730000000002
2371,100002372,Faith,Berry,Female,26,England,White Collar,29.Sep.15,13836.11,1383.611
2372,100002373,Piers,Greene,Male,34,England,Blue Collar,29.Sep.15,30792.03,3079.203
2373,200002374,Connor,King,Male,38,Scotland,Blue Collar,29.Sep.15,43582.09,4358.209
2374,200002375,Stewart,Mackenzie,Male,45,Scotland,Other,29.Sep.15,64592.88,6459.2880000000005
2375,200002376,Paul,Murray,Male,43,Scotland,Blue Collar,29.Sep.15,57784.39,5778.439
2376,200002377,Simon,Gray,Male,46,Scotland,White Collar,29.Sep.15,12483.24,1248.324
2377,200002378,Charles,Avery,Male,58,Scotland,Other,29.Sep.15,7185.59,718.5590000000001
2378,200002379,Isaac,Lambert,Male,43,Scotland,Blue Collar,29.Sep.15,21251.76,2125.176
2379,300002380,Claire,James,Female,39,Wales,White Collar,29.Sep.15,100130.71,10013.071000000002
2380,400002381,Hannah,Short,Female,43,Northern Ireland,Other,29.Sep.15,21607.48,2160.748
2381,400002382,Audrey,Knox,Female,24,Northern Ireland,Other,29.Sep.15,899.97,89.99700000000001
2382,400002383,Amy,Fisher,Female,24,Northern Ireland,White Collar,29.Sep.15,17347.52,1734.7520000000002
2383,100002384,Jessica,Jackson,Female,33,England,White Collar,30.Sep.15,30454.03,3045.4030000000002
2384,100002385,Jake,Bell,Male,28,England,White Collar,30.Sep.15,73793.66,7379.366000000001
2385,100002386,Andrea,Hudson,Female,46,England,White Collar,30.Sep.15,112571.21,11257.121000000001
2386,100002387,Richard,Hudson,Male,29,England,White Collar,30.Sep.15,58720.19,5872.019
2387,100002388,Theresa,Lewis,Female,38,England,Blue Collar,30.Sep.15,3761.07,376.107
2388,100002389,Felicity,Oliver,Female,45,England,Other,30.Sep.15,12247.62,1224.7620000000002
2389,100002390,Penelope,Dowd,Female,45,England,White Collar,30.Sep.15,123159.76,12315.976
2390,100002391,Gordon,Russell,Male,29,England,White Collar,30.Sep.15,9979.14,997.914
2391,100002392,Colin,Newman,Male,30,England,Other,30.Sep.15,20821.23,2082.123
2392,200002393,Warren,Bond,Male,40,Scotland,Blue Collar,30.Sep.15,64487.05,6448.705000000001
2393,200002394,Anna,Oliver,Female,44,Scotland,Other,30.Sep.15,24636.06,2463.606
2394,200002395,Alexander,Hudson,Male,45,Scotland,Other,30.Sep.15,81068.1,8106.810000000001
2395,200002396,Ian,Black,Male,57,Scotland,Blue Collar,30.Sep.15,49358.43,4935.843000000001
2396,200002397,Paul,Nash,Male,50,Scotland,Blue Collar,30.Sep.15,34740.16,3474.0160000000005
2397,200002398,Isaac,Paige,Male,55,Scotland,Blue Collar,30.Sep.15,28781.46,2878.146
2398,200002399,Wendy,Ferguson,Female,57,Scotland,Other,30.Sep.15,4025.97,402.597
2399,300002400,Alexandra,Butler,Female,36,Wales,Blue Collar,30.Sep.15,15245.28,1524.5280000000002
2400,400002401,Wanda,Peters,Female,21,Northern Ireland,Other,30.Sep.15,50686.07,5068.607
2401,100002402,Jack,Lambert,Male,47,England,White Collar,01.Oct.15,8964.65,896.465
2402,100002403,Gavin,Lyman,Male,33,England,White Collar,01.Oct.15,13036.35,1303.6350000000002
2403,100002404,Sean,Duncan,Male,43,England,White Collar,01.Oct.15,31840.24,3184.0240000000003
2404,100002405,Katherine,Hudson,Female,34,England,White Collar,01.Oct.15,48696.83,4869.683
2405,100002406,Grace,Ince,Female,32,England,White Collar,01.Oct.15,31675.17,3167.517
2406,100002407,Gordon,Ball,Male,34,England,Blue Collar,01.Oct.15,21360.89,2136.089
2407,100002408,Oliver,Short,Male,29,England,White Collar,01.Oct.15,5564.99,556.499
2408,200002409,Alan,Peters,Male,53,Scotland,Blue Collar,01.Oct.15,43276.26,4327.626
2409,200002410,Anthony,Robertson,Male,52,Scotland,Blue Collar,01.Oct.15,47271.67,4727.167
2410,200002411,Angela,Paterson,Female,56,Scotland,Other,01.Oct.15,10029.71,1002.971
2411,200002412,David,Parsons,Male,54,Scotland,Blue Collar,01.Oct.15,34987.42,3498.742
2412,200002413,Lillian,Payne,Female,51,Scotland,Other,01.Oct.15,5467.19,546.7189999999999
2413,100002414,Luke,Grant,Male,37,England,White Collar,02.Oct.15,28809.98,2880.998
2414,100002415,Sue,King,Female,41,England,Other,02.Oct.15,19938.81,1993.8810000000003
2415,100002416,Sophie,Nash,Female,32,England,White Collar,02.Oct.15,50111.16,5011.116000000001
2416,100002417,Anna,Campbell,Female,34,England,White Collar,02.Oct.15,24006.93,2400.693
2417,100002418,Oliver,Hunter,Male,38,England,Other,02.Oct.15,59261.81,5926.1810000000005
2418,100002419,Diane,Ellison,Female,33,England,White Collar,02.Oct.15,46035.81,4603.581
2419,100002420,Molly,Grant,Female,42,England,White Collar,02.Oct.15,14989.3,1498.93
2420,100002421,Richard,Avery,Male,28,England,White Collar,02.Oct.15,14448.61,1444.861
2421,100002422,Benjamin,Newman,Male,28,England,White Collar,02.Oct.15,23076.43,2307.643
2422,100002423,Brandon,Vaughan,Male,33,England,White Collar,02.Oct.15,48286.35,4828.635
2423,100002424,Wendy,Clarkson,Female,41,England,Blue Collar,02.Oct.15,964.1,96.41000000000001
2424,100002425,Colin,Lyman,Male,31,England,Blue Collar,02.Oct.15,79314.11,7931.411
2425,200002426,Gavin,McLean,Male,48,Scotland,Blue Collar,02.Oct.15,54817.88,5481.7880000000005
2426,200002427,Stephanie,Randall,Female,40,Scotland,Other,02.Oct.15,36530.74,3653.074
2427,300002428,Keith,Underwood,Male,36,Wales,White Collar,02.Oct.15,23291.89,2329.189
2428,100002429,Diana,Alsop,Female,43,England,White Collar,03.Oct.15,42972.72,4297.272
2429,100002430,Tim,Hunter,Male,36,England,White Collar,03.Oct.15,22675.26,2267.526
2430,100002431,Julian,Lambert,Male,40,England,White Collar,03.Oct.15,12622.63,1262.263
2431,100002432,Wanda,Bell,Female,43,England,White Collar,03.Oct.15,23251.07,2325.107
2432,100002433,Fiona,Lambert,Female,45,England,White Collar,03.Oct.15,53536.19,5353.619000000001
2433,100002434,Alexander,Nash,Male,32,England,White Collar,03.Oct.15,16127.3,1612.73
2434,100002435,Boris,Arnold,Male,36,England,White Collar,03.Oct.15,43882.44,4388.244000000001
2435,100002436,Sean,Mitchell,Male,40,England,White Collar,03.Oct.15,7741.38,774.138
2436,100002437,Phil,Jackson,Male,33,England,White Collar,03.Oct.15,39625.0,3962.5
2437,100002438,Grace,Hardacre,Female,30,England,White Collar,03.Oct.15,138086.22,13808.622000000001
2438,100002439,Eric,Smith,Male,42,England,White Collar,03.Oct.15,32973.73,3297.3730000000005
2439,100002440,Bella,Bower,Female,28,England,White Collar,03.Oct.15,76304.75,7630.475
2440,200002441,Justin,Knox,Male,26,Scotland,Blue Collar,03.Oct.15,69903.96,6990.396000000001
2441,200002442,Blake,Forsyth,Male,52,Scotland,Blue Collar,03.Oct.15,40011.42,4001.142
2442,200002443,John,Mathis,Male,58,Scotland,Blue Collar,03.Oct.15,31082.12,3108.212
2443,200002444,Christian,Graham,Male,47,Scotland,Other,03.Oct.15,87669.32,8766.932
2444,200002445,Carolyn,Cornish,Female,48,Scotland,Other,03.Oct.15,12405.42,1240.5420000000001
2445,200002446,Christian,Davidson,Male,50,Scotland,Blue Collar,03.Oct.15,21885.91,2188.591
2446,200002447,Justin,Sanderson,Male,58,Scotland,Blue Collar,03.Oct.15,13230.47,1323.047
2447,300002448,Stephen,Piper,Male,41,Wales,Blue Collar,03.Oct.15,32837.02,3283.7019999999998
2448,100002449,John,MacDonald,Male,27,England,Blue Collar,04.Oct.15,7385.38,738.538
2449,100002450,Amy,Hill,Female,42,England,Other,04.Oct.15,10562.39,1056.239
2450,100002451,Warren,Metcalfe,Male,41,England,White Collar,04.Oct.15,54256.9,5425.6900000000005
2451,100002452,Rebecca,Gill,Female,25,England,Blue Collar,04.Oct.15,5490.74,549.074
2452,100002453,Wendy,Skinner,Female,34,England,White Collar,04.Oct.15,10594.11,1059.411
2453,100002454,Connor,Short,Male,47,England,White Collar,04.Oct.15,53788.44,5378.844000000001
2454,100002455,Ruth,Chapman,Female,28,England,White Collar,04.Oct.15,19866.92,1986.692
2455,100002456,Cameron,Cameron,Male,44,England,Other,04.Oct.15,54062.08,5406.2080000000005
2456,100002457,Joseph,Rees,Male,39,England,Blue Collar,04.Oct.15,9947.41,994.741
2457,100002458,Wanda,Wallace,Female,38,England,White Collar,04.Oct.15,67842.28,6784.228
2458,100002459,Peter,James,Male,37,England,White Collar,04.Oct.15,19014.05,1901.405
2459,100002460,John,Clarkson,Male,22,England,White Collar,04.Oct.15,781.84,78.18400000000001
2460,100002461,Robert,Walker,Male,34,England,White Collar,04.Oct.15,99934.82,9993.482000000002
2461,200002462,Melanie,Miller,Female,49,Scotland,White Collar,04.Oct.15,64721.73,6472.173000000001
2462,200002463,Nicola,Dyer,Female,53,Scotland,Other,04.Oct.15,7887.99,788.799
2463,100002464,Emily,Mackenzie,Female,36,England,White Collar,05.Oct.15,51614.58,5161.4580000000005
2464,100002465,Amy,Jones,Female,34,England,White Collar,05.Oct.15,9286.99,928.6990000000001
2465,100002466,Virginia,Skinner,Female,27,England,Blue Collar,05.Oct.15,3471.22,347.122
2466,100002467,Mary,Brown,Female,35,England,Blue Collar,05.Oct.15,39047.45,3904.745
2467,100002468,Robert,Mills,Male,42,England,White Collar,05.Oct.15,368.53,36.853
2468,100002469,Frank,Powell,Male,22,England,White Collar,05.Oct.15,66480.85,6648.085000000001
2469,200002470,Adam,Bell,Male,61,Scotland,Other,05.Oct.15,35341.04,3534.1040000000003
2470,300002471,Kimberly,MacDonald,Female,44,Wales,Other,05.Oct.15,1884.22,188.42200000000003
2471,400002472,Jane,Wilson,Female,46,Northern Ireland,Other,05.Oct.15,44875.11,4487.511
2472,100002473,Jake,Churchill,Male,31,England,Blue Collar,06.Oct.15,56801.98,5680.198
2473,100002474,Chloe,Powell,Female,22,England,Blue Collar,06.Oct.15,2301.9,230.19000000000003
2474,100002475,Diane,Newman,Female,25,England,White Collar,06.Oct.15,29770.55,2977.0550000000003
2475,100002476,Nathan,Graham,Male,47,England,White Collar,06.Oct.15,63746.78,6374.678
2476,100002477,Trevor,Wilson,Male,26,England,White Collar,06.Oct.15,81489.43,8148.942999999999
2477,100002478,Diane,May,Female,38,England,Other,06.Oct.15,37142.39,3714.239
2478,100002479,Andrew,Oliver,Male,37,England,White Collar,06.Oct.15,27526.79,2752.679
2479,100002480,Deirdre,Mackay,Female,27,England,Blue Collar,06.Oct.15,115220.03,11522.003
2480,100002481,Julia,Stewart,Female,25,England,Blue Collar,06.Oct.15,31113.33,3111.3330000000005
2481,100002482,Yvonne,Poole,Female,20,England,White Collar,06.Oct.15,74880.21,7488.021000000001
2482,200002483,Heather,Brown,Female,45,Scotland,Other,06.Oct.15,24993.27,2499.327
2483,200002484,Warren,Rutherford,Male,50,Scotland,Blue Collar,06.Oct.15,1566.53,156.65300000000002
2484,200002485,Heather,King,Female,53,Scotland,Other,06.Oct.15,12769.93,1276.9930000000002
2485,200002486,Rebecca,Hunter,Female,52,Scotland,Other,06.Oct.15,6222.21,622.221
2486,200002487,Trevor,Dyer,Male,58,Scotland,Blue Collar,06.Oct.15,51723.62,5172.362000000001
2487,300002488,Simon,Hardacre,Male,42,Wales,White Collar,06.Oct.15,5436.0,543.6
2488,300002489,Andrew,Tucker,Male,37,Wales,White Collar,06.Oct.15,13005.94,1300.594
2489,300002490,Max,Parr,Male,31,Wales,Blue Collar,06.Oct.15,40081.67,4008.167
2490,300002491,Emma,Campbell,Female,24,Wales,Blue Collar,06.Oct.15,16527.0,1652.7
2491,300002492,Maria,Wright,Female,36,Wales,White Collar,06.Oct.15,1576.57,157.657
2492,100002493,Carol,Hart,Female,43,England,Blue Collar,07.Oct.15,20996.83,2099.6830000000004
2493,100002494,Samantha,Nolan,Female,38,England,White Collar,07.Oct.15,33589.65,3358.965
2494,100002495,Oliver,Rees,Male,30,England,White Collar,07.Oct.15,54432.83,5443.283
2495,100002496,Jacob,Edmunds,Male,37,England,White Collar,07.Oct.15,24607.65,2460.7650000000003
2496,100002497,Yvonne,Parsons,Female,36,England,White Collar,07.Oct.15,111371.69,11137.169000000002
2497,100002498,Carl,Langdon,Male,30,England,White Collar,07.Oct.15,40488.29,4048.829
2498,200002499,Alexander,May,Male,32,Scotland,Blue Collar,07.Oct.15,701.13,70.113
2499,200002500,Joshua,Nash,Male,56,Scotland,Blue Collar,07.Oct.15,21196.37,2119.637
2500,200002501,Warren,Ferguson,Male,59,Scotland,Blue Collar,07.Oct.15,690.99,69.099
2501,300002502,Jane,MacLeod,Female,26,Wales,White Collar,07.Oct.15,37590.69,3759.0690000000004
2502,100002503,Alexander,Welch,Male,28,England,Blue Collar,08.Oct.15,102952.98,10295.298
2503,100002504,Amelia,Powell,Female,35,England,Other,08.Oct.15,42162.2,4216.22
2504,100002505,John,Springer,Male,46,England,Blue Collar,08.Oct.15,22318.08,2231.8080000000004
2505,100002506,Austin,Hemmings,Male,41,England,White Collar,08.Oct.15,28479.51,2847.951
2506,100002507,Natalie,Howard,Female,42,England,White Collar,08.Oct.15,55193.59,5519.359
2507,100002508,Gavin,Sutherland,Male,42,England,White Collar,08.Oct.15,33299.64,3329.964
2508,100002509,Nicholas,Butler,Male,30,England,Blue Collar,08.Oct.15,2603.66,260.366
2509,100002510,Sam,Parr,Male,37,England,Blue Collar,08.Oct.15,28386.21,2838.621
2510,100002511,Dylan,Hughes,Male,37,England,Other,08.Oct.15,8819.9,881.99
2511,100002512,Vanessa,Alsop,Female,41,England,White Collar,08.Oct.15,36174.14,3617.414
2512,100002513,Lillian,Hunter,Female,31,England,White Collar,08.Oct.15,10512.25,1051.2250000000001
2513,200002514,Warren,Rutherford,Male,62,Scotland,Blue Collar,08.Oct.15,83595.79,8359.579
2514,200002515,Christian,Miller,Male,46,Scotland,Other,08.Oct.15,76601.08,7660.108
2515,200002516,Dominic,Sanderson,Male,54,Scotland,Blue Collar,08.Oct.15,96359.91,9635.991
2516,200002517,Michelle,Clark,Female,60,Scotland,Other,08.Oct.15,47942.04,4794.204000000001
2517,200002518,Jack,Rees,Male,44,Scotland,Blue Collar,08.Oct.15,6697.68,669.768
2518,200002519,Colin,Randall,Male,52,Scotland,Blue Collar,08.Oct.15,675.08,67.50800000000001
2519,300002520,Amanda,Bell,Female,44,Wales,White Collar,08.Oct.15,94722.42,9472.242
2520,400002521,Penelope,Parsons,Female,20,Northern Ireland,Other,08.Oct.15,9707.95,970.7950000000001
2521,400002522,Abigail,Reid,Female,40,Northern Ireland,Blue Collar,08.Oct.15,58691.17,5869.117
2522,100002523,Jake,May,Male,40,England,Blue Collar,09.Oct.15,41371.52,4137.152
2523,100002524,Megan,Mathis,Female,31,England,White Collar,09.Oct.15,20953.3,2095.33
2524,100002525,Nicholas,Hunter,Male,33,England,Blue Collar,09.Oct.15,12798.63,1279.863
2525,100002526,Diana,McGrath,Female,34,England,White Collar,09.Oct.15,30002.9,3000.2900000000004
2526,100002527,Owen,Scott,Male,27,England,White Collar,09.Oct.15,8121.14,812.114
2527,100002528,Steven,Cameron,Male,34,England,White Collar,09.Oct.15,3014.85,301.485
2528,100002529,Sally,Wilkins,Female,36,England,White Collar,09.Oct.15,24177.3,2417.73
2529,100002530,Megan,Abraham,Female,39,England,White Collar,09.Oct.15,33703.11,3370.311
2530,100002531,Bella,Dowd,Female,38,England,White Collar,09.Oct.15,35992.01,3599.2010000000005
2531,100002532,Colin,Campbell,Male,30,England,White Collar,09.Oct.15,20362.27,2036.227
2532,200002533,Evan,Reid,Male,47,Scotland,Blue Collar,09.Oct.15,17274.32,1727.432
2533,200002534,Fiona,Scott,Female,52,Scotland,Blue Collar,09.Oct.15,34890.3,3489.0300000000007
2534,200002535,Evan,Paige,Male,60,Scotland,Blue Collar,09.Oct.15,11663.35,1166.335
2535,200002536,Victor,Black,Male,54,Scotland,Blue Collar,09.Oct.15,96381.84,9638.184
2536,300002537,Sean,Powell,Male,39,Wales,Other,09.Oct.15,3575.21,357.521
2537,300002538,Vanessa,Blake,Female,38,Wales,White Collar,09.Oct.15,30345.62,3034.562
2538,300002539,Julian,Mackay,Male,35,Wales,Other,09.Oct.15,136365.52,13636.552
2539,400002540,Deirdre,Lyman,Female,30,Northern Ireland,Other,09.Oct.15,60385.3,6038.530000000001
2540,400002541,Alexandra,Clarkson,Female,31,Northern Ireland,White Collar,09.Oct.15,48247.85,4824.785
2541,100002542,William,Arnold,Male,37,England,White Collar,10.Oct.15,118379.33,11837.933
2542,100002543,Sally,Poole,Female,19,England,White Collar,10.Oct.15,37946.24,3794.624
2543,100002544,Kevin,Arnold,Male,33,England,Blue Collar,10.Oct.15,4706.69,470.669
2544,100002545,Tim,Brown,Male,36,England,White Collar,10.Oct.15,41643.52,4164.352
2545,100002546,Dan,Thomson,Male,48,England,Other,10.Oct.15,39445.7,3944.5699999999997
2546,100002547,Amanda,Hart,Female,25,England,White Collar,10.Oct.15,41415.13,4141.513
2547,200002548,Steven,Arnold,Male,52,Scotland,Blue Collar,10.Oct.15,34118.28,3411.828
2548,300002549,Leonard,Black,Male,39,Wales,White Collar,10.Oct.15,28142.18,2814.2180000000003
2549,400002550,Lily,Baker,Female,23,Northern Ireland,Other,10.Oct.15,55821.07,5582.107
2550,400002551,Olivia,Chapman,Female,43,Northern Ireland,Other,10.Oct.15,29990.71,2999.071
2551,100002552,Megan,Churchill,Female,24,England,White Collar,11.Oct.15,27806.65,2780.6650000000004
2552,100002553,Stephanie,Peters,Female,31,England,White Collar,11.Oct.15,5062.51,506.25100000000003
2553,100002554,Dominic,Bailey,Male,24,England,Blue Collar,11.Oct.15,5396.97,539.697
2554,100002555,Dorothy,Payne,Female,31,England,White Collar,11.Oct.15,87684.33,8768.433
2555,100002556,Ella,Langdon,Female,29,England,White Collar,11.Oct.15,9622.64,962.264
2556,100002557,Jessica,Lawrence,Female,25,England,White Collar,11.Oct.15,20412.43,2041.2430000000002
2557,100002558,Matt,Miller,Male,30,England,White Collar,11.Oct.15,23025.61,2302.561
2558,100002559,Theresa,Nolan,Female,32,England,White Collar,11.Oct.15,31476.35,3147.635
2559,100002560,Leonard,James,Male,29,England,White Collar,11.Oct.15,11246.02,1124.602
2560,100002561,Ruth,Peters,Female,21,England,White Collar,11.Oct.15,14599.55,1459.955
2561,100002562,Nicholas,Powell,Male,48,England,White Collar,11.Oct.15,3961.9,396.19000000000005
2562,200002563,Sophie,Davies,Female,59,Scotland,White Collar,11.Oct.15,28221.97,2822.197
2563,200002564,Leah,North,Female,54,Scotland,Other,11.Oct.15,40691.52,4069.152
2564,200002565,Dylan,Hemmings,Male,50,Scotland,Blue Collar,11.Oct.15,34772.99,3477.299
2565,300002566,William,Piper,Male,30,Wales,Blue Collar,11.Oct.15,42008.82,4200.8820000000005
2566,300002567,Amanda,Dowd,Female,46,Wales,White Collar,11.Oct.15,54711.28,5471.128000000001
2567,300002568,Boris,Chapman,Male,27,Wales,White Collar,11.Oct.15,99502.56,9950.256000000001
2568,400002569,Adrian,Mills,Male,28,Northern Ireland,Blue Collar,11.Oct.15,33551.51,3355.1510000000003
2569,100002570,Dan,Rampling,Male,39,England,White Collar,12.Oct.15,53388.21,5338.821
2570,100002571,Tim,Greene,Male,41,England,White Collar,12.Oct.15,14800.36,1480.036
2571,100002572,Dorothy,Coleman,Female,32,England,White Collar,12.Oct.15,89329.33,8932.933
2572,100002573,Ian,Gibson,Male,32,England,White Collar,12.Oct.15,44978.01,4497.801
2573,100002574,Maria,Gibson,Female,34,England,White Collar,12.Oct.15,51621.8,5162.18
2574,100002575,Andrew,MacDonald,Male,31,England,White Collar,12.Oct.15,26913.26,2691.326
2575,100002576,Ava,Henderson,Female,39,England,Blue Collar,12.Oct.15,21924.56,2192.456
2576,100002577,Chloe,Vance,Female,37,England,White Collar,12.Oct.15,47843.83,4784.383000000001
2577,100002578,Maria,Taylor,Female,40,England,White Collar,12.Oct.15,1949.08,194.90800000000002
2578,200002579,Isaac,Wright,Male,46,Scotland,Blue Collar,12.Oct.15,94688.11,9468.811
2579,200002580,Harry,Greene,Male,61,Scotland,Other,12.Oct.15,42472.71,4247.271
2580,200002581,Keith,May,Male,44,Scotland,Blue Collar,12.Oct.15,23676.9,2367.69
2581,300002582,Sonia,Piper,Female,23,Wales,White Collar,12.Oct.15,65640.07,6564.007000000001
2582,300002583,Caroline,Sanderson,Female,36,Wales,White Collar,12.Oct.15,35852.79,3585.2790000000005
2583,300002584,Yvonne,Slater,Female,32,Wales,White Collar,12.Oct.15,51208.53,5120.853
2584,400002585,Zoe,Welch,Female,29,Northern Ireland,Blue Collar,12.Oct.15,13733.52,1373.352
2585,100002586,Alexandra,Forsyth,Female,43,England,White Collar,13.Oct.15,14523.72,1452.372
2586,100002587,Adrian,Terry,Male,33,England,White Collar,13.Oct.15,9987.42,998.7420000000001
2587,100002588,Emma,Jones,Female,39,England,White Collar,13.Oct.15,62902.54,6290.254000000001
2588,100002589,Mary,Oliver,Female,41,England,Blue Collar,13.Oct.15,45505.77,4550.577
2589,100002590,Ian,Quinn,Male,35,England,White Collar,13.Oct.15,76480.41,7648.041000000001
2590,100002591,Lauren,Tucker,Female,30,England,Blue Collar,13.Oct.15,27944.23,2794.4230000000002
2591,100002592,Jessica,Vance,Female,34,England,White Collar,13.Oct.15,17928.42,1792.8419999999999
2592,100002593,Emily,Allan,Female,35,England,White Collar,13.Oct.15,2120.44,212.044
2593,100002594,Gavin,Metcalfe,Male,34,England,White Collar,13.Oct.15,17007.15,1700.7150000000001
2594,100002595,Wendy,Lee,Female,24,England,White Collar,13.Oct.15,2590.6,259.06
2595,100002596,Karen,Reid,Female,32,England,White Collar,13.Oct.15,27985.76,2798.576
2596,200002597,Alan,Walker,Male,43,Scotland,Other,13.Oct.15,9546.56,954.656
2597,200002598,Sean,Cornish,Male,52,Scotland,Other,13.Oct.15,45992.16,4599.216
2598,200002599,Sebastian,Simpson,Male,51,Scotland,White Collar,13.Oct.15,24745.8,2474.58
2599,200002600,Ian,Hodges,Male,55,Scotland,Other,13.Oct.15,74534.05,7453.405000000001
2600,200002601,Jake,McGrath,Male,58,Scotland,Blue Collar,13.Oct.15,128259.93,12825.993
2601,200002602,Julian,Martin,Male,44,Scotland,Blue Collar,13.Oct.15,65479.32,6547.932000000001
2602,300002603,Theresa,Graham,Female,33,Wales,White Collar,13.Oct.15,53133.68,5313.368
2603,300002604,Jasmine,Newman,Female,31,Wales,Other,13.Oct.15,14961.53,1496.1530000000002
2604,400002605,Jan,Murray,Female,22,Northern Ireland,Other,13.Oct.15,18299.03,1829.903
2605,100002606,Michael,Johnston,Male,29,England,White Collar,14.Oct.15,36582.31,3658.2309999999998
2606,100002607,Ruth,Brown,Female,25,England,White Collar,14.Oct.15,23571.9,2357.19
2607,100002608,Steven,Underwood,Male,38,England,White Collar,14.Oct.15,90250.17,9025.017
2608,100002609,Audrey,Hunter,Female,40,England,Other,14.Oct.15,1795.2,179.52
2609,100002610,Adrian,Randall,Male,40,England,White Collar,14.Oct.15,38282.11,3828.2110000000002
2610,100002611,Jason,Ferguson,Male,38,England,Blue Collar,14.Oct.15,83131.72,8313.172
2611,100002612,Warren,Avery,Male,28,England,White Collar,14.Oct.15,12028.2,1202.8200000000002
2612,200002613,Blake,Cornish,Male,60,Scotland,Blue Collar,14.Oct.15,23011.89,2301.189
2613,200002614,Adrian,Powell,Male,44,Scotland,Blue Collar,14.Oct.15,18393.7,1839.3700000000001
2614,300002615,Jacob,Cameron,Male,31,Wales,Blue Collar,14.Oct.15,56035.34,5603.534
2615,300002616,Gordon,Anderson,Male,36,Wales,Blue Collar,14.Oct.15,56449.04,5644.904
2616,300002617,Paul,Langdon,Male,35,Wales,White Collar,14.Oct.15,12813.83,1281.383
2617,400002618,Alison,McGrath,Female,28,Northern Ireland,Other,14.Oct.15,133050.09,13305.009
2618,100002619,Kimberly,Parr,Female,35,England,Other,15.Oct.15,104867.33,10486.733
2619,100002620,Rachel,Blake,Female,31,England,Other,15.Oct.15,81245.5,8124.55
2620,100002621,Evan,North,Male,43,England,Blue Collar,15.Oct.15,2965.82,296.58200000000005
2621,100002622,Alison,Jones,Female,29,England,Other,15.Oct.15,68344.02,6834.402000000001
2622,100002623,Anne,Arnold,Female,45,England,White Collar,15.Oct.15,81370.16,8137.0160000000005
2623,100002624,Stephen,Murray,Male,38,England,Blue Collar,15.Oct.15,6958.19,695.819
2624,100002625,Leonard,Sutherland,Male,33,England,White Collar,15.Oct.15,32247.97,3224.7970000000005
2625,100002626,Heather,Fisher,Female,35,England,White Collar,15.Oct.15,10708.34,1070.834
2626,100002627,John,Wright,Male,47,England,White Collar,15.Oct.15,39124.62,3912.4620000000004
2627,100002628,Grace,Henderson,Female,46,England,White Collar,15.Oct.15,45737.65,4573.765
2628,100002629,Matt,Poole,Male,24,England,White Collar,15.Oct.15,56070.28,5607.028
2629,200002630,Victoria,Young,Female,54,Scotland,White Collar,15.Oct.15,16332.53,1633.2530000000002
2630,200002631,Nicholas,Knox,Male,46,Scotland,Blue Collar,15.Oct.15,50945.1,5094.51
2631,200002632,Joseph,Johnston,Male,41,Scotland,Blue Collar,15.Oct.15,25407.37,2540.737
2632,200002633,Faith,Dowd,Female,51,Scotland,Blue Collar,15.Oct.15,24237.4,2423.7400000000002
2633,200002634,Paul,Sanderson,Male,57,Scotland,Other,15.Oct.15,139509.54,13950.954000000002
2634,300002635,Tim,Coleman,Male,41,Wales,Other,15.Oct.15,60076.55,6007.655000000001
2635,300002636,Jasmine,Dyer,Female,38,Wales,White Collar,15.Oct.15,27284.71,2728.471
2636,300002637,Jacob,Parsons,Male,39,Wales,Blue Collar,15.Oct.15,5201.79,520.179
2637,400002638,Jennifer,Sanderson,Female,15,Northern Ireland,White Collar,15.Oct.15,12548.21,1254.821
2638,100002639,Lauren,Paige,Female,22,England,White Collar,16.Oct.15,73415.97,7341.597000000001
2639,100002640,Rebecca,Russell,Female,42,England,Blue Collar,16.Oct.15,46452.14,4645.214
2640,100002641,Carolyn,Paige,Female,40,England,White Collar,16.Oct.15,52735.66,5273.566000000001
2641,100002642,Adrian,Brown,Male,38,England,Other,16.Oct.15,40414.88,4041.488
2642,100002643,Nicholas,Stewart,Male,28,England,White Collar,16.Oct.15,47740.27,4774.027
2643,100002644,Carolyn,Wright,Female,36,England,White Collar,16.Oct.15,52050.39,5205.039000000001
2644,100002645,Anne,Bell,Female,39,England,White Collar,16.Oct.15,73238.04,7323.804
2645,100002646,Warren,Gill,Male,37,England,White Collar,16.Oct.15,10911.82,1091.182
2646,100002647,Joshua,Hemmings,Male,39,England,White Collar,16.Oct.15,30238.1,3023.81
2647,200002648,Nicholas,Allan,Male,51,Scotland,Blue Collar,16.Oct.15,14693.74,1469.374
2648,200002649,Kevin,Sutherland,Male,44,Scotland,Blue Collar,16.Oct.15,38646.92,3864.692
2649,200002650,Liam,Arnold,Male,50,Scotland,Blue Collar,16.Oct.15,6844.11,684.4110000000001
2650,200002651,Gabrielle,Poole,Female,47,Scotland,Other,16.Oct.15,20587.44,2058.744
2651,200002652,Kylie,McLean,Female,50,Scotland,Other,16.Oct.15,26851.86,2685.186
2652,200002653,Chloe,Short,Female,52,Scotland,Other,16.Oct.15,53599.25,5359.925
2653,300002654,Victoria,Poole,Female,35,Wales,White Collar,16.Oct.15,78006.49,7800.649000000001
2654,300002655,Bernadette,Chapman,Female,37,Wales,White Collar,16.Oct.15,66400.88,6640.088000000001
2655,100002656,Dorothy,Lawrence,Female,43,England,Blue Collar,17.Oct.15,50078.57,5007.857
2656,100002657,Jacob,Wilkins,Male,31,England,White Collar,17.Oct.15,24779.98,2477.998
2657,100002658,Ruth,Cornish,Female,37,England,White Collar,17.Oct.15,31117.71,3111.771
2658,100002659,Grace,Wallace,Female,45,England,White Collar,17.Oct.15,101994.01,10199.401
2659,100002660,Ruth,Skinner,Female,42,England,Other,17.Oct.15,4959.12,495.91200000000003
2660,100002661,Amanda,Paige,Female,30,England,White Collar,17.Oct.15,25489.52,2548.952
2661,100002662,Harry,Hart,Male,25,England,Other,17.Oct.15,73869.26,7386.9259999999995
2662,100002663,Charles,Watson,Male,46,England,White Collar,17.Oct.15,94033.87,9403.387
2663,200002664,Donna,Slater,Female,42,Scotland,Other,17.Oct.15,59189.09,5918.909
2664,200002665,Oliver,Davidson,Male,52,Scotland,Other,17.Oct.15,13536.36,1353.6360000000002
2665,200002666,Joshua,Simpson,Male,46,Scotland,Blue Collar,17.Oct.15,86983.68,8698.368
2666,200002667,Boris,Gray,Male,59,Scotland,Blue Collar,17.Oct.15,9905.53,990.5530000000001
2667,200002668,Heather,Watson,Female,47,Scotland,Other,17.Oct.15,9169.82,916.982
2668,300002669,Julian,Cornish,Male,18,Wales,White Collar,17.Oct.15,49678.06,4967.8060000000005
2669,300002670,Dylan,Murray,Male,42,Wales,White Collar,17.Oct.15,1153.98,115.39800000000001
2670,100002671,Diana,Graham,Female,38,England,Blue Collar,18.Oct.15,31728.14,3172.8140000000003
2671,100002672,Simon,Buckland,Male,35,England,White Collar,18.Oct.15,8257.62,825.7620000000002
2672,100002673,Gordon,Powell,Male,50,England,White Collar,18.Oct.15,56402.62,5640.262000000001
2673,100002674,Christopher,MacDonald,Male,40,England,White Collar,18.Oct.15,2559.52,255.952
2674,100002675,Paul,Peake,Male,47,England,Other,18.Oct.15,19916.05,1991.605
2675,100002676,Sebastian,MacDonald,Male,29,England,White Collar,18.Oct.15,21908.77,2190.877
2676,100002677,Jan,McLean,Female,38,England,White Collar,18.Oct.15,39171.72,3917.1720000000005
2677,100002678,Irene,Rees,Female,35,England,White Collar,18.Oct.15,11634.97,1163.497
2678,100002679,Grace,MacDonald,Female,46,England,Blue Collar,18.Oct.15,9564.07,956.407
2679,100002680,Ruth,Gibson,Female,27,England,White Collar,18.Oct.15,23183.41,2318.341
2680,100002681,Neil,McDonald,Male,34,England,White Collar,18.Oct.15,24433.04,2443.304
2681,100002682,Fiona,Clarkson,Female,25,England,White Collar,18.Oct.15,13710.31,1371.031
2682,100002683,Nicholas,Miller,Male,36,England,White Collar,18.Oct.15,61333.01,6133.301
2683,100002684,Diana,Sanderson,Female,46,England,Other,18.Oct.15,49374.99,4937.499
2684,200002685,Chloe,Avery,Female,49,Scotland,Other,18.Oct.15,29854.64,2985.464
2685,200002686,Victor,Ogden,Male,57,Scotland,Blue Collar,18.Oct.15,42706.66,4270.666
2686,200002687,Lucas,Lyman,Male,50,Scotland,Blue Collar,18.Oct.15,82077.52,8207.752
2687,200002688,Tracey,McDonald,Female,50,Scotland,Other,18.Oct.15,15104.72,1510.472
2688,300002689,Nathan,Smith,Male,31,Wales,Blue Collar,18.Oct.15,42471.07,4247.107
2689,300002690,David,Mitchell,Male,44,Wales,Other,18.Oct.15,16627.15,1662.7150000000001
2690,400002691,Amy,Abraham,Female,42,Northern Ireland,Other,18.Oct.15,46393.55,4639.3550000000005
2691,100002692,Jan,Clark,Female,39,England,Other,19.Oct.15,34441.92,3444.192
2692,100002693,Harry,Avery,Male,35,England,White Collar,19.Oct.15,49048.13,4904.813
2693,100002694,Brian,Lee,Male,34,England,White Collar,19.Oct.15,16194.49,1619.449
2694,200002695,Tim,Piper,Male,57,Scotland,Blue Collar,19.Oct.15,106232.34,10623.234
2695,200002696,Blake,Langdon,Male,43,Scotland,Blue Collar,19.Oct.15,61360.64,6136.064
2696,200002697,Dylan,McLean,Male,47,Scotland,Other,19.Oct.15,60277.8,6027.780000000001
2697,400002698,Ryan,May,Male,25,Northern Ireland,White Collar,19.Oct.15,22186.17,2218.6169999999997
2698,400002699,Ruth,Graham,Female,61,Northern Ireland,White Collar,19.Oct.15,4387.05,438.70500000000004
2699,100002700,Joanne,Walker,Female,35,England,White Collar,20.Oct.15,10247.99,1024.799
2700,100002701,Heather,McLean,Female,23,England,Other,20.Oct.15,20148.51,2014.8509999999999
2701,100002702,Owen,Terry,Male,34,England,White Collar,20.Oct.15,20922.69,2092.269
2702,100002703,Elizabeth,Churchill,Female,38,England,White Collar,20.Oct.15,22690.73,2269.073
2703,100002704,Phil,Rampling,Male,45,England,Blue Collar,20.Oct.15,48234.65,4823.465
2704,100002705,Natalie,Reid,Female,34,England,Blue Collar,20.Oct.15,75592.09,7559.209
2705,100002706,Amanda,Nash,Female,24,England,Other,20.Oct.15,92201.51,9220.151
2706,100002707,Karen,Ferguson,Female,49,England,Other,20.Oct.15,41652.84,4165.284
2707,100002708,Carol,Hill,Female,32,England,White Collar,20.Oct.15,6968.37,696.837
2708,200002709,Trevor,Ball,Male,53,Scotland,Other,20.Oct.15,49863.23,4986.323
2709,200002710,Sebastian,Cameron,Male,45,Scotland,Blue Collar,20.Oct.15,17520.08,1752.0080000000003
2710,200002711,William,Peake,Male,47,Scotland,Other,20.Oct.15,27955.18,2795.518
2711,200002712,Sean,Rutherford,Male,55,Scotland,Blue Collar,20.Oct.15,6727.7,672.77
2712,300002713,Donna,Skinner,Female,35,Wales,Other,20.Oct.15,23072.45,2307.2450000000003
2713,300002714,Piers,Rutherford,Male,35,Wales,Blue Collar,20.Oct.15,1819.36,181.936
2714,300002715,Victor,Black,Male,33,Wales,White Collar,20.Oct.15,27843.26,2784.326
2715,400002716,Natalie,Young,Female,31,Northern Ireland,White Collar,20.Oct.15,60850.03,6085.003000000001
2716,400002717,Wanda,Dyer,Female,31,Northern Ireland,Blue Collar,20.Oct.15,39120.91,3912.0910000000003
2717,100002718,John,Nolan,Male,28,England,White Collar,21.Oct.15,62077.51,6207.751
2718,100002719,Justin,Kerr,Male,45,England,Other,21.Oct.15,41348.08,4134.808
2719,100002720,Peter,Peters,Male,38,England,Blue Collar,21.Oct.15,12881.77,1288.1770000000001
2720,100002721,Yvonne,Glover,Female,33,England,White Collar,21.Oct.15,76455.17,7645.517
2721,100002722,Samantha,Paterson,Female,46,England,Other,21.Oct.15,50959.4,5095.9400000000005
2722,100002723,Jacob,Sharp,Male,33,England,Other,21.Oct.15,68310.37,6831.037
2723,100002724,Chloe,McGrath,Female,33,England,White Collar,21.Oct.15,37520.39,3752.039
2724,200002725,Ian,Skinner,Male,55,Scotland,Blue Collar,21.Oct.15,48227.16,4822.716
2725,300002726,Hannah,Wallace,Female,41,Wales,White Collar,21.Oct.15,57699.86,5769.986000000001
2726,300002727,Evan,Davies,Male,34,Wales,Blue Collar,21.Oct.15,37254.18,3725.418
2727,300002728,Warren,Hill,Male,47,Wales,Blue Collar,21.Oct.15,128488.01,12848.801
2728,300002729,Harry,Burgess,Male,33,Wales,White Collar,21.Oct.15,11224.82,1122.482
2729,300002730,Sophie,Ball,Female,36,Wales,White Collar,21.Oct.15,19045.64,1904.564
2730,100002731,Heather,Cornish,Female,36,England,Other,22.Oct.15,39639.3,3963.9300000000003
2731,100002732,James,Walsh,Male,32,England,White Collar,22.Oct.15,49778.16,4977.816000000001
2732,100002733,Jessica,Ross,Female,54,England,White Collar,22.Oct.15,24265.54,2426.554
2733,100002734,Olivia,May,Female,40,England,White Collar,22.Oct.15,7551.16,755.116
2734,100002735,Chloe,Gill,Female,27,England,Blue Collar,22.Oct.15,134.94,13.494
2735,100002736,Kevin,Hemmings,Male,34,England,White Collar,22.Oct.15,70803.13,7080.313000000001
2736,100002737,Ian,Hill,Male,35,England,White Collar,22.Oct.15,26058.08,2605.8080000000004
2737,100002738,Christian,Hart,Male,32,England,White Collar,22.Oct.15,5519.53,551.953
2738,100002739,Nathan,Springer,Male,40,England,White Collar,22.Oct.15,34694.96,3469.496
2739,100002740,Liam,Edmunds,Male,30,England,White Collar,22.Oct.15,30189.87,3018.987
2740,100002741,Hannah,James,Female,38,England,Other,22.Oct.15,77856.76,7785.6759999999995
2741,100002742,Alison,Manning,Female,30,England,White Collar,22.Oct.15,143808.39,14380.839000000002
2742,100002743,Edward,Alsop,Male,38,England,White Collar,22.Oct.15,59605.02,5960.502
2743,200002744,Cameron,Rampling,Male,43,Scotland,Other,22.Oct.15,22810.16,2281.016
2744,200002745,Isaac,Quinn,Male,52,Scotland,Blue Collar,22.Oct.15,45833.87,4583.387000000001
2745,300002746,Jane,Scott,Female,40,Wales,White Collar,22.Oct.15,24726.17,2472.617
2746,300002747,Owen,Bond,Male,30,Wales,White Collar,22.Oct.15,32060.6,3206.06
2747,100002748,David,Knox,Male,29,England,White Collar,23.Oct.15,21577.22,2157.722
2748,100002749,Sean,Paterson,Male,28,England,White Collar,23.Oct.15,69126.18,6912.6179999999995
2749,100002750,Carl,Fisher,Male,38,England,White Collar,23.Oct.15,267.38,26.738
2750,100002751,Dorothy,Campbell,Female,35,England,Blue Collar,23.Oct.15,53586.79,5358.679
2751,200002752,Sophie,Howard,Female,57,Scotland,Other,23.Oct.15,31148.7,3114.8700000000003
2752,200002753,Ian,Hunter,Male,64,Scotland,Blue Collar,23.Oct.15,92921.99,9292.199
2753,200002754,Oliver,Walker,Male,37,Scotland,Blue Collar,23.Oct.15,38096.55,3809.6550000000007
2754,200002755,Audrey,Randall,Female,53,Scotland,Other,23.Oct.15,21717.51,2171.7509999999997
2755,300002756,Oliver,Scott,Male,40,Wales,White Collar,23.Oct.15,23357.27,2335.7270000000003
2756,300002757,Simon,King,Male,41,Wales,Other,23.Oct.15,9293.04,929.3040000000001
2757,300002758,Karen,Ellison,Female,36,Wales,Other,23.Oct.15,33899.52,3389.9519999999998
2758,300002759,Luke,Fisher,Male,37,Wales,White Collar,23.Oct.15,17130.26,1713.0259999999998
2759,300002760,Lily,Campbell,Female,39,Wales,Other,23.Oct.15,69569.29,6956.929
2760,300002761,Samantha,Avery,Female,29,Wales,White Collar,23.Oct.15,10423.88,1042.388
2761,400002762,Abigail,Underwood,Female,23,Northern Ireland,White Collar,23.Oct.15,27314.43,2731.443
2762,100002763,Lisa,Martin,Female,33,England,White Collar,24.Oct.15,34728.83,3472.8830000000003
2763,100002764,Matt,MacLeod,Male,44,England,Blue Collar,24.Oct.15,60462.33,6046.233
2764,100002765,Rose,May,Female,32,England,Blue Collar,24.Oct.15,37935.65,3793.5650000000005
2765,100002766,Trevor,Jackson,Male,28,England,Other,24.Oct.15,5247.94,524.794
2766,100002767,Stephen,King,Male,29,England,White Collar,24.Oct.15,26045.79,2604.579
2767,100002768,Matt,Turner,Male,48,England,Other,24.Oct.15,75739.94,7573.994000000001
2768,100002769,Dominic,Henderson,Male,38,England,White Collar,24.Oct.15,53247.48,5324.7480000000005
2769,100002770,Mary,Paige,Female,35,England,White Collar,24.Oct.15,53799.34,5379.934
2770,100002771,Ryan,Clarkson,Male,27,England,White Collar,24.Oct.15,34618.1,3461.81
2771,100002772,Austin,Nash,Male,38,England,Other,24.Oct.15,66085.83,6608.5830000000005
2772,200002773,Alan,Watson,Male,64,Scotland,Blue Collar,24.Oct.15,24994.57,2499.4570000000003
2773,200002774,Megan,Metcalfe,Female,43,Scotland,Blue Collar,24.Oct.15,40769.29,4076.929
2774,200002775,Kevin,Miller,Male,50,Scotland,Blue Collar,24.Oct.15,45141.01,4514.101000000001
2775,200002776,Jason,Langdon,Male,53,Scotland,Blue Collar,24.Oct.15,44741.93,4474.193
2776,200002777,Blake,Young,Male,59,Scotland,Blue Collar,24.Oct.15,13364.78,1336.478
2777,200002778,Sean,Short,Male,43,Scotland,Blue Collar,24.Oct.15,84220.99,8422.099
2778,300002779,Brandon,Cameron,Male,39,Wales,Blue Collar,24.Oct.15,57496.71,5749.671
2779,300002780,Carol,Dickens,Female,22,Wales,White Collar,24.Oct.15,63942.65,6394.265
2780,100002781,Audrey,Skinner,Female,40,England,White Collar,25.Oct.15,71908.74,7190.874000000001
2781,100002782,Nicholas,Buckland,Male,20,England,Other,25.Oct.15,64855.42,6485.542
2782,100002783,Rebecca,Underwood,Female,33,England,White Collar,25.Oct.15,85325.26,8532.526
2783,100002784,Matt,Parsons,Male,30,England,White Collar,25.Oct.15,22295.82,2229.582
2784,100002785,Jason,Murray,Male,26,England,Blue Collar,25.Oct.15,24900.05,2490.005
2785,100002786,Penelope,Jackson,Female,32,England,White Collar,25.Oct.15,5369.67,536.967
2786,100002787,Carol,Ince,Female,41,England,White Collar,25.Oct.15,8082.88,808.288
2787,200002788,Trevor,Fraser,Male,53,Scotland,Blue Collar,25.Oct.15,31175.46,3117.5460000000003
2788,200002789,Lucas,Gibson,Male,45,Scotland,Blue Collar,25.Oct.15,20513.31,2051.331
2789,200002790,Sebastian,Avery,Male,58,Scotland,Other,25.Oct.15,40378.63,4037.863
2790,200002791,Vanessa,Brown,Female,59,Scotland,Other,25.Oct.15,19630.11,1963.0110000000002
2791,300002792,Ava,Underwood,Female,40,Wales,White Collar,25.Oct.15,19443.89,1944.3890000000001
2792,300002793,Zoe,Payne,Female,26,Wales,White Collar,25.Oct.15,58699.25,5869.925
2793,100002794,Mary,Davidson,Female,45,England,Blue Collar,26.Oct.15,38404.23,3840.4230000000007
2794,100002795,Yvonne,Hart,Female,31,England,White Collar,26.Oct.15,23497.05,2349.705
2795,100002796,Alan,Hill,Male,27,England,Blue Collar,26.Oct.15,36689.29,3668.929
2796,100002797,Rachel,Hill,Female,29,England,White Collar,26.Oct.15,17287.98,1728.798
2797,100002798,Jonathan,Welch,Male,29,England,White Collar,26.Oct.15,47610.68,4761.068
2798,100002799,Rachel,Baker,Female,21,England,Other,26.Oct.15,16352.86,1635.286
2799,100002800,Warren,Knox,Male,45,England,White Collar,26.Oct.15,20407.02,2040.7020000000002
2800,100002801,Jennifer,Peters,Female,30,England,White Collar,26.Oct.15,101676.32,10167.632000000001
2801,100002802,Diane,McGrath,Female,23,England,White Collar,26.Oct.15,13772.7,1377.2700000000002
2802,100002803,Nicholas,Mackenzie,Male,30,England,White Collar,26.Oct.15,22763.84,2276.384
2803,100002804,Matt,Vaughan,Male,44,England,White Collar,26.Oct.15,59608.54,5960.854
2804,100002805,Bella,Pullman,Female,31,England,White Collar,26.Oct.15,34720.54,3472.054
2805,100002806,Caroline,Rampling,Female,37,England,White Collar,26.Oct.15,97665.32,9766.532000000001
2806,100002807,Charles,MacLeod,Male,32,England,Blue Collar,26.Oct.15,35293.03,3529.303
2807,100002808,Charles,Langdon,Male,37,England,Other,26.Oct.15,3287.31,328.731
2808,100002809,Stephen,Welch,Male,34,England,Blue Collar,26.Oct.15,125975.42,12597.542000000001
2809,100002810,Julian,Welch,Male,37,England,White Collar,26.Oct.15,6765.07,676.5070000000001
2810,100002811,Amy,Watson,Female,48,England,White Collar,26.Oct.15,29774.99,2977.4990000000003
2811,100002812,Deirdre,Lewis,Female,22,England,White Collar,26.Oct.15,16369.66,1636.9660000000001
2812,100002813,Bella,Hart,Female,39,England,Blue Collar,26.Oct.15,106334.38,10633.438000000002
2813,100002814,Luke,Welch,Male,29,England,White Collar,26.Oct.15,6839.9,683.99
2814,100002815,Claire,Blake,Female,30,England,White Collar,26.Oct.15,49965.59,4996.559
2815,100002816,Andrew,Fisher,Male,26,England,White Collar,26.Oct.15,105093.23,10509.323
2816,100002817,Liam,Mackenzie,Male,32,England,White Collar,26.Oct.15,28744.79,2874.4790000000003
2817,100002818,Chloe,Sharp,Female,61,England,White Collar,26.Oct.15,25267.28,2526.728
2818,100002819,Adam,Hamilton,Male,37,England,White Collar,26.Oct.15,43254.96,4325.496
2819,100002820,Bernadette,Dowd,Female,28,England,White Collar,26.Oct.15,26670.87,2667.087
2820,100002821,Dan,Campbell,Male,35,England,White Collar,26.Oct.15,5582.48,558.2479999999999
2821,100002822,Amelia,Morrison,Female,36,England,White Collar,26.Oct.15,143447.15,14344.715
2822,100002823,Rachel,Knox,Female,41,England,Other,26.Oct.15,41566.38,4156.638
2823,100002824,Evan,Grant,Male,38,England,White Collar,26.Oct.15,14042.25,1404.2250000000001
2824,100002825,Mary,Peters,Female,29,England,Other,26.Oct.15,11504.49,1150.449
2825,100002826,Ella,Baker,Female,29,England,White Collar,26.Oct.15,6807.36,680.736
2826,100002827,Emma,Turner,Female,37,England,White Collar,26.Oct.15,25191.07,2519.107
2827,100002828,Jason,Marshall,Male,27,England,Blue Collar,26.Oct.15,33472.49,3347.249
2828,200002829,Liam,Buckland,Male,55,Scotland,Blue Collar,26.Oct.15,39603.99,3960.399
2829,200002830,Mary,Hudson,Female,39,Scotland,Other,26.Oct.15,58376.83,5837.683000000001
2830,200002831,Hannah,Underwood,Female,34,Scotland,Other,26.Oct.15,20725.33,2072.5330000000004
2831,200002832,Abigail,Hodges,Female,52,Scotland,Other,26.Oct.15,8526.86,852.6860000000001
2832,200002833,Justin,Wallace,Male,45,Scotland,Other,26.Oct.15,58442.24,5844.224
2833,200002834,Sally,Simpson,Female,46,Scotland,Other,26.Oct.15,36237.59,3623.759
2834,200002835,Madeleine,Mills,Female,58,Scotland,Other,26.Oct.15,15502.73,1550.2730000000001
2835,200002836,Sam,Ferguson,Male,60,Scotland,Blue Collar,26.Oct.15,102409.29,10240.929
2836,200002837,Anne,Russell,Female,52,Scotland,Other,26.Oct.15,36607.23,3660.7230000000004
2837,200002838,Sean,Dowd,Male,42,Scotland,Blue Collar,26.Oct.15,20345.0,2034.5
2838,200002839,Oliver,Hughes,Male,50,Scotland,Blue Collar,26.Oct.15,65277.36,6527.736000000001
2839,300002840,Blake,Wilson,Male,35,Wales,Blue Collar,26.Oct.15,48599.08,4859.908
2840,300002841,Sam,Edmunds,Male,36,Wales,White Collar,26.Oct.15,62369.55,6236.955000000001
2841,300002842,Victor,Underwood,Male,28,Wales,Blue Collar,26.Oct.15,46835.63,4683.563
2842,300002843,Evan,Payne,Male,27,Wales,Blue Collar,26.Oct.15,25525.88,2552.588
2843,400002844,Gabrielle,Wallace,Female,34,Northern Ireland,Blue Collar,26.Oct.15,17843.97,1784.3970000000002
2844,400002845,Tracey,Oliver,Female,32,Northern Ireland,Other,26.Oct.15,19510.11,1951.0110000000002
2845,400002846,Lauren,MacLeod,Female,32,Northern Ireland,White Collar,26.Oct.15,43325.65,4332.5650000000005
2846,100002847,Diana,Randall,Female,18,England,White Collar,27.Oct.15,18520.0,1852.0
2847,100002848,Edward,Mills,Male,46,England,White Collar,27.Oct.15,22280.28,2228.028
2848,100002849,Anna,Peters,Female,51,England,White Collar,27.Oct.15,79715.05,7971.505000000001
2849,100002850,Gavin,Buckland,Male,38,England,White Collar,27.Oct.15,6411.33,641.133
2850,100002851,Ella,Watson,Female,33,England,White Collar,27.Oct.15,9113.19,911.3190000000001
2851,100002852,Amanda,Randall,Female,35,England,Blue Collar,27.Oct.15,40095.85,4009.585
2852,200002853,William,Duncan,Male,48,Scotland,Blue Collar,27.Oct.15,48392.0,4839.2
2853,300002854,Jonathan,Dickens,Male,21,Wales,White Collar,27.Oct.15,17595.19,1759.519
2854,300002855,Rose,Berry,Female,32,Wales,White Collar,27.Oct.15,7278.4,727.84
2855,300002856,Dorothy,Hemmings,Female,40,Wales,White Collar,27.Oct.15,78371.64,7837.164000000001
2856,300002857,Angela,Wilkins,Female,36,Wales,White Collar,27.Oct.15,3962.3,396.23
2857,400002858,Vanessa,Simpson,Female,18,Northern Ireland,White Collar,27.Oct.15,34075.29,3407.5290000000005
2858,100002859,Grace,Graham,Female,39,England,Other,28.Oct.15,63362.89,6336.289000000001
2859,100002860,Evan,Hughes,Male,38,England,Other,28.Oct.15,21535.24,2153.5240000000003
2860,100002861,Jason,Anderson,Male,39,England,White Collar,28.Oct.15,46065.96,4606.5960000000005
2861,100002862,Ian,May,Male,35,England,White Collar,28.Oct.15,114954.78,11495.478000000001
2862,100002863,Michael,Dyer,Male,36,England,White Collar,28.Oct.15,30047.75,3004.775
2863,100002864,Faith,Murray,Female,30,England,White Collar,28.Oct.15,2633.71,263.37100000000004
2864,100002865,Madeleine,Hudson,Female,35,England,Other,28.Oct.15,49160.19,4916.019
2865,100002866,Luke,Hardacre,Male,41,England,Blue Collar,28.Oct.15,7976.04,797.604
2866,100002867,Natalie,Glover,Female,30,England,Other,28.Oct.15,47404.84,4740.4839999999995
2867,100002868,Jack,Greene,Male,36,England,White Collar,28.Oct.15,35195.63,3519.563
2868,100002869,Michael,Roberts,Male,31,England,White Collar,28.Oct.15,12383.01,1238.3010000000002
2869,100002870,Virginia,Clarkson,Female,32,England,White Collar,28.Oct.15,68085.45,6808.545
2870,100002871,Sally,Terry,Female,35,England,Blue Collar,28.Oct.15,90913.77,9091.377
2871,200002872,Penelope,Wilson,Female,38,Scotland,Other,28.Oct.15,67598.37,6759.8369999999995
2872,200002873,Justin,Piper,Male,49,Scotland,Blue Collar,28.Oct.15,9806.38,980.6379999999999
2873,300002874,Fiona,Piper,Female,25,Wales,White Collar,28.Oct.15,7558.84,755.884
2874,100002875,Connor,Miller,Male,59,England,Other,29.Oct.15,37483.44,3748.3440000000005
2875,100002876,Gavin,Springer,Male,19,England,Other,29.Oct.15,19359.04,1935.9040000000002
2876,100002877,Peter,Slater,Male,36,England,White Collar,29.Oct.15,4503.8,450.38000000000005
2877,100002878,Emma,Short,Female,36,England,White Collar,29.Oct.15,59611.33,5961.133000000001
2878,100002879,Amy,Coleman,Female,39,England,White Collar,29.Oct.15,22844.3,2284.43
2879,100002880,Stephen,Anderson,Male,48,England,White Collar,29.Oct.15,33104.34,3310.4339999999997
2880,100002881,Sam,Gibson,Male,42,England,White Collar,29.Oct.15,37456.5,3745.65
2881,100002882,Yvonne,Marshall,Female,30,England,White Collar,29.Oct.15,41750.17,4175.017
2882,100002883,Dorothy,Paterson,Female,35,England,White Collar,29.Oct.15,6556.67,655.667
2883,100002884,Edward,McGrath,Male,37,England,White Collar,29.Oct.15,44872.72,4487.272
2884,100002885,Lisa,Simpson,Female,53,England,Other,29.Oct.15,52378.68,5237.868
2885,100002886,Caroline,Taylor,Female,30,England,White Collar,29.Oct.15,73833.28,7383.328
2886,100002887,Lily,Hunter,Female,34,England,White Collar,29.Oct.15,44066.67,4406.667
2887,100002888,Carolyn,Ferguson,Female,39,England,White Collar,29.Oct.15,118110.62,11811.062
2888,100002889,Dan,Glover,Male,34,England,White Collar,29.Oct.15,62654.71,6265.4710000000005
2889,100002890,Phil,Kerr,Male,31,England,White Collar,29.Oct.15,101731.87,10173.187
2890,100002891,Richard,Nash,Male,39,England,White Collar,29.Oct.15,14367.29,1436.7290000000003
2891,100002892,Anne,Reid,Female,37,England,Other,29.Oct.15,16358.32,1635.832
2892,100002893,Max,Ball,Male,45,England,Other,29.Oct.15,85992.59,8599.259
2893,100002894,Paul,Smith,Male,36,England,Other,29.Oct.15,62882.21,6288.2210000000005
2894,200002895,Carl,Paterson,Male,37,Scotland,Blue Collar,29.Oct.15,16866.92,1686.692
2895,200002896,Joe,Coleman,Male,57,Scotland,Other,29.Oct.15,47745.75,4774.575
2896,200002897,Lucas,Ogden,Male,43,Scotland,Blue Collar,29.Oct.15,50448.22,5044.822
2897,200002898,Jane,Reid,Female,51,Scotland,Other,29.Oct.15,47468.79,4746.879
2898,200002899,Megan,Johnston,Female,34,Scotland,Other,29.Oct.15,57068.72,5706.872
2899,200002900,Connor,Rees,Male,60,Scotland,Other,29.Oct.15,115932.44,11593.244
2900,200002901,Paul,Bailey,Male,57,Scotland,Blue Collar,29.Oct.15,81414.37,8141.437
2901,200002902,Adam,Butler,Male,38,Scotland,Blue Collar,29.Oct.15,106227.27,10622.727
2902,200002903,Alison,Ferguson,Female,53,Scotland,Other,29.Oct.15,53820.41,5382.041000000001
2903,300002904,Michelle,Walker,Female,27,Wales,White Collar,29.Oct.15,19224.76,1922.4759999999999
2904,300002905,Jennifer,Chapman,Female,43,Wales,White Collar,29.Oct.15,19488.81,1948.8810000000003
2905,300002906,Trevor,Brown,Male,31,Wales,Blue Collar,29.Oct.15,30436.38,3043.6380000000004
2906,400002907,Ryan,Welch,Male,30,Northern Ireland,Blue Collar,29.Oct.15,34718.68,3471.8680000000004
2907,400002908,Nicola,Hodges,Female,32,Northern Ireland,Other,29.Oct.15,15858.93,1585.893
2908,100002909,Jake,Stewart,Male,35,England,White Collar,30.Oct.15,41292.98,4129.298000000001
2909,100002910,Caroline,Clark,Female,32,England,White Collar,30.Oct.15,17090.17,1709.0169999999998
2910,100002911,Adam,Hemmings,Male,37,England,Blue Collar,30.Oct.15,60097.21,6009.7210000000005
2911,100002912,Elizabeth,Parsons,Female,31,England,White Collar,30.Oct.15,113868.94,11386.894
2912,100002913,Jake,Jones,Male,32,England,White Collar,30.Oct.15,27593.12,2759.312
2913,100002914,Mary,Nolan,Female,33,England,Other,30.Oct.15,2471.48,247.14800000000002
2914,100002915,Deirdre,Abraham,Female,23,England,White Collar,30.Oct.15,5965.14,596.514
2915,100002916,John,Arnold,Male,25,England,Other,30.Oct.15,41058.11,4105.811000000001
2916,100002917,Lucas,Butler,Male,33,England,White Collar,30.Oct.15,31959.46,3195.946
2917,100002918,Joe,Russell,Male,31,England,White Collar,30.Oct.15,22240.2,2224.02
2918,100002919,Trevor,Lyman,Male,33,England,White Collar,30.Oct.15,50075.4,5007.540000000001
2919,200002920,Luke,Miller,Male,43,Scotland,Blue Collar,30.Oct.15,31739.2,3173.92
2920,200002921,Jennifer,Abraham,Female,34,Scotland,Other,30.Oct.15,61355.54,6135.554
2921,200002922,Rebecca,Johnston,Female,59,Scotland,Other,30.Oct.15,54003.42,5400.342000000001
2922,200002923,Sonia,Bower,Female,45,Scotland,Other,30.Oct.15,9654.58,965.4580000000001
2923,200002924,Joshua,Hughes,Male,52,Scotland,Blue Collar,30.Oct.15,6809.17,680.917
2924,200002925,Jacob,Marshall,Male,47,Scotland,Blue Collar,30.Oct.15,33282.11,3328.2110000000002
2925,200002926,Trevor,Robertson,Male,47,Scotland,Blue Collar,30.Oct.15,64172.31,6417.231
2926,300002927,Deirdre,Fraser,Female,34,Wales,White Collar,30.Oct.15,43689.43,4368.943
2927,400002928,Jane,Lawrence,Female,29,Northern Ireland,Blue Collar,30.Oct.15,50213.26,5021.326000000001
2928,100002929,Grace,Ogden,Female,32,England,White Collar,31.Oct.15,26231.03,2623.103
2929,100002930,Jonathan,Martin,Male,38,England,Other,31.Oct.15,49041.1,4904.11
2930,100002931,Joan,Newman,Female,31,England,White Collar,31.Oct.15,40138.75,4013.875
2931,100002932,Lisa,Morgan,Female,32,England,Other,31.Oct.15,699.42,69.942
2932,100002933,Diane,Oliver,Female,32,England,White Collar,31.Oct.15,25464.76,2546.476
2933,100002934,Paul,Reid,Male,36,England,Blue Collar,31.Oct.15,65949.77,6594.977000000001
2934,100002935,Felicity,Lambert,Female,36,England,White Collar,31.Oct.15,98682.44,9868.244
2935,100002936,Audrey,Short,Female,42,England,White Collar,31.Oct.15,15389.73,1538.973
2936,100002937,Dorothy,Hughes,Female,28,England,White Collar,31.Oct.15,3766.5,376.65000000000003
2937,100002938,Emma,Bower,Female,40,England,Other,31.Oct.15,55489.08,5548.908
2938,100002939,William,Ogden,Male,35,England,White Collar,31.Oct.15,56363.31,5636.331
2939,100002940,Rose,Parr,Female,33,England,Other,31.Oct.15,60395.3,6039.530000000001
2940,100002941,Stewart,Rutherford,Male,50,England,White Collar,31.Oct.15,20397.32,2039.732
2941,200002942,Luke,Gray,Male,52,Scotland,Other,31.Oct.15,20132.46,2013.246
2942,200002943,Jake,Poole,Male,44,Scotland,Blue Collar,31.Oct.15,101645.25,10164.525000000001
2943,200002944,Stewart,Hudson,Male,55,Scotland,Blue Collar,31.Oct.15,66721.34,6672.134
2944,200002945,Dominic,Roberts,Male,55,Scotland,Other,31.Oct.15,66668.78,6666.878000000001
2945,300002946,Alexander,Mills,Male,45,Wales,Blue Collar,31.Oct.15,21018.89,2101.889
2946,100002947,Faith,Poole,Female,49,England,White Collar,01.Nov.15,48099.69,4809.969
2947,100002948,Sophie,Black,Female,36,England,White Collar,01.Nov.15,34618.76,3461.876
2948,100002949,Megan,Campbell,Female,38,England,White Collar,01.Nov.15,54755.3,5475.530000000001
2949,100002950,Alan,Avery,Male,33,England,White Collar,01.Nov.15,81827.13,8182.713000000001
2950,100002951,Caroline,Hudson,Female,36,England,White Collar,01.Nov.15,47211.31,4721.131
2951,100002952,Virginia,Forsyth,Female,30,England,White Collar,01.Nov.15,17332.05,1733.205
2952,100002953,Hannah,Peake,Female,52,England,White Collar,01.Nov.15,55559.45,5555.945
2953,100002954,Angela,Cameron,Female,42,England,Blue Collar,01.Nov.15,77228.1,7722.810000000001
2954,100002955,Dorothy,Ellison,Female,36,England,White Collar,01.Nov.15,47360.38,4736.038
2955,100002956,Neil,Fisher,Male,36,England,White Collar,01.Nov.15,33595.68,3359.568
2956,100002957,Jennifer,Knox,Female,47,England,White Collar,01.Nov.15,78150.39,7815.039000000001
2957,100002958,Sonia,McGrath,Female,31,England,White Collar,01.Nov.15,59263.01,5926.301
2958,100002959,Harry,Peters,Male,28,England,White Collar,01.Nov.15,60496.8,6049.68
2959,100002960,Thomas,Black,Male,29,England,White Collar,01.Nov.15,17844.83,1784.4830000000002
2960,100002961,John,Cornish,Male,28,England,White Collar,01.Nov.15,6680.22,668.022
2961,100002962,Carol,Glover,Female,34,England,White Collar,01.Nov.15,74987.04,7498.704
2962,100002963,Donna,Allan,Female,37,England,Blue Collar,01.Nov.15,16408.46,1640.846
2963,100002964,Deirdre,Brown,Female,37,England,White Collar,01.Nov.15,6845.33,684.533
2964,100002965,Blake,Dickens,Male,37,England,White Collar,01.Nov.15,28328.21,2832.821
2965,100002966,Bernadette,Hardacre,Female,41,England,Other,01.Nov.15,70452.02,7045.202000000001
2966,100002967,Sally,Bower,Female,38,England,White Collar,01.Nov.15,5852.82,585.282
2967,100002968,Zoe,Anderson,Female,33,England,White Collar,01.Nov.15,36017.49,3601.749
2968,100002969,Ruth,Paige,Female,43,England,White Collar,01.Nov.15,26737.79,2673.7790000000005
2969,100002970,Dominic,Taylor,Male,24,England,Blue Collar,01.Nov.15,21601.11,2160.1110000000003
2970,100002971,Claire,Paige,Female,25,England,Other,01.Nov.15,71683.32,7168.332000000001
2971,200002972,Piers,Kerr,Male,59,Scotland,Other,01.Nov.15,15402.84,1540.284
2972,200002973,John,Scott,Male,48,Scotland,Blue Collar,01.Nov.15,11240.91,1124.0910000000001
2973,200002974,Jack,Fisher,Male,37,Scotland,White Collar,01.Nov.15,15811.05,1581.105
2974,200002975,Lauren,Russell,Female,52,Scotland,Other,01.Nov.15,12210.94,1221.094
2975,200002976,Alan,Sanderson,Male,56,Scotland,Blue Collar,01.Nov.15,64503.88,6450.388
2976,200002977,Carol,Brown,Female,45,Scotland,Other,01.Nov.15,33898.15,3389.8150000000005
2977,200002978,Carl,Lyman,Male,52,Scotland,Blue Collar,01.Nov.15,12638.78,1263.8780000000002
2978,200002979,Brian,Black,Male,57,Scotland,Blue Collar,01.Nov.15,6436.22,643.6220000000001
2979,400002980,Molly,Taylor,Female,31,Northern Ireland,Blue Collar,01.Nov.15,6057.88,605.788
2980,100002981,Sonia,Rutherford,Female,23,England,Other,02.Nov.15,16418.92,1641.8919999999998
2981,100002982,Tim,Baker,Male,46,England,White Collar,02.Nov.15,17757.91,1775.7910000000002
2982,100002983,Amelia,Hill,Female,24,England,Blue Collar,02.Nov.15,55477.57,5547.7570000000005
2983,100002984,Austin,Russell,Male,34,England,Other,02.Nov.15,29745.48,2974.5480000000002
2984,100002985,Stephen,Lewis,Male,37,England,White Collar,02.Nov.15,13518.54,1351.8540000000003
2985,100002986,Dorothy,Rutherford,Female,18,England,Other,02.Nov.15,9281.39,928.139
2986,200002987,Matt,Ross,Male,48,Scotland,Other,02.Nov.15,28873.73,2887.373
2987,200002988,Blake,Wallace,Male,58,Scotland,Blue Collar,02.Nov.15,39415.54,3941.554
2988,200002989,Rachel,Skinner,Female,52,Scotland,Other,02.Nov.15,16743.55,1674.355
2989,200002990,Sebastian,Brown,Male,31,Scotland,Blue Collar,02.Nov.15,16470.81,1647.0810000000001
2990,200002991,Charles,Kerr,Male,54,Scotland,Blue Collar,02.Nov.15,20405.95,2040.5950000000003
2991,100002992,Olivia,Ogden,Female,18,England,White Collar,03.Nov.15,31719.69,3171.969
2992,100002993,Dylan,Metcalfe,Male,37,England,Blue Collar,03.Nov.15,4725.23,472.52299999999997
2993,100002994,Jasmine,Gray,Female,35,England,White Collar,03.Nov.15,17322.36,1732.236
2994,100002995,Felicity,Hudson,Female,29,England,Blue Collar,03.Nov.15,56296.6,5629.66
2995,100002996,Fiona,Morgan,Female,44,England,Blue Collar,03.Nov.15,4837.23,483.72299999999996
2996,100002997,Ava,Mills,Female,31,England,Other,03.Nov.15,4064.42,406.442
2997,100002998,Alan,Terry,Male,30,England,Blue Collar,03.Nov.15,15452.89,1545.289
2998,100002999,Felicity,Gibson,Female,32,England,White Collar,03.Nov.15,44646.75,4464.675
2999,100003000,Alison,Mitchell,Female,30,England,White Collar,03.Nov.15,52200.62,5220.062000000001
3000,100003001,Matt,Abraham,Male,47,England,Blue Collar,03.Nov.15,8576.46,857.646
3001,100003002,Tim,Forsyth,Male,23,England,White Collar,03.Nov.15,640.91,64.091
3002,200003003,Lucas,Terry,Male,54,Scotland,Blue Collar,03.Nov.15,68965.07,6896.507000000001
3003,200003004,Joshua,Murray,Male,51,Scotland,Blue Collar,03.Nov.15,52186.48,5218.648000000001
3004,200003005,Alan,Lyman,Male,39,Scotland,White Collar,03.Nov.15,69713.05,6971.305
3005,300003006,Claire,Scott,Female,34,Wales,White Collar,03.Nov.15,116366.09,11636.609
3006,300003007,Katherine,Duncan,Female,43,Wales,White Collar,03.Nov.15,33336.87,3333.6870000000004
3007,300003008,Andrew,Ogden,Male,43,Wales,Other,03.Nov.15,78323.16,7832.316000000001
3008,400003009,Yvonne,Fisher,Female,31,Northern Ireland,Other,03.Nov.15,50699.67,5069.967000000001
3009,100003010,Anna,Short,Female,56,England,White Collar,04.Nov.15,47447.17,4744.717
3010,100003011,Sean,Butler,Male,41,England,White Collar,04.Nov.15,2665.32,266.53200000000004
3011,100003012,Deirdre,Edmunds,Female,32,England,White Collar,04.Nov.15,82104.77,8210.477
3012,200003013,Evan,Ball,Male,49,Scotland,Blue Collar,04.Nov.15,17312.41,1731.241
3013,200003014,Matt,Davidson,Male,60,Scotland,Other,04.Nov.15,55173.94,5517.394
3014,300003015,Jasmine,May,Female,18,Wales,Other,04.Nov.15,18574.76,1857.4759999999999
3015,100003016,Anthony,Forsyth,Male,36,England,White Collar,05.Nov.15,17823.65,1782.3650000000002
3016,100003017,Michael,Pullman,Male,30,England,Other,05.Nov.15,71799.26,7179.9259999999995
3017,100003018,Jason,McGrath,Male,26,England,White Collar,05.Nov.15,34526.64,3452.664
3018,100003019,Boris,Butler,Male,42,England,White Collar,05.Nov.15,19996.17,1999.617
3019,100003020,Thomas,Watson,Male,30,England,White Collar,05.Nov.15,33885.07,3388.507
3020,100003021,Samantha,Slater,Female,43,England,Blue Collar,05.Nov.15,38227.22,3822.722
3021,100003022,Una,Quinn,Female,27,England,White Collar,05.Nov.15,63257.61,6325.761
3022,100003023,Jonathan,Oliver,Male,37,England,White Collar,05.Nov.15,77501.35,7750.135000000001
3023,100003024,Michelle,Morgan,Female,41,England,White Collar,05.Nov.15,38019.49,3801.949
3024,100003025,Sally,Randall,Female,37,England,Other,05.Nov.15,37294.08,3729.4080000000004
3025,100003026,Amanda,Edmunds,Female,25,England,White Collar,05.Nov.15,74258.42,7425.842000000001
3026,100003027,Diane,Cameron,Female,32,England,White Collar,05.Nov.15,55749.19,5574.919000000001
3027,100003028,Rachel,Hudson,Female,35,England,White Collar,05.Nov.15,5247.83,524.783
3028,200003029,Liam,Sutherland,Male,33,Scotland,White Collar,05.Nov.15,61079.39,6107.939
3029,200003030,Amelia,Fisher,Female,44,Scotland,Other,05.Nov.15,12939.73,1293.973
3030,200003031,Simon,Abraham,Male,40,Scotland,Blue Collar,05.Nov.15,42462.18,4246.218
3031,200003032,Jason,Gill,Male,44,Scotland,Blue Collar,05.Nov.15,86184.27,8618.427000000001
3032,200003033,Gavin,Blake,Male,45,Scotland,Blue Collar,05.Nov.15,88366.08,8836.608
3033,300003034,Chloe,Clark,Female,28,Wales,Other,05.Nov.15,62137.79,6213.779
3034,300003035,Wanda,Fisher,Female,40,Wales,White Collar,05.Nov.15,10914.74,1091.474
3035,400003036,Lisa,Hughes,Female,39,Northern Ireland,Other,05.Nov.15,50492.06,5049.206
3036,400003037,Megan,Russell,Female,42,Northern Ireland,Other,05.Nov.15,43376.23,4337.6230000000005
3037,100003038,Dylan,Chapman,Male,38,England,White Collar,06.Nov.15,12380.76,1238.076
3038,100003039,Nicholas,King,Male,28,England,White Collar,06.Nov.15,13390.78,1339.0780000000002
3039,100003040,Wanda,Blake,Female,29,England,Other,06.Nov.15,1834.14,183.41400000000002
3040,100003041,James,Ince,Male,34,England,White Collar,06.Nov.15,18971.51,1897.1509999999998
3041,200003042,Jason,Walsh,Male,61,Scotland,Blue Collar,06.Nov.15,27421.16,2742.116
3042,200003043,Dylan,Hardacre,Male,49,Scotland,Other,06.Nov.15,83989.67,8398.967
3043,200003044,Benjamin,Jones,Male,43,Scotland,Other,06.Nov.15,70629.05,7062.905000000001
3044,100003045,Julia,Campbell,Female,32,England,Blue Collar,07.Nov.15,10818.08,1081.808
3045,100003046,Heather,Johnston,Female,26,England,White Collar,07.Nov.15,13299.35,1329.9350000000002
3046,100003047,Cameron,Parr,Male,33,England,White Collar,07.Nov.15,30227.5,3022.75
3047,100003048,Thomas,Springer,Male,46,England,White Collar,07.Nov.15,84080.85,8408.085000000001
3048,100003049,Oliver,Jones,Male,35,England,Blue Collar,07.Nov.15,15908.89,1590.8890000000001
3049,100003050,Gordon,Ferguson,Male,48,England,White Collar,07.Nov.15,18254.46,1825.446
3050,100003051,Luke,Harris,Male,39,England,White Collar,07.Nov.15,59641.84,5964.184
3051,200003052,Leah,Davidson,Female,51,Scotland,Blue Collar,07.Nov.15,52001.9,5200.1900000000005
3052,200003053,Anne,Mackay,Female,39,Scotland,Other,07.Nov.15,31245.0,3124.5
3053,200003054,Joan,Mitchell,Female,56,Scotland,Other,07.Nov.15,29174.19,2917.419
3054,200003055,Dan,Morrison,Male,36,Scotland,Blue Collar,07.Nov.15,106275.73,10627.573
3055,100003056,Sophie,Davidson,Female,33,England,White Collar,08.Nov.15,64582.89,6458.289000000001
3056,100003057,Faith,Turner,Female,43,England,Other,08.Nov.15,73601.8,7360.18
3057,100003058,Bernadette,May,Female,44,England,White Collar,08.Nov.15,9209.02,920.902
3058,100003059,Lucas,Rutherford,Male,24,England,White Collar,08.Nov.15,35939.96,3593.996
3059,100003060,Theresa,Smith,Female,31,England,White Collar,08.Nov.15,1447.65,144.76500000000001
3060,100003061,Ella,Rees,Female,25,England,Other,08.Nov.15,1890.37,189.037
3061,100003062,Ryan,Ellison,Male,39,England,Blue Collar,08.Nov.15,29040.64,2904.0640000000003
3062,100003063,Carl,Martin,Male,24,England,White Collar,08.Nov.15,24875.64,2487.5640000000003
3063,100003064,Sean,Peake,Male,43,England,White Collar,08.Nov.15,4421.1,442.11000000000007
3064,100003065,Abigail,Ogden,Female,32,England,White Collar,08.Nov.15,27424.78,2742.478
3065,100003066,Sue,Glover,Female,27,England,White Collar,08.Nov.15,3120.2,312.02
3066,200003067,Stewart,Davies,Male,51,Scotland,White Collar,08.Nov.15,32448.94,3244.8940000000002
3067,200003068,Hannah,McDonald,Female,48,Scotland,Other,08.Nov.15,19089.33,1908.9330000000002
3068,200003069,Tim,James,Male,52,Scotland,White Collar,08.Nov.15,74560.83,7456.0830000000005
3069,200003070,Elizabeth,Bond,Female,40,Scotland,Other,08.Nov.15,22027.41,2202.741
3070,200003071,Deirdre,Burgess,Female,49,Scotland,Other,08.Nov.15,115069.41,11506.941
3071,200003072,Penelope,Pullman,Female,31,Scotland,Other,08.Nov.15,14526.24,1452.624
3072,300003073,Neil,Harris,Male,31,Wales,White Collar,08.Nov.15,35448.77,3544.877
3073,300003074,Grace,Davidson,Female,38,Wales,White Collar,08.Nov.15,12426.64,1242.664
3074,300003075,Stephen,Watson,Male,27,Wales,White Collar,08.Nov.15,89186.6,8918.660000000002
3075,100003076,Julian,Hunter,Male,29,England,Blue Collar,09.Nov.15,9567.74,956.774
3076,100003077,Katherine,Dyer,Female,47,England,White Collar,09.Nov.15,9244.66,924.466
3077,100003078,Piers,Pullman,Male,23,England,Other,09.Nov.15,4588.12,458.812
3078,100003079,Dorothy,Baker,Female,29,England,White Collar,09.Nov.15,34725.59,3472.5589999999997
3079,100003080,Dominic,Morrison,Male,37,England,Other,09.Nov.15,23396.9,2339.69
3080,100003081,Matt,Russell,Male,35,England,Blue Collar,09.Nov.15,4653.31,465.3310000000001
3081,100003082,Felicity,Payne,Female,35,England,Blue Collar,09.Nov.15,17717.33,1771.7330000000002
3082,100003083,Connor,White,Male,30,England,White Collar,09.Nov.15,8422.3,842.23
3083,200003084,Irene,Roberts,Female,46,Scotland,Blue Collar,09.Nov.15,53327.97,5332.7970000000005
3084,200003085,Jan,McDonald,Female,43,Scotland,Other,09.Nov.15,38308.54,3830.8540000000003
3085,200003086,Jason,Mitchell,Male,42,Scotland,Blue Collar,09.Nov.15,68973.86,6897.386
3086,200003087,Lillian,Oliver,Female,28,Scotland,Other,09.Nov.15,32468.21,3246.821
3087,200003088,Victoria,Nolan,Female,51,Scotland,Other,09.Nov.15,5227.69,522.769
3088,200003089,Justin,Kelly,Male,56,Scotland,Blue Collar,09.Nov.15,55295.38,5529.5380000000005
3089,300003090,Dorothy,Wright,Female,50,Wales,Other,09.Nov.15,91569.83,9156.983
3090,100003091,Kylie,Mackenzie,Female,23,England,White Collar,10.Nov.15,24384.59,2438.4590000000003
3091,100003092,Emily,Piper,Female,30,England,White Collar,10.Nov.15,26551.11,2655.1110000000003
3092,100003093,Jake,Sanderson,Male,34,England,White Collar,10.Nov.15,71362.71,7136.271000000001
3093,100003094,Andrea,Alsop,Female,23,England,White Collar,10.Nov.15,133589.87,13358.987000000001
3094,100003095,Oliver,Campbell,Male,34,England,White Collar,10.Nov.15,96893.79,9689.378999999999
3095,100003096,Christian,Hemmings,Male,26,England,Blue Collar,10.Nov.15,9438.06,943.806
3096,100003097,Claire,Ball,Female,24,England,White Collar,10.Nov.15,93329.94,9332.994
3097,200003098,Nicholas,Hudson,Male,50,Scotland,White Collar,10.Nov.15,19956.27,1995.6270000000002
3098,200003099,Colin,Walsh,Male,40,Scotland,Blue Collar,10.Nov.15,18505.82,1850.582
3099,200003100,Blake,Manning,Male,61,Scotland,Blue Collar,10.Nov.15,6243.3,624.33
3100,200003101,William,Lambert,Male,53,Scotland,Blue Collar,10.Nov.15,4821.6,482.1600000000001
3101,200003102,Anthony,Davidson,Male,61,Scotland,Other,10.Nov.15,5711.43,571.143
3102,200003103,Keith,Alsop,Male,61,Scotland,Blue Collar,10.Nov.15,75638.28,7563.828
3103,300003104,Lucas,Newman,Male,42,Wales,White Collar,10.Nov.15,14699.25,1469.9250000000002
3104,300003105,Blake,White,Male,31,Wales,White Collar,10.Nov.15,48703.81,4870.381
3105,300003106,Sam,Underwood,Male,32,Wales,Blue Collar,10.Nov.15,43532.66,4353.2660000000005
3106,100003107,Joseph,Hodges,Male,42,England,White Collar,11.Nov.15,49683.78,4968.378000000001
3107,100003108,David,Metcalfe,Male,27,England,White Collar,11.Nov.15,146892.37,14689.237000000001
3108,100003109,Rebecca,MacLeod,Female,38,England,White Collar,11.Nov.15,23666.54,2366.654
3109,100003110,Wendy,Parr,Female,45,England,White Collar,11.Nov.15,21695.26,2169.526
3110,100003111,Benjamin,Hughes,Male,33,England,Other,11.Nov.15,2609.28,260.92800000000005
3111,100003112,Gordon,Fisher,Male,30,England,White Collar,11.Nov.15,42732.72,4273.272
3112,100003113,Alan,Mackenzie,Male,25,England,White Collar,11.Nov.15,36021.53,3602.1530000000002
3113,100003114,Jane,Nash,Female,34,England,White Collar,11.Nov.15,18856.08,1885.6080000000002
3114,100003115,Brian,Jackson,Male,34,England,White Collar,11.Nov.15,42429.24,4242.924
3115,100003116,Nathan,Morgan,Male,35,England,Other,11.Nov.15,25257.22,2525.722
3116,100003117,Emily,Rees,Female,32,England,White Collar,11.Nov.15,64135.72,6413.572
3117,200003118,Isaac,Newman,Male,58,Scotland,Blue Collar,11.Nov.15,76328.95,7632.895
3118,200003119,Sophie,Turner,Female,39,Scotland,Other,11.Nov.15,60307.56,6030.756
3119,200003120,Luke,Hart,Male,53,Scotland,White Collar,11.Nov.15,28479.55,2847.955
3120,200003121,Ruth,Davies,Female,27,Scotland,Other,11.Nov.15,7835.23,783.523
3121,200003122,Matt,Fraser,Male,45,Scotland,Blue Collar,11.Nov.15,10760.17,1076.017
3122,200003123,Dominic,Knox,Male,52,Scotland,Blue Collar,11.Nov.15,31275.84,3127.5840000000003
3123,200003124,Stephen,Bell,Male,51,Scotland,Blue Collar,11.Nov.15,62238.7,6223.87
3124,200003125,Boris,Simpson,Male,60,Scotland,Other,11.Nov.15,23122.01,2312.201
3125,200003126,Andrea,Marshall,Female,58,Scotland,Other,11.Nov.15,105104.49,10510.449
3126,200003127,Nicholas,Coleman,Male,45,Scotland,Blue Collar,11.Nov.15,28654.5,2865.4500000000003
3127,200003128,Austin,Brown,Male,49,Scotland,Blue Collar,11.Nov.15,35192.83,3519.2830000000004
3128,300003129,Olivia,Hudson,Female,25,Wales,White Collar,11.Nov.15,14632.29,1463.2290000000003
3129,300003130,Rachel,Dowd,Female,34,Wales,White Collar,11.Nov.15,8456.78,845.6780000000001
3130,300003131,Fiona,Hemmings,Female,44,Wales,White Collar,11.Nov.15,33172.4,3317.2400000000002
3131,300003132,Deirdre,Rampling,Female,46,Wales,Blue Collar,11.Nov.15,29012.65,2901.2650000000003
3132,100003133,Pippa,Bond,Female,46,England,Blue Collar,12.Nov.15,4907.58,490.75800000000004
3133,100003134,Dan,Black,Male,39,England,White Collar,12.Nov.15,4563.44,456.344
3134,100003135,Dylan,Payne,Male,29,England,Blue Collar,12.Nov.15,19118.76,1911.876
3135,100003136,Dylan,Vaughan,Male,32,England,White Collar,12.Nov.15,59266.24,5926.624
3136,100003137,Mary,Greene,Female,34,England,White Collar,12.Nov.15,26768.44,2676.844
3137,200003138,Gordon,Clarkson,Male,41,Scotland,Blue Collar,12.Nov.15,97626.31,9762.631
3138,200003139,Richard,Mackay,Male,58,Scotland,Blue Collar,12.Nov.15,10786.24,1078.624
3139,200003140,Oliver,Sanderson,Male,32,Scotland,Blue Collar,12.Nov.15,45810.04,4581.004
3140,200003141,Steven,Cornish,Male,18,Scotland,Blue Collar,12.Nov.15,25898.72,2589.8720000000003
3141,300003142,Elizabeth,Arnold,Female,40,Wales,White Collar,12.Nov.15,19448.19,1944.819
3142,300003143,Richard,Chapman,Male,39,Wales,Blue Collar,12.Nov.15,48032.86,4803.286
3143,300003144,Oliver,Roberts,Male,41,Wales,White Collar,12.Nov.15,8176.98,817.698
3144,100003145,Dylan,Walsh,Male,29,England,White Collar,13.Nov.15,20166.68,2016.6680000000001
3145,100003146,Ian,Powell,Male,44,England,White Collar,13.Nov.15,13179.89,1317.989
3146,100003147,Robert,Wilkins,Male,37,England,White Collar,13.Nov.15,59673.88,5967.388
3147,100003148,Anna,Jones,Female,32,England,White Collar,13.Nov.15,53274.83,5327.483
3148,100003149,Stephanie,Morrison,Female,38,England,White Collar,13.Nov.15,1768.41,176.841
3149,100003150,Lauren,Skinner,Female,32,England,White Collar,13.Nov.15,9287.63,928.7629999999999
3150,100003151,Felicity,Buckland,Female,38,England,White Collar,13.Nov.15,66093.41,6609.341
3151,200003152,William,Sanderson,Male,51,Scotland,Other,13.Nov.15,13547.12,1354.7120000000002
3152,200003153,Sebastian,Peters,Male,51,Scotland,Blue Collar,13.Nov.15,109395.78,10939.578000000001
3153,200003154,David,Alsop,Male,49,Scotland,Other,13.Nov.15,45629.65,4562.965
3154,200003155,Virginia,Jones,Female,56,Scotland,Other,13.Nov.15,11863.42,1186.342
3155,300003156,Charles,Mills,Male,42,Wales,White Collar,13.Nov.15,45546.49,4554.649
3156,300003157,David,Greene,Male,35,Wales,White Collar,13.Nov.15,7139.62,713.962
3157,300003158,Joan,Oliver,Female,42,Wales,Blue Collar,13.Nov.15,24238.89,2423.889
3158,100003159,Mary,Hemmings,Female,27,England,White Collar,14.Nov.15,73722.88,7372.2880000000005
3159,100003160,Jan,Gill,Female,33,England,White Collar,14.Nov.15,21875.7,2187.57
3160,100003161,James,Hodges,Male,44,England,White Collar,14.Nov.15,3790.23,379.023
3161,100003162,Virginia,Hodges,Female,29,England,White Collar,14.Nov.15,23159.95,2315.9950000000003
3162,100003163,Theresa,Mathis,Female,23,England,White Collar,14.Nov.15,23220.99,2322.099
3163,100003164,Andrea,Churchill,Female,37,England,White Collar,14.Nov.15,27784.27,2778.427
3164,100003165,Liam,Clark,Male,31,England,White Collar,14.Nov.15,10377.13,1037.713
3165,100003166,Karen,Walker,Female,25,England,Other,14.Nov.15,12589.45,1258.9450000000002
3166,100003167,Charles,Powell,Male,41,England,Other,14.Nov.15,4111.42,411.14200000000005
3167,100003168,Christopher,Fisher,Male,40,England,White Collar,14.Nov.15,49490.49,4949.049
3168,100003169,Dorothy,Vance,Female,35,England,Blue Collar,14.Nov.15,3673.79,367.379
3169,100003170,Emma,Cameron,Female,41,England,White Collar,14.Nov.15,20793.41,2079.341
3170,100003171,Justin,Baker,Male,25,England,White Collar,14.Nov.15,18053.11,1805.3110000000001
3171,100003172,Joe,Henderson,Male,43,England,Blue Collar,14.Nov.15,4808.93,480.89300000000003
3172,100003173,Leonard,Gill,Male,39,England,Blue Collar,14.Nov.15,3436.77,343.677
3173,100003174,Leonard,Ball,Male,36,England,White Collar,14.Nov.15,8060.05,806.0050000000001
3174,100003175,Isaac,Gill,Male,32,England,Blue Collar,14.Nov.15,27316.09,2731.6090000000004
3175,200003176,Max,Short,Male,52,Scotland,Other,14.Nov.15,111036.92,11103.692000000001
3176,200003177,Jane,White,Female,55,Scotland,Other,14.Nov.15,7365.5,736.5500000000001
3177,200003178,Audrey,Hughes,Female,55,Scotland,Other,14.Nov.15,18705.83,1870.5830000000003
3178,200003179,Cameron,Jones,Male,51,Scotland,Blue Collar,14.Nov.15,29247.25,2924.7250000000004
3179,200003180,John,Payne,Male,49,Scotland,Other,14.Nov.15,6881.74,688.174
3180,200003181,Warren,Parsons,Male,58,Scotland,Blue Collar,14.Nov.15,65497.14,6549.714
3181,200003182,Piers,Mitchell,Male,49,Scotland,Other,14.Nov.15,45545.02,4554.5019999999995
3182,200003183,Wanda,Morgan,Female,30,Scotland,Other,14.Nov.15,31311.45,3131.1450000000004
3183,200003184,Jan,White,Female,48,Scotland,Other,14.Nov.15,9758.08,975.808
3184,300003185,Piers,Dyer,Male,39,Wales,White Collar,14.Nov.15,144607.38,14460.738000000001
3185,300003186,Steven,Grant,Male,27,Wales,White Collar,14.Nov.15,15126.82,1512.682
3186,300003187,Carolyn,Harris,Female,31,Wales,Other,14.Nov.15,23095.68,2309.568
3187,300003188,Frank,Peake,Male,47,Wales,Blue Collar,14.Nov.15,97201.55,9720.155
3188,100003189,Richard,Anderson,Male,48,England,White Collar,15.Nov.15,4098.82,409.882
3189,100003190,Andrea,Forsyth,Female,44,England,White Collar,15.Nov.15,9777.9,977.79
3190,100003191,Alexander,Reid,Male,31,England,Other,15.Nov.15,5478.06,547.806
3191,100003192,Sean,Springer,Male,27,England,White Collar,15.Nov.15,10183.23,1018.323
3192,100003193,Sonia,Coleman,Female,36,England,Blue Collar,15.Nov.15,18925.43,1892.5430000000001
3193,100003194,Steven,Watson,Male,29,England,White Collar,15.Nov.15,57228.34,5722.834
3194,100003195,Yvonne,Graham,Female,35,England,White Collar,15.Nov.15,31376.37,3137.637
3195,100003196,Leonard,Ferguson,Male,28,England,Other,15.Nov.15,13468.66,1346.866
3196,100003197,Penelope,Howard,Female,31,England,White Collar,15.Nov.15,42662.04,4266.204000000001
3197,100003198,Harry,Lyman,Male,29,England,Other,15.Nov.15,36086.9,3608.6900000000005
3198,100003199,Luke,James,Male,32,England,White Collar,15.Nov.15,12954.98,1295.498
3199,300003200,Jake,Newman,Male,37,Wales,White Collar,15.Nov.15,59494.69,5949.469000000001
3200,300003201,Bernadette,Reid,Female,26,Wales,White Collar,15.Nov.15,133683.93,13368.393
3201,100003202,Abigail,Walsh,Female,40,England,White Collar,16.Nov.15,32051.33,3205.1330000000003
3202,100003203,Piers,Campbell,Male,37,England,White Collar,16.Nov.15,4269.31,426.93100000000004
3203,100003204,Piers,Newman,Male,29,England,Blue Collar,16.Nov.15,37027.41,3702.7410000000004
3204,100003205,Dominic,Vance,Male,40,England,White Collar,16.Nov.15,55771.08,5577.108
3205,100003206,Elizabeth,Parr,Female,35,England,White Collar,16.Nov.15,8196.9,819.69
3206,100003207,Faith,Harris,Female,31,England,White Collar,16.Nov.15,29296.95,2929.695
3207,100003208,Joshua,James,Male,35,England,White Collar,16.Nov.15,10291.64,1029.164
3208,100003209,Boris,Quinn,Male,24,England,Other,16.Nov.15,57099.28,5709.928
3209,100003210,Amanda,Howard,Female,50,England,White Collar,16.Nov.15,50609.43,5060.943
3210,100003211,Julian,Jones,Male,44,England,White Collar,16.Nov.15,9161.15,916.115
3211,100003212,Ian,Avery,Male,38,England,White Collar,16.Nov.15,20238.28,2023.828
3212,100003213,Max,Quinn,Male,45,England,White Collar,16.Nov.15,2479.52,247.952
3213,200003214,Edward,Vaughan,Male,58,Scotland,Blue Collar,16.Nov.15,79655.37,7965.537
3214,200003215,Abigail,Skinner,Female,59,Scotland,Other,16.Nov.15,14644.76,1464.476
3215,100003216,Nicola,Watson,Female,32,England,White Collar,17.Nov.15,33535.24,3353.524
3216,100003217,Joseph,Scott,Male,36,England,White Collar,17.Nov.15,5275.67,527.567
3217,100003218,Max,Lee,Male,24,England,White Collar,17.Nov.15,16721.96,1672.196
3218,100003219,Connor,James,Male,31,England,Blue Collar,17.Nov.15,51141.07,5114.107
3219,100003220,Eric,Hemmings,Male,30,England,White Collar,17.Nov.15,29283.75,2928.375
3220,100003221,Leonard,Rutherford,Male,37,England,White Collar,17.Nov.15,37670.59,3767.0589999999997
3221,100003222,Richard,Clarkson,Male,41,England,Blue Collar,17.Nov.15,5040.5,504.05
3222,100003223,Peter,May,Male,45,England,White Collar,17.Nov.15,38098.76,3809.876
3223,100003224,Rachel,Welch,Female,35,England,Other,17.Nov.15,82688.19,8268.819000000001
3224,100003225,Colin,Johnston,Male,31,England,White Collar,17.Nov.15,9814.58,981.4580000000001
3225,100003226,Dylan,Mitchell,Male,39,England,White Collar,17.Nov.15,139434.09,13943.409
3226,100003227,Wendy,Hamilton,Female,43,England,White Collar,17.Nov.15,27287.49,2728.7490000000003
3227,100003228,Stewart,Jackson,Male,27,England,White Collar,17.Nov.15,41775.2,4177.5199999999995
3228,100003229,Natalie,Sutherland,Female,37,England,White Collar,17.Nov.15,44335.18,4433.518
3229,100003230,Fiona,McDonald,Female,39,England,Blue Collar,17.Nov.15,33581.76,3358.1760000000004
3230,100003231,Luke,Burgess,Male,42,England,White Collar,17.Nov.15,30797.77,3079.777
3231,100003232,Anne,Parr,Female,29,England,White Collar,17.Nov.15,71423.01,7142.3009999999995
3232,100003233,Robert,Mackenzie,Male,39,England,White Collar,17.Nov.15,52566.58,5256.658
3233,100003234,Rachel,Ince,Female,43,England,Blue Collar,17.Nov.15,23540.79,2354.079
3234,100003235,Blake,Simpson,Male,26,England,White Collar,17.Nov.15,104366.63,10436.663
3235,100003236,Lily,Grant,Female,37,England,Other,17.Nov.15,339.23,33.923
3236,100003237,Julian,Powell,Male,26,England,White Collar,17.Nov.15,65283.32,6528.332
3237,200003238,Madeleine,James,Female,43,Scotland,Other,17.Nov.15,38012.27,3801.227
3238,200003239,Joanne,Russell,Female,56,Scotland,White Collar,17.Nov.15,33748.33,3374.8330000000005
3239,200003240,Edward,Oliver,Male,57,Scotland,Blue Collar,17.Nov.15,18910.03,1891.003
3240,200003241,Dominic,Martin,Male,37,Scotland,Blue Collar,17.Nov.15,45686.41,4568.6410000000005
3241,200003242,Samantha,Walker,Female,39,Scotland,Other,17.Nov.15,13061.49,1306.1490000000001
3242,200003243,Rachel,Black,Female,46,Scotland,Blue Collar,17.Nov.15,68527.61,6852.761
3243,200003244,Gordon,White,Male,56,Scotland,Other,17.Nov.15,29861.37,2986.137
3244,200003245,Gavin,MacLeod,Male,44,Scotland,Other,17.Nov.15,63735.05,6373.505000000001
3245,300003246,Maria,Murray,Female,45,Wales,White Collar,17.Nov.15,20349.68,2034.968
3246,300003247,Anne,Nash,Female,28,Wales,White Collar,17.Nov.15,48124.64,4812.464
3247,300003248,Joseph,Newman,Male,30,Wales,Blue Collar,17.Nov.15,38093.36,3809.3360000000002
3248,100003249,Steven,Wright,Male,43,England,White Collar,18.Nov.15,12324.12,1232.4120000000003
3249,100003250,Isaac,McDonald,Male,34,England,Blue Collar,18.Nov.15,18412.38,1841.2380000000003
3250,100003251,Evan,Walker,Male,34,England,White Collar,18.Nov.15,12238.08,1223.808
3251,100003252,Adam,Turner,Male,41,England,White Collar,18.Nov.15,55038.36,5503.836
3252,100003253,Ryan,Lambert,Male,32,England,White Collar,18.Nov.15,30865.97,3086.597
3253,100003254,David,Poole,Male,38,England,White Collar,18.Nov.15,2638.71,263.87100000000004
3254,300003255,Joan,Metcalfe,Female,34,Wales,Other,18.Nov.15,19249.76,1924.9759999999999
3255,300003256,Heather,Gill,Female,40,Wales,White Collar,18.Nov.15,53697.1,5369.71
3256,100003257,John,Henderson,Male,27,England,Blue Collar,19.Nov.15,9866.04,986.6040000000002
3257,100003258,Jennifer,Graham,Female,42,England,White Collar,19.Nov.15,25158.08,2515.8080000000004
3258,100003259,Emily,Henderson,Female,37,England,White Collar,19.Nov.15,26052.24,2605.224
3259,200003260,Brandon,Terry,Male,51,Scotland,Blue Collar,19.Nov.15,12765.42,1276.5420000000001
3260,200003261,Natalie,Bower,Female,43,Scotland,Other,19.Nov.15,8837.34,883.734
3261,300003262,Sue,Lyman,Female,28,Wales,White Collar,19.Nov.15,68809.02,6880.902000000001
3262,300003263,Vanessa,Parsons,Female,30,Wales,White Collar,19.Nov.15,13139.08,1313.9080000000001
3263,300003264,Jasmine,Ross,Female,39,Wales,Other,19.Nov.15,68659.24,6865.924000000001
3264,300003265,Joshua,Parsons,Male,29,Wales,White Collar,19.Nov.15,94523.22,9452.322
3265,100003266,Edward,Blake,Male,34,England,Other,20.Nov.15,67894.27,6789.427000000001
3266,100003267,Liam,Burgess,Male,36,England,White Collar,20.Nov.15,63323.61,6332.361000000001
3267,100003268,Leah,Lambert,Female,36,England,White Collar,20.Nov.15,84693.18,8469.318
3268,100003269,Simon,Henderson,Male,32,England,White Collar,20.Nov.15,9068.75,906.875
3269,100003270,Zoe,Vaughan,Female,37,England,Blue Collar,20.Nov.15,11073.76,1107.376
3270,100003271,Christopher,Hunter,Male,32,England,Blue Collar,20.Nov.15,76492.8,7649.280000000001
3271,100003272,Frank,Rampling,Male,41,England,Other,20.Nov.15,32715.84,3271.5840000000003
3272,100003273,Angela,Berry,Female,39,England,Blue Collar,20.Nov.15,10685.07,1068.507
3273,100003274,Colin,Peake,Male,27,England,White Collar,20.Nov.15,30268.33,3026.8330000000005
3274,200003275,Sam,Anderson,Male,47,Scotland,Other,20.Nov.15,7286.16,728.616
3275,100003276,Gabrielle,Jones,Female,39,England,White Collar,21.Nov.15,105339.9,10533.99
3276,100003277,William,Glover,Male,42,England,White Collar,21.Nov.15,11632.9,1163.29
3277,100003278,Rachel,Lambert,Female,21,England,White Collar,21.Nov.15,3038.3,303.83000000000004
3278,100003279,Steven,North,Male,36,England,Other,21.Nov.15,94494.62,9449.462
3279,100003280,Megan,Ross,Female,35,England,White Collar,21.Nov.15,20637.25,2063.725
3280,100003281,Nathan,Dickens,Male,27,England,White Collar,21.Nov.15,53494.5,5349.450000000001
3281,100003282,Edward,Ince,Male,43,England,White Collar,21.Nov.15,2619.84,261.98400000000004
3282,100003283,Bernadette,Jones,Female,38,England,White Collar,21.Nov.15,89126.12,8912.612
3283,100003284,Victoria,Greene,Female,35,England,White Collar,21.Nov.15,29531.43,2953.143
3284,100003285,Amelia,Paterson,Female,49,England,Other,21.Nov.15,90049.91,9004.991
3285,100003286,Matt,Short,Male,38,England,White Collar,21.Nov.15,21417.1,2141.71
3286,100003287,Heather,Burgess,Female,32,England,White Collar,21.Nov.15,74633.22,7463.322
3287,100003288,Leonard,Roberts,Male,37,England,White Collar,21.Nov.15,77155.23,7715.523
3288,200003289,Ryan,Underwood,Male,50,Scotland,Other,21.Nov.15,99255.19,9925.519
3289,200003290,Amelia,Clarkson,Female,43,Scotland,Other,21.Nov.15,41538.28,4153.828
3290,200003291,Rachel,Grant,Female,42,Scotland,Other,21.Nov.15,6916.13,691.613
3291,200003292,Peter,Sanderson,Male,51,Scotland,Blue Collar,21.Nov.15,14724.29,1472.429
3292,200003293,Anthony,Morrison,Male,47,Scotland,Blue Collar,21.Nov.15,5875.97,587.5970000000001
3293,200003294,Brandon,Lee,Male,55,Scotland,Blue Collar,21.Nov.15,71276.7,7127.67
3294,200003295,Jake,Ball,Male,51,Scotland,Other,21.Nov.15,37322.47,3732.2470000000003
3295,200003296,Ryan,Ince,Male,26,Scotland,Blue Collar,21.Nov.15,39625.37,3962.5370000000003
3296,200003297,Jake,Randall,Male,54,Scotland,Blue Collar,21.Nov.15,7410.73,741.073
3297,200003298,Sonia,Cameron,Female,53,Scotland,Other,21.Nov.15,466.01,46.601
3298,300003299,Liam,Simpson,Male,34,Wales,White Collar,21.Nov.15,32851.32,3285.132
3299,100003300,Frank,Hart,Male,38,England,Other,22.Nov.15,64508.93,6450.893
3300,100003301,Anthony,Hughes,Male,46,England,White Collar,22.Nov.15,47908.76,4790.876
3301,100003302,Jessica,Quinn,Female,36,England,White Collar,22.Nov.15,77553.79,7755.379
3302,100003303,Fiona,Churchill,Female,47,England,Blue Collar,22.Nov.15,15690.97,1569.097
3303,100003304,Harry,Watson,Male,28,England,Other,22.Nov.15,82847.05,8284.705
3304,200003305,Melanie,Baker,Female,45,Scotland,Other,22.Nov.15,6176.99,617.6990000000001
3305,200003306,Sam,Roberts,Male,35,Scotland,Other,22.Nov.15,33575.8,3357.5800000000004
3306,100003307,Jasmine,Howard,Female,53,England,Other,23.Nov.15,36319.75,3631.9750000000004
3307,100003308,Brian,Langdon,Male,31,England,White Collar,23.Nov.15,20544.55,2054.455
3308,100003309,Felicity,Ball,Female,43,England,White Collar,23.Nov.15,16111.39,1611.1390000000001
3309,100003310,Ruth,Baker,Female,28,England,White Collar,23.Nov.15,59252.91,5925.291000000001
3310,100003311,Robert,Anderson,Male,43,England,White Collar,23.Nov.15,45425.57,4542.557
3311,100003312,Madeleine,Clarkson,Female,32,England,White Collar,23.Nov.15,47291.75,4729.175
3312,100003313,Molly,Langdon,Female,30,England,White Collar,23.Nov.15,27937.26,2793.726
3313,100003314,Alexander,Newman,Male,32,England,Other,23.Nov.15,677.88,67.788
3314,100003315,Amanda,Poole,Female,29,England,White Collar,23.Nov.15,39324.22,3932.4220000000005
3315,100003316,Katherine,Davidson,Female,30,England,Other,23.Nov.15,52474.35,5247.435
3316,100003317,Christian,Bailey,Male,41,England,White Collar,23.Nov.15,64153.64,6415.3640000000005
3317,200003318,David,Mackenzie,Male,50,Scotland,Other,23.Nov.15,57632.39,5763.2390000000005
3318,300003319,Gordon,Slater,Male,22,Wales,White Collar,23.Nov.15,25219.7,2521.9700000000003
3319,300003320,Keith,Jones,Male,27,Wales,White Collar,23.Nov.15,7897.23,789.723
3320,400003321,Molly,Forsyth,Female,27,Northern Ireland,White Collar,23.Nov.15,31618.56,3161.856
3321,100003322,Dominic,Cornish,Male,47,England,White Collar,24.Nov.15,12302.28,1230.228
3322,100003323,Diana,Mackay,Female,32,England,Other,24.Nov.15,62279.58,6227.9580000000005
3323,100003324,Claire,Buckland,Female,35,England,Other,24.Nov.15,28586.34,2858.634
3324,100003325,Joanne,Slater,Female,35,England,Blue Collar,24.Nov.15,43833.84,4383.384
3325,100003326,Megan,Skinner,Female,35,England,Other,24.Nov.15,30158.68,3015.8680000000004
3326,100003327,Madeleine,Fraser,Female,36,England,White Collar,24.Nov.15,28128.35,2812.835
3327,100003328,John,Poole,Male,50,England,White Collar,24.Nov.15,17454.85,1745.485
3328,100003329,Jan,Alsop,Female,32,England,White Collar,24.Nov.15,68573.19,6857.319
3329,100003330,Gabrielle,Berry,Female,40,England,Other,24.Nov.15,52970.78,5297.078
3330,100003331,Leonard,May,Male,44,England,Other,24.Nov.15,25768.74,2576.8740000000003
3331,100003332,Owen,Clark,Male,21,England,White Collar,24.Nov.15,88147.69,8814.769
3332,100003333,Jason,Kerr,Male,37,England,Blue Collar,24.Nov.15,125213.72,12521.372000000001
3333,100003334,Thomas,Kerr,Male,39,England,White Collar,24.Nov.15,55146.36,5514.636
3334,100003335,Anne,Wilkins,Female,30,England,White Collar,24.Nov.15,43545.03,4354.503
3335,200003336,Kevin,Stewart,Male,53,Scotland,Other,24.Nov.15,37425.23,3742.5230000000006
3336,200003337,Joanne,Churchill,Female,48,Scotland,Other,24.Nov.15,35190.96,3519.096
3337,200003338,Colin,Nolan,Male,60,Scotland,Blue Collar,24.Nov.15,52742.54,5274.254000000001
3338,200003339,Colin,Fisher,Male,55,Scotland,Other,24.Nov.15,24030.97,2403.097
3339,200003340,Piers,Anderson,Male,59,Scotland,Blue Collar,24.Nov.15,64210.63,6421.063
3340,200003341,Blake,Morrison,Male,46,Scotland,Blue Collar,24.Nov.15,99396.23,9939.623
3341,300003342,Chloe,Reid,Female,28,Wales,White Collar,24.Nov.15,30366.24,3036.6240000000003
3342,300003343,Felicity,Turner,Female,35,Wales,White Collar,24.Nov.15,4012.37,401.237
3343,300003344,Molly,Simpson,Female,35,Wales,White Collar,24.Nov.15,39380.29,3938.0290000000005
3344,100003345,Colin,Dyer,Male,38,England,White Collar,25.Nov.15,30231.47,3023.1470000000004
3345,100003346,Katherine,McDonald,Female,37,England,White Collar,25.Nov.15,51295.71,5129.571
3346,100003347,Jake,Gibson,Male,24,England,White Collar,25.Nov.15,2111.51,211.15100000000004
3347,100003348,Nathan,Roberts,Male,40,England,White Collar,25.Nov.15,66914.25,6691.425
3348,100003349,Olivia,Coleman,Female,41,England,Blue Collar,25.Nov.15,52991.99,5299.1990000000005
3349,100003350,Matt,Forsyth,Male,34,England,Blue Collar,25.Nov.15,47988.11,4798.811000000001
3350,200003351,Carolyn,Manning,Female,54,Scotland,White Collar,25.Nov.15,21953.02,2195.302
3351,200003352,Jack,Scott,Male,43,Scotland,Blue Collar,25.Nov.15,33234.66,3323.4660000000003
3352,200003353,Kevin,Quinn,Male,55,Scotland,Blue Collar,25.Nov.15,59957.08,5995.7080000000005
3353,200003354,Thomas,Langdon,Male,48,Scotland,Blue Collar,25.Nov.15,28118.54,2811.8540000000003
3354,300003355,Melanie,Metcalfe,Female,47,Wales,White Collar,25.Nov.15,3985.97,398.597
3355,300003356,Jonathan,Parr,Male,42,Wales,White Collar,25.Nov.15,44017.46,4401.746
3356,300003357,Jonathan,Payne,Male,36,Wales,Blue Collar,25.Nov.15,89727.27,8972.727
3357,100003358,Melanie,Rees,Female,36,England,White Collar,26.Nov.15,9356.5,935.6500000000001
3358,100003359,Amanda,MacLeod,Female,22,England,Blue Collar,26.Nov.15,87500.9,8750.09
3359,100003360,Boris,Cameron,Male,32,England,White Collar,26.Nov.15,19806.11,1980.611
3360,100003361,Boris,May,Male,34,England,White Collar,26.Nov.15,3716.8,371.68000000000006
3361,100003362,Wanda,Mills,Female,45,England,Other,26.Nov.15,36293.0,3629.3
3362,100003363,Penelope,Henderson,Female,42,England,White Collar,26.Nov.15,29129.11,2912.911
3363,100003364,Evan,Quinn,Male,35,England,Blue Collar,26.Nov.15,37326.33,3732.6330000000003
3364,100003365,Rachel,Bailey,Female,29,England,Other,26.Nov.15,29654.53,2965.453
3365,200003366,Nathan,Pullman,Male,44,Scotland,Other,26.Nov.15,28479.92,2847.992
3366,200003367,Eric,Welch,Male,47,Scotland,Blue Collar,26.Nov.15,21736.04,2173.6040000000003
3367,300003368,Owen,Ferguson,Male,28,Wales,Blue Collar,26.Nov.15,4820.98,482.09799999999996
3368,300003369,Molly,Sharp,Female,41,Wales,White Collar,26.Nov.15,54697.16,5469.716
3369,400003370,Jessica,Lyman,Female,20,Northern Ireland,Other,26.Nov.15,82598.94,8259.894
3370,100003371,Gabrielle,Wilkins,Female,39,England,White Collar,27.Nov.15,44607.05,4460.705000000001
3371,100003372,Jan,MacDonald,Female,42,England,White Collar,27.Nov.15,85695.41,8569.541000000001
3372,100003373,Ruth,White,Female,41,England,White Collar,27.Nov.15,4477.36,447.736
3373,100003374,Jack,Alsop,Male,42,England,Blue Collar,27.Nov.15,59160.59,5916.059
3374,100003375,Michelle,Ball,Female,28,England,White Collar,27.Nov.15,28802.1,2880.21
3375,100003376,Simon,Turner,Male,25,England,Other,27.Nov.15,75357.92,7535.792
3376,100003377,Jessica,Peake,Female,29,England,Other,27.Nov.15,11738.7,1173.8700000000001
3377,100003378,Cameron,Robertson,Male,31,England,Blue Collar,27.Nov.15,16251.57,1625.1570000000002
3378,100003379,Zoe,Wright,Female,34,England,White Collar,27.Nov.15,61576.0,6157.6
3379,100003380,Victor,Cameron,Male,20,England,White Collar,27.Nov.15,11434.59,1143.459
3380,100003381,Julia,Churchill,Female,23,England,Other,27.Nov.15,5434.22,543.422
3381,100003382,Lauren,Young,Female,41,England,White Collar,27.Nov.15,42914.08,4291.408
3382,100003383,James,Clark,Male,47,England,White Collar,27.Nov.15,6631.7,663.1700000000001
3383,100003384,Simon,Black,Male,47,England,Other,27.Nov.15,23372.89,2337.289
3384,100003385,Dominic,Oliver,Male,32,England,White Collar,27.Nov.15,25583.2,2558.32
3385,100003386,Sarah,Marshall,Female,54,England,White Collar,27.Nov.15,21593.57,2159.357
3386,100003387,Christopher,Randall,Male,29,England,White Collar,27.Nov.15,14187.24,1418.7240000000002
3387,100003388,Lily,Butler,Female,35,England,White Collar,27.Nov.15,5603.29,560.3290000000001
3388,100003389,Sonia,Hunter,Female,33,England,Blue Collar,27.Nov.15,40186.04,4018.6040000000003
3389,100003390,Wendy,Mills,Female,35,England,Other,27.Nov.15,54691.63,5469.1630000000005
3390,100003391,Owen,Cornish,Male,42,England,Blue Collar,27.Nov.15,71409.74,7140.974000000001
3391,100003392,Steven,Taylor,Male,33,England,White Collar,27.Nov.15,21424.46,2142.446
3392,100003393,Dylan,Parr,Male,38,England,White Collar,27.Nov.15,13849.75,1384.9750000000001
3393,100003394,Dylan,Berry,Male,25,England,Blue Collar,27.Nov.15,24366.36,2436.636
3394,100003395,Austin,Lyman,Male,33,England,Other,27.Nov.15,7716.87,771.687
3395,100003396,Jacob,Dickens,Male,44,England,White Collar,27.Nov.15,31063.54,3106.3540000000003
3396,100003397,Bella,Ellison,Female,30,England,White Collar,27.Nov.15,279.01,27.901
3397,100003398,Carl,Mills,Male,41,England,White Collar,27.Nov.15,11104.86,1110.486
3398,200003399,Alison,Stewart,Female,44,Scotland,Other,27.Nov.15,59401.58,5940.158
3399,200003400,Piers,Short,Male,52,Scotland,Other,27.Nov.15,48602.47,4860.247
3400,200003401,Angela,Butler,Female,47,Scotland,Other,27.Nov.15,97165.43,9716.543
3401,200003402,Peter,Dickens,Male,47,Scotland,Blue Collar,27.Nov.15,22946.04,2294.6040000000003
3402,200003403,Irene,Wilson,Female,61,Scotland,Blue Collar,27.Nov.15,1409.52,140.952
3403,200003404,Michael,Terry,Male,49,Scotland,Blue Collar,27.Nov.15,10315.47,1031.547
3404,200003405,Sebastian,Paterson,Male,63,Scotland,Blue Collar,27.Nov.15,36409.2,3640.92
3405,200003406,Benjamin,Hill,Male,32,Scotland,Blue Collar,27.Nov.15,21454.76,2145.476
3406,200003407,Sam,Wilson,Male,61,Scotland,Blue Collar,27.Nov.15,20606.21,2060.621
3407,300003408,Dan,Underwood,Male,30,Wales,White Collar,27.Nov.15,7049.66,704.966
3408,300003409,Dan,Vaughan,Male,18,Wales,Blue Collar,27.Nov.15,77682.0,7768.200000000001
3409,300003410,Leonard,Hodges,Male,31,Wales,Blue Collar,27.Nov.15,14625.23,1462.5230000000001
3410,300003411,David,Terry,Male,46,Wales,Other,27.Nov.15,38460.8,3846.0800000000004
3411,300003412,Karen,Marshall,Female,39,Wales,White Collar,27.Nov.15,48514.21,4851.421
3412,300003413,Christopher,Wright,Male,44,Wales,White Collar,27.Nov.15,26502.42,2650.242
3413,300003414,Sue,Wallace,Female,33,Wales,White Collar,27.Nov.15,71331.75,7133.175
3414,400003415,Amanda,Kerr,Female,19,Northern Ireland,Other,27.Nov.15,2184.18,218.418
3415,100003416,Heather,Quinn,Female,35,England,White Collar,28.Nov.15,14505.16,1450.516
3416,100003417,Liam,Robertson,Male,42,England,White Collar,28.Nov.15,43621.9,4362.1900000000005
3417,100003418,Yvonne,Edmunds,Female,37,England,Other,28.Nov.15,26478.35,2647.835
3418,100003419,Olivia,Duncan,Female,32,England,White Collar,28.Nov.15,26094.22,2609.4220000000005
3419,100003420,Sally,Cornish,Female,50,England,White Collar,28.Nov.15,26280.36,2628.036
3420,100003421,David,Clarkson,Male,25,England,Other,28.Nov.15,81820.9,8182.09
3421,100003422,Gabrielle,Turner,Female,25,England,White Collar,28.Nov.15,44240.78,4424.078
3422,100003423,Leonard,Allan,Male,32,England,White Collar,28.Nov.15,52696.94,5269.694
3423,200003424,Abigail,Blake,Female,50,Scotland,White Collar,28.Nov.15,39460.72,3946.072
3424,200003425,Rachel,Allan,Female,33,Scotland,White Collar,28.Nov.15,422.94,42.294000000000004
3425,200003426,Alan,Harris,Male,53,Scotland,Other,28.Nov.15,53354.74,5335.474
3426,200003427,Anthony,Mills,Male,51,Scotland,Other,28.Nov.15,32712.76,3271.276
3427,200003428,Dan,Morgan,Male,61,Scotland,Blue Collar,28.Nov.15,42862.41,4286.241000000001
3428,300003429,Alison,Young,Female,28,Wales,White Collar,28.Nov.15,3856.26,385.62600000000003
3429,300003430,Caroline,Dyer,Female,29,Wales,Blue Collar,28.Nov.15,23049.76,2304.976
3430,300003431,Diane,Springer,Female,24,Wales,Blue Collar,28.Nov.15,18858.69,1885.869
3431,300003432,Jennifer,Randall,Female,40,Wales,White Collar,28.Nov.15,42073.13,4207.313
3432,300003433,Sue,Randall,Female,35,Wales,White Collar,28.Nov.15,92788.65,9278.865
3433,100003434,Sue,Gill,Female,33,England,White Collar,29.Nov.15,12357.62,1235.7620000000002
3434,100003435,Phil,Berry,Male,31,England,White Collar,29.Nov.15,17452.2,1745.2200000000003
3435,100003436,Julia,Underwood,Female,36,England,Other,29.Nov.15,31377.37,3137.737
3436,100003437,Una,Ogden,Female,24,England,Other,29.Nov.15,54218.79,5421.879000000001
3437,100003438,Angela,Johnston,Female,32,England,White Collar,29.Nov.15,72066.5,7206.650000000001
3438,200003439,Phil,Mathis,Male,54,Scotland,Other,29.Nov.15,71935.8,7193.580000000001
3439,200003440,Owen,Fisher,Male,61,Scotland,Blue Collar,29.Nov.15,23509.64,2350.964
3440,200003441,William,Harris,Male,42,Scotland,Blue Collar,29.Nov.15,29640.92,2964.092
3441,300003442,Stewart,Marshall,Male,34,Wales,Other,29.Nov.15,43520.9,4352.09
3442,400003443,Abigail,MacLeod,Female,21,Northern Ireland,Blue Collar,29.Nov.15,51615.61,5161.561000000001
3443,100003444,Colin,Cornish,Male,25,England,White Collar,30.Nov.15,77624.38,7762.438000000001
3444,100003445,Kimberly,Dickens,Female,36,England,White Collar,30.Nov.15,50507.35,5050.735000000001
3445,100003446,Faith,Glover,Female,18,England,White Collar,30.Nov.15,93603.84,9360.384
3446,100003447,Yvonne,Morrison,Female,34,England,White Collar,30.Nov.15,5871.86,587.186
3447,100003448,Lucas,Abraham,Male,31,England,White Collar,30.Nov.15,5178.59,517.859
3448,100003449,Andrea,Welch,Female,39,England,White Collar,30.Nov.15,40554.67,4055.467
3449,100003450,Carl,Fraser,Male,35,England,White Collar,30.Nov.15,181680.99,18168.099
3450,100003451,Benjamin,MacDonald,Male,36,England,White Collar,30.Nov.15,30265.69,3026.569
3451,100003452,Edward,Allan,Male,40,England,Blue Collar,30.Nov.15,30954.9,3095.4900000000002
3452,100003453,Chloe,Davies,Female,36,England,Other,30.Nov.15,70684.35,7068.435000000001
3453,100003454,Felicity,James,Female,32,England,White Collar,30.Nov.15,98044.81,9804.481
3454,100003455,Julia,Mills,Female,39,England,White Collar,30.Nov.15,112000.36,11200.036
3455,100003456,Owen,Edmunds,Male,38,England,Blue Collar,30.Nov.15,20076.79,2007.679
3456,100003457,Anna,Mathis,Female,24,England,White Collar,30.Nov.15,97846.35,9784.635
3457,100003458,Claire,Bond,Female,45,England,White Collar,30.Nov.15,41909.74,4190.974
3458,200003459,Diana,Nash,Female,55,Scotland,White Collar,30.Nov.15,67876.94,6787.694
3459,200003460,Leonard,Cameron,Male,51,Scotland,Other,30.Nov.15,4573.26,457.326
3460,200003461,Claire,Edmunds,Female,56,Scotland,Other,30.Nov.15,4111.03,411.103
3461,200003462,Gavin,Welch,Male,44,Scotland,White Collar,30.Nov.15,38971.83,3897.1830000000004
3462,200003463,Luke,Black,Male,49,Scotland,Other,30.Nov.15,71307.31,7130.731
3463,200003464,Megan,Peters,Female,58,Scotland,Other,30.Nov.15,77504.67,7750.467000000001
3464,300003465,Wanda,Tucker,Female,42,Wales,White Collar,30.Nov.15,17189.69,1718.969
3465,300003466,Zoe,Randall,Female,44,Wales,Other,30.Nov.15,44752.01,4475.201
3466,300003467,Fiona,Powell,Female,31,Wales,White Collar,30.Nov.15,6052.52,605.2520000000001
3467,300003468,Stewart,Johnston,Male,41,Wales,Blue Collar,30.Nov.15,77.46,7.7459999999999996
3468,300003469,Rebecca,Vaughan,Female,37,Wales,White Collar,30.Nov.15,24898.45,2489.8450000000003
3469,300003470,Anna,Reid,Female,41,Wales,White Collar,30.Nov.15,11632.48,1163.248
3470,300003471,Wendy,Martin,Female,20,Wales,White Collar,30.Nov.15,68569.21,6856.921000000001
3471,400003472,Dorothy,Bell,Female,34,Northern Ireland,Blue Collar,30.Nov.15,15263.47,1526.347
3472,100003473,Joanne,Henderson,Female,42,England,White Collar,01.Dec.15,45276.8,4527.68
3473,100003474,William,Russell,Male,45,England,White Collar,01.Dec.15,40200.6,4020.06
3474,100003475,Fiona,Ferguson,Female,33,England,White Collar,01.Dec.15,12547.19,1254.719
3475,200003476,Deirdre,Morgan,Female,42,Scotland,Other,01.Dec.15,9013.24,901.3240000000001
3476,200003477,Julia,Roberts,Female,46,Scotland,Other,01.Dec.15,27886.21,2788.621
3477,200003478,Leonard,Ince,Male,43,Scotland,Blue Collar,01.Dec.15,53739.25,5373.925
3478,300003479,Ella,Henderson,Female,24,Wales,White Collar,01.Dec.15,17649.52,1764.9520000000002
3479,300003480,Piers,Wright,Male,44,Wales,White Collar,01.Dec.15,103404.37,10340.437
3480,100003481,Penelope,Ellison,Female,28,England,White Collar,02.Dec.15,104030.29,10403.029
3481,100003482,Nicola,Tucker,Female,34,England,White Collar,02.Dec.15,60071.77,6007.177
3482,100003483,Molly,Campbell,Female,42,England,White Collar,02.Dec.15,24501.0,2450.1
3483,100003484,Amanda,Parsons,Female,33,England,White Collar,02.Dec.15,20517.2,2051.7200000000003
3484,100003485,Edward,Lawrence,Male,21,England,White Collar,02.Dec.15,35057.97,3505.7970000000005
3485,100003486,Una,McLean,Female,40,England,White Collar,02.Dec.15,48099.01,4809.901000000001
3486,100003487,Rose,Parsons,Female,44,England,Other,02.Dec.15,11121.96,1112.196
3487,100003488,Molly,MacLeod,Female,44,England,Other,02.Dec.15,71313.5,7131.35
3488,100003489,Stewart,Hughes,Male,33,England,White Collar,02.Dec.15,7593.12,759.312
3489,100003490,Thomas,Rutherford,Male,29,England,Blue Collar,02.Dec.15,41898.47,4189.847000000001
3490,100003491,Michael,Bell,Male,37,England,Blue Collar,02.Dec.15,23034.44,2303.444
3491,200003492,Isaac,Springer,Male,57,Scotland,Other,02.Dec.15,87348.99,8734.899000000001
3492,200003493,Jane,Quinn,Female,53,Scotland,White Collar,02.Dec.15,8313.3,831.3299999999999
3493,200003494,Jason,Hemmings,Male,48,Scotland,Blue Collar,02.Dec.15,5703.79,570.379
3494,200003495,Jake,Abraham,Male,54,Scotland,Other,02.Dec.15,34664.0,3466.4
3495,200003496,Owen,Rampling,Male,43,Scotland,Blue Collar,02.Dec.15,30216.11,3021.6110000000003
3496,300003497,Rebecca,Howard,Female,30,Wales,Blue Collar,02.Dec.15,96.26,9.626000000000001
3497,100003498,Nicola,King,Female,36,England,White Collar,03.Dec.15,625.07,62.507000000000005
3498,100003499,Diane,Rutherford,Female,34,England,Other,03.Dec.15,39040.73,3904.0730000000003
3499,100003500,Peter,Mackay,Male,29,England,White Collar,03.Dec.15,135545.59,13554.559000000001
3500,100003501,Alan,Wright,Male,34,England,Other,03.Dec.15,133630.5,13363.050000000001
3501,100003502,Faith,Carr,Female,49,England,White Collar,03.Dec.15,72613.54,7261.353999999999
3502,100003503,Abigail,Abraham,Female,48,England,White Collar,03.Dec.15,35410.35,3541.035
3503,100003504,Carolyn,Nolan,Female,29,England,White Collar,03.Dec.15,53584.67,5358.467000000001
3504,100003505,Brandon,Butler,Male,31,England,White Collar,03.Dec.15,919.95,91.995
3505,100003506,Jennifer,Turner,Female,41,England,White Collar,03.Dec.15,121591.95,12159.195
3506,100003507,Dominic,Scott,Male,29,England,White Collar,03.Dec.15,50618.79,5061.879000000001
3507,100003508,Penelope,Harris,Female,42,England,Blue Collar,03.Dec.15,34017.93,3401.793
3508,100003509,Kylie,Payne,Female,40,England,White Collar,03.Dec.15,18739.17,1873.917
3509,100003510,Peter,King,Male,18,England,Other,03.Dec.15,18231.91,1823.191
3510,100003511,Yvonne,Grant,Female,40,England,White Collar,03.Dec.15,47276.63,4727.663
3511,100003512,Joseph,Young,Male,33,England,Blue Collar,03.Dec.15,48962.02,4896.202
3512,100003513,Bernadette,Black,Female,32,England,White Collar,03.Dec.15,32135.05,3213.505
3513,100003514,Nathan,Dowd,Male,31,England,Other,03.Dec.15,51754.08,5175.408
3514,100003515,Victor,Allan,Male,25,England,Blue Collar,03.Dec.15,2046.02,204.602
3515,100003516,Boris,Powell,Male,34,England,White Collar,03.Dec.15,43370.71,4337.071
3516,100003517,William,Sutherland,Male,33,England,White Collar,03.Dec.15,9165.84,916.5840000000001
3517,100003518,Audrey,Morgan,Female,28,England,White Collar,03.Dec.15,36852.63,3685.263
3518,100003519,Victoria,May,Female,25,England,White Collar,03.Dec.15,56604.06,5660.406
3519,100003520,Irene,Burgess,Female,28,England,Blue Collar,03.Dec.15,31878.71,3187.871
3520,200003521,Isaac,Langdon,Male,51,Scotland,Blue Collar,03.Dec.15,8142.18,814.2180000000001
3521,200003522,John,Rees,Male,52,Scotland,White Collar,03.Dec.15,105810.79,10581.079
3522,200003523,Keith,Poole,Male,47,Scotland,Blue Collar,03.Dec.15,5520.69,552.069
3523,200003524,Dominic,Taylor,Male,42,Scotland,Other,03.Dec.15,35698.04,3569.804
3524,200003525,Blake,North,Male,54,Scotland,Blue Collar,03.Dec.15,1473.57,147.357
3525,200003526,Ava,Jones,Female,52,Scotland,Other,03.Dec.15,61901.62,6190.162
3526,200003527,Amanda,Bower,Female,53,Scotland,Other,03.Dec.15,36741.01,3674.1010000000006
3527,200003528,Yvonne,Ellison,Female,41,Scotland,Other,03.Dec.15,10473.35,1047.335
3528,200003529,Sue,Underwood,Female,32,Scotland,Other,03.Dec.15,37920.84,3792.084
3529,200003530,Dylan,Clark,Male,27,Scotland,Blue Collar,03.Dec.15,73359.1,7335.910000000001
3530,200003531,Jacob,Paterson,Male,46,Scotland,Blue Collar,03.Dec.15,61806.36,6180.636
3531,200003532,Olivia,Baker,Female,47,Scotland,Other,03.Dec.15,34391.3,3439.1300000000006
3532,200003533,Steven,Ince,Male,50,Scotland,White Collar,03.Dec.15,30166.99,3016.6990000000005
3533,300003534,Audrey,Thomson,Female,18,Wales,White Collar,03.Dec.15,5557.32,555.732
3534,300003535,Stewart,Metcalfe,Male,38,Wales,Blue Collar,03.Dec.15,48829.47,4882.947
3535,300003536,Joe,Alsop,Male,30,Wales,Blue Collar,03.Dec.15,42827.0,4282.7
3536,100003537,Rebecca,Lyman,Female,40,England,Other,04.Dec.15,26011.48,2601.148
3537,100003538,Stewart,Anderson,Male,37,England,White Collar,04.Dec.15,8679.67,867.9670000000001
3538,100003539,Stewart,Langdon,Male,39,England,White Collar,04.Dec.15,38806.91,3880.6910000000007
3539,200003540,Nathan,Ogden,Male,57,Scotland,Blue Collar,04.Dec.15,5042.52,504.25200000000007
3540,200003541,Julian,Burgess,Male,37,Scotland,Other,04.Dec.15,61009.63,6100.963
3541,200003542,Harry,Sharp,Male,35,Scotland,Blue Collar,04.Dec.15,37041.11,3704.1110000000003
3542,200003543,Christian,Pullman,Male,50,Scotland,Other,04.Dec.15,78992.92,7899.292
3543,200003544,Kevin,Harris,Male,57,Scotland,Blue Collar,04.Dec.15,46060.29,4606.029
3544,200003545,Joan,Avery,Female,41,Scotland,White Collar,04.Dec.15,4833.02,483.3020000000001
3545,200003546,Gavin,Duncan,Male,56,Scotland,Other,04.Dec.15,6887.34,688.734
3546,200003547,David,Hemmings,Male,40,Scotland,Blue Collar,04.Dec.15,43604.8,4360.4800000000005
3547,200003548,Megan,Dyer,Female,51,Scotland,Other,04.Dec.15,58682.58,5868.258000000001
3548,300003549,Felicity,Lawrence,Female,44,Wales,Other,04.Dec.15,39986.1,3998.61
3549,100003550,Penelope,Chapman,Female,40,England,White Collar,05.Dec.15,32141.32,3214.132
3550,100003551,Sonia,Slater,Female,35,England,White Collar,05.Dec.15,23238.28,2323.828
3551,100003552,Chloe,Miller,Female,36,England,White Collar,05.Dec.15,23052.1,2305.21
3552,100003553,Matt,North,Male,34,England,White Collar,05.Dec.15,23744.57,2374.457
3553,100003554,Vanessa,Mathis,Female,32,England,Other,05.Dec.15,44949.1,4494.91
3554,100003555,Amy,Lambert,Female,40,England,Other,05.Dec.15,87234.69,8723.469000000001
3555,100003556,Katherine,Quinn,Female,36,England,White Collar,05.Dec.15,41867.19,4186.719
3556,100003557,John,Mackenzie,Male,20,England,White Collar,05.Dec.15,52109.92,5210.992
3557,100003558,Sam,Poole,Male,34,England,White Collar,05.Dec.15,251.67,25.167
3558,200003559,Phil,Powell,Male,37,Scotland,Blue Collar,05.Dec.15,12500.3,1250.03
3559,200003560,Yvonne,Davidson,Female,42,Scotland,Other,05.Dec.15,80857.57,8085.757000000001
3560,200003561,Stephen,McDonald,Male,30,Scotland,White Collar,05.Dec.15,31231.03,3123.103
3561,200003562,Leonard,Mackenzie,Male,48,Scotland,Blue Collar,05.Dec.15,11862.81,1186.281
3562,200003563,Andrew,Kerr,Male,38,Scotland,Other,05.Dec.15,48778.81,4877.881
3563,200003564,Ava,Piper,Female,58,Scotland,White Collar,05.Dec.15,22024.0,2202.4
3564,200003565,Tim,Graham,Male,48,Scotland,Other,05.Dec.15,21734.65,2173.465
3565,200003566,Amelia,Fraser,Female,46,Scotland,Other,05.Dec.15,22847.37,2284.737
3566,200003567,Evan,Mills,Male,48,Scotland,White Collar,05.Dec.15,81531.27,8153.127
3567,200003568,Stephanie,Cornish,Female,41,Scotland,Other,05.Dec.15,8910.56,891.056
3568,300003569,Andrea,Sutherland,Female,42,Wales,White Collar,05.Dec.15,27490.82,2749.0820000000003
3569,100003570,Matt,MacDonald,Male,31,England,Other,06.Dec.15,20763.6,2076.36
3570,100003571,Irene,Ross,Female,40,England,Other,06.Dec.15,73177.7,7317.77
3571,100003572,Deirdre,Grant,Female,32,England,White Collar,06.Dec.15,50282.25,5028.225
3572,100003573,Lisa,Manning,Female,22,England,Blue Collar,06.Dec.15,37906.5,3790.65
3573,100003574,Kimberly,Blake,Female,40,England,White Collar,06.Dec.15,50651.68,5065.168000000001
3574,100003575,Charles,Alsop,Male,26,England,Blue Collar,06.Dec.15,16466.56,1646.6560000000002
3575,100003576,Samantha,Wilkins,Female,27,England,White Collar,06.Dec.15,13854.47,1385.4470000000001
3576,100003577,Adrian,Tucker,Male,33,England,Blue Collar,06.Dec.15,36003.1,3600.31
3577,200003578,Caroline,Stewart,Female,35,Scotland,Other,06.Dec.15,5897.92,589.792
3578,200003579,Dan,Turner,Male,48,Scotland,Blue Collar,06.Dec.15,50224.02,5022.402
3579,200003580,Keith,Graham,Male,61,Scotland,Blue Collar,06.Dec.15,11242.54,1124.2540000000001
3580,200003581,Owen,Glover,Male,51,Scotland,Blue Collar,06.Dec.15,50865.75,5086.575000000001
3581,200003582,Tim,Stewart,Male,49,Scotland,Blue Collar,06.Dec.15,1018.95,101.89500000000001
3582,200003583,Richard,Bond,Male,48,Scotland,Other,06.Dec.15,65535.05,6553.505000000001
3583,100003584,Deirdre,Underwood,Female,36,England,White Collar,07.Dec.15,8942.95,894.2950000000001
3584,100003585,Dominic,Manning,Male,51,England,White Collar,07.Dec.15,36622.39,3662.239
3585,100003586,Molly,Brown,Female,31,England,White Collar,07.Dec.15,82376.44,8237.644
3586,100003587,Ruth,Churchill,Female,35,England,White Collar,07.Dec.15,9096.77,909.6770000000001
3587,100003588,Gavin,Dickens,Male,28,England,White Collar,07.Dec.15,18938.2,1893.8200000000002
3588,100003589,Andrea,Short,Female,40,England,Blue Collar,07.Dec.15,114118.53,11411.853000000001
3589,100003590,Mary,Ball,Female,34,England,Blue Collar,07.Dec.15,55704.09,5570.409
3590,100003591,Carl,Ferguson,Male,39,England,White Collar,07.Dec.15,14024.55,1402.455
3591,100003592,Carol,Manning,Female,41,England,White Collar,07.Dec.15,82862.85,8286.285000000002
3592,100003593,Warren,Lee,Male,31,England,White Collar,07.Dec.15,10247.13,1024.713
3593,100003594,Joshua,Dyer,Male,42,England,White Collar,07.Dec.15,71219.4,7121.94
3594,100003595,Caroline,Bell,Female,36,England,Blue Collar,07.Dec.15,72728.32,7272.832000000001
3595,100003596,Cameron,Watson,Male,31,England,White Collar,07.Dec.15,24574.84,2457.484
3596,100003597,Bernadette,Kerr,Female,37,England,White Collar,07.Dec.15,32122.47,3212.2470000000003
3597,100003598,Rose,Arnold,Female,33,England,White Collar,07.Dec.15,15241.21,1524.121
3598,100003599,Sebastian,Davidson,Male,26,England,White Collar,07.Dec.15,28355.66,2835.5660000000003
3599,100003600,Christopher,Clark,Male,39,England,White Collar,07.Dec.15,15830.77,1583.0770000000002
3600,100003601,Gavin,May,Male,33,England,White Collar,07.Dec.15,73297.04,7329.704
3601,100003602,Alexander,Ferguson,Male,27,England,Blue Collar,07.Dec.15,14601.99,1460.199
3602,100003603,John,Knox,Male,40,England,White Collar,07.Dec.15,18220.43,1822.0430000000001
3603,200003604,Rebecca,Mathis,Female,46,Scotland,Other,07.Dec.15,43705.96,4370.5960000000005
3604,200003605,Fiona,Vaughan,Female,49,Scotland,Other,07.Dec.15,47764.94,4776.494000000001
3605,200003606,Gordon,Walsh,Male,60,Scotland,Other,07.Dec.15,64373.74,6437.374
3606,200003607,Molly,Cameron,Female,46,Scotland,Other,07.Dec.15,79599.33,7959.933000000001
3607,200003608,Angela,Sharp,Female,57,Scotland,White Collar,07.Dec.15,26794.48,2679.4480000000003
3608,200003609,Connor,Parr,Male,39,Scotland,Other,07.Dec.15,74775.98,7477.598
3609,200003610,Paul,Sharp,Male,33,Scotland,Blue Collar,07.Dec.15,45820.39,4582.039
3610,200003611,Madeleine,Forsyth,Female,48,Scotland,Other,07.Dec.15,63490.36,6349.036
3611,200003612,Hannah,Slater,Female,56,Scotland,Blue Collar,07.Dec.15,32792.43,3279.2430000000004
3612,100003613,Alexandra,Greene,Female,34,England,White Collar,08.Dec.15,29587.31,2958.731
3613,100003614,Lillian,Walsh,Female,42,England,White Collar,08.Dec.15,33307.35,3330.735
3614,100003615,Victor,Ball,Male,36,England,White Collar,08.Dec.15,31628.04,3162.804
3615,100003616,John,Welch,Male,41,England,White Collar,08.Dec.15,24913.78,2491.378
3616,200003617,Kevin,Knox,Male,45,Scotland,White Collar,08.Dec.15,89524.95,8952.495
3617,200003618,Lillian,Wilkins,Female,49,Scotland,Other,08.Dec.15,38447.9,3844.7900000000004
3618,200003619,Nicholas,Alsop,Male,48,Scotland,Other,08.Dec.15,43730.24,4373.024
3619,200003620,Stewart,Sharp,Male,44,Scotland,Blue Collar,08.Dec.15,65358.53,6535.853
3620,100003621,Steven,MacLeod,Male,28,England,Blue Collar,09.Dec.15,6747.52,674.7520000000001
3621,100003622,Vanessa,McLean,Female,26,England,White Collar,09.Dec.15,22897.58,2289.7580000000003
3622,200003623,Anne,Chapman,Female,54,Scotland,Other,09.Dec.15,43204.63,4320.463
3623,200003624,Harry,Mathis,Male,48,Scotland,White Collar,09.Dec.15,71225.87,7122.5869999999995
3624,200003625,Brian,Burgess,Male,43,Scotland,Blue Collar,09.Dec.15,29782.79,2978.2790000000005
3625,200003626,Isaac,Hamilton,Male,52,Scotland,Other,09.Dec.15,13622.87,1362.2870000000003
3626,100003627,Jason,Baker,Male,30,England,White Collar,10.Dec.15,47550.08,4755.008000000001
3627,100003628,Jack,Walsh,Male,33,England,White Collar,10.Dec.15,20091.28,2009.128
3628,100003629,Owen,Morrison,Male,21,England,White Collar,10.Dec.15,22103.13,2210.313
3629,100003630,Joanne,Randall,Female,31,England,White Collar,10.Dec.15,25012.17,2501.217
3630,100003631,Elizabeth,Tucker,Female,43,England,White Collar,10.Dec.15,55352.18,5535.218000000001
3631,100003632,Justin,Marshall,Male,38,England,White Collar,10.Dec.15,27303.89,2730.389
3632,100003633,Dominic,Randall,Male,48,England,White Collar,10.Dec.15,21250.29,2125.029
3633,100003634,Diane,Pullman,Female,49,England,White Collar,10.Dec.15,34375.08,3437.5080000000003
3634,100003635,Grace,Rees,Female,44,England,White Collar,10.Dec.15,49219.74,4921.974
3635,100003636,Anna,King,Female,23,England,White Collar,10.Dec.15,44620.56,4462.056
3636,100003637,Fiona,Manning,Female,31,England,White Collar,10.Dec.15,92983.44,9298.344000000001
3637,100003638,Vanessa,Hunter,Female,40,England,White Collar,10.Dec.15,10266.95,1026.6950000000002
3638,100003639,Ryan,Sutherland,Male,31,England,Other,10.Dec.15,55173.03,5517.303
3639,100003640,Adam,Short,Male,35,England,Blue Collar,10.Dec.15,51009.01,5100.901000000001
3640,100003641,Gordon,Hill,Male,34,England,White Collar,10.Dec.15,41640.88,4164.088
3641,100003642,Katherine,Dowd,Female,26,England,Other,10.Dec.15,4212.36,421.236
3642,100003643,Luke,Lawrence,Male,27,England,White Collar,10.Dec.15,92610.22,9261.022
3643,100003644,Joanne,Davies,Female,31,England,White Collar,10.Dec.15,29053.97,2905.3970000000004
3644,200003645,Adrian,Forsyth,Male,52,Scotland,Blue Collar,10.Dec.15,69036.02,6903.602000000001
3645,200003646,Keith,Young,Male,58,Scotland,Other,10.Dec.15,28310.16,2831.016
3646,200003647,James,Wallace,Male,47,Scotland,Other,10.Dec.15,54547.24,5454.724
3647,200003648,Jason,Young,Male,40,Scotland,Other,10.Dec.15,9554.52,955.4520000000001
3648,200003649,Lillian,Vaughan,Female,53,Scotland,Other,10.Dec.15,81863.36,8186.336
3649,200003650,Thomas,Fraser,Male,51,Scotland,Blue Collar,10.Dec.15,5018.31,501.8310000000001
3650,200003651,Blake,Jackson,Male,63,Scotland,Blue Collar,10.Dec.15,36281.44,3628.1440000000002
3651,200003652,Kylie,Quinn,Female,49,Scotland,Other,10.Dec.15,49277.0,4927.700000000001
3652,200003653,Connor,Gray,Male,54,Scotland,Blue Collar,10.Dec.15,108968.26,10896.826000000001
3653,300003654,Melanie,Short,Female,42,Wales,White Collar,10.Dec.15,9904.77,990.4770000000001
3654,300003655,Faith,Parsons,Female,41,Wales,Other,10.Dec.15,19485.71,1948.571
3655,300003656,Samantha,Edmunds,Female,29,Wales,White Collar,10.Dec.15,9471.18,947.118
3656,300003657,Emily,Miller,Female,38,Wales,Other,10.Dec.15,94773.07,9477.307
3657,100003658,Ruth,MacDonald,Female,35,England,White Collar,11.Dec.15,123357.17,12335.717
3658,100003659,Andrea,Wallace,Female,44,England,Other,11.Dec.15,32865.62,3286.5620000000004
3659,100003660,Jason,Coleman,Male,24,England,Blue Collar,11.Dec.15,123346.44,12334.644
3660,200003661,Keith,Reid,Male,20,Scotland,Blue Collar,11.Dec.15,3715.81,371.581
3661,200003662,Mary,Young,Female,50,Scotland,Other,11.Dec.15,67803.35,6780.335000000001
3662,200003663,Kevin,Hill,Male,47,Scotland,Blue Collar,11.Dec.15,11644.61,1164.461
3663,300003664,Victor,Lee,Male,41,Wales,White Collar,11.Dec.15,17160.06,1716.0060000000003
3664,100003665,Paul,Baker,Male,46,England,White Collar,12.Dec.15,29931.26,2993.126
3665,100003666,Pippa,Lee,Female,41,England,Other,12.Dec.15,18206.83,1820.6830000000002
3666,100003667,Diane,Slater,Female,42,England,White Collar,12.Dec.15,72596.02,7259.602000000001
3667,100003668,Abigail,Smith,Female,36,England,White Collar,12.Dec.15,14544.43,1454.4430000000002
3668,100003669,Pippa,Newman,Female,36,England,White Collar,12.Dec.15,72042.13,7204.213000000001
3669,100003670,Lisa,Black,Female,37,England,White Collar,12.Dec.15,49587.2,4958.72
3670,100003671,Melanie,Clark,Female,32,England,Blue Collar,12.Dec.15,28086.32,2808.632
3671,100003672,Anna,Poole,Female,24,England,Other,12.Dec.15,17946.83,1794.6830000000002
3672,100003673,Natalie,Forsyth,Female,34,England,White Collar,12.Dec.15,77383.45,7738.345
3673,200003674,Emily,Russell,Female,54,Scotland,Other,12.Dec.15,34767.58,3476.7580000000003
3674,200003675,Lucas,Wright,Male,44,Scotland,Blue Collar,12.Dec.15,60052.58,6005.258000000001
3675,200003676,Christopher,Mitchell,Male,57,Scotland,Blue Collar,12.Dec.15,78221.89,7822.189
3676,200003677,Anthony,Lewis,Male,64,Scotland,Blue Collar,12.Dec.15,48456.48,4845.648
3677,300003678,Edward,Scott,Male,34,Wales,White Collar,12.Dec.15,25458.38,2545.838
3678,300003679,Andrea,Ross,Female,39,Wales,Other,12.Dec.15,25974.49,2597.4490000000005
3679,100003680,Ruth,Rees,Female,42,England,White Collar,13.Dec.15,22087.64,2208.764
3680,100003681,Leah,Roberts,Female,35,England,Other,13.Dec.15,16482.84,1648.284
3681,100003682,David,Watson,Male,28,England,White Collar,13.Dec.15,40037.6,4003.76
3682,100003683,David,Rampling,Male,33,England,White Collar,13.Dec.15,53759.34,5375.934
3683,100003684,Dan,Lawrence,Male,36,England,Other,13.Dec.15,13698.63,1369.863
3684,100003685,Brian,Abraham,Male,27,England,White Collar,13.Dec.15,77898.09,7789.809
3685,100003686,Audrey,Cameron,Female,28,England,Blue Collar,13.Dec.15,16210.13,1621.013
3686,100003687,Ruth,Avery,Female,33,England,White Collar,13.Dec.15,60116.4,6011.64
3687,100003688,Penelope,Anderson,Female,31,England,Blue Collar,13.Dec.15,29943.33,2994.3330000000005
3688,100003689,Ryan,Oliver,Male,36,England,White Collar,13.Dec.15,3629.45,362.945
3689,100003690,Anne,Fraser,Female,29,England,Blue Collar,13.Dec.15,18800.25,1880.025
3690,200003691,Una,McDonald,Female,53,Scotland,Other,13.Dec.15,47265.41,4726.541
3691,200003692,Edward,Pullman,Male,52,Scotland,White Collar,13.Dec.15,14788.77,1478.8770000000002
3692,200003693,Christopher,Churchill,Male,37,Scotland,Blue Collar,13.Dec.15,4368.71,436.87100000000004
3693,200003694,Christopher,Graham,Male,39,Scotland,Blue Collar,13.Dec.15,37602.39,3760.239
3694,200003695,Dylan,Parr,Male,49,Scotland,Other,13.Dec.15,40878.43,4087.8430000000003
3695,200003696,Ian,Hamilton,Male,48,Scotland,Other,13.Dec.15,46551.52,4655.152
3696,200003697,Adrian,Alsop,Male,52,Scotland,Blue Collar,13.Dec.15,19297.55,1929.755
3697,200003698,Harry,Martin,Male,50,Scotland,Blue Collar,13.Dec.15,20655.58,2065.5580000000004
3698,200003699,Phil,Carr,Male,48,Scotland,Blue Collar,13.Dec.15,11035.0,1103.5
3699,200003700,Lucas,Cornish,Male,54,Scotland,Blue Collar,13.Dec.15,26905.37,2690.5370000000003
3700,200003701,Donna,Powell,Female,53,Scotland,Other,13.Dec.15,71809.45,7180.945
3701,200003702,Jake,Alsop,Male,47,Scotland,Other,13.Dec.15,37150.04,3715.0040000000004
3702,200003703,Deirdre,Mitchell,Female,28,Scotland,Other,13.Dec.15,33797.54,3379.7540000000004
3703,300003704,Liam,Paterson,Male,35,Wales,Blue Collar,13.Dec.15,12738.86,1273.8860000000002
3704,300003705,Julia,Abraham,Female,39,Wales,White Collar,13.Dec.15,3810.47,381.047
3705,300003706,Gordon,Ross,Male,34,Wales,Other,13.Dec.15,15746.62,1574.6620000000003
3706,300003707,Dominic,McLean,Male,35,Wales,Other,13.Dec.15,104813.21,10481.321000000002
3707,100003708,Yvonne,Hardacre,Female,47,England,White Collar,14.Dec.15,64712.17,6471.217000000001
3708,100003709,Matt,Hamilton,Male,24,England,White Collar,14.Dec.15,25781.13,2578.1130000000003
3709,100003710,Sarah,Lawrence,Female,25,England,Other,14.Dec.15,39374.75,3937.4750000000004
3710,100003711,Kimberly,Oliver,Female,39,England,White Collar,14.Dec.15,27715.6,2771.56
3711,100003712,Amelia,Arnold,Female,41,England,White Collar,14.Dec.15,916.89,91.68900000000001
3712,100003713,Yvonne,Mathis,Female,35,England,White Collar,14.Dec.15,19857.59,1985.759
3713,100003714,William,Clark,Male,28,England,White Collar,14.Dec.15,51953.67,5195.367
3714,100003715,Molly,Young,Female,36,England,White Collar,14.Dec.15,125690.43,12569.043
3715,100003716,Andrew,Parr,Male,36,England,Blue Collar,14.Dec.15,46983.45,4698.345
3716,200003717,Austin,Blake,Male,38,Scotland,Other,14.Dec.15,7218.79,721.879
3717,200003718,Boris,Russell,Male,38,Scotland,Other,14.Dec.15,54828.36,5482.836
3718,200003719,Michael,Sanderson,Male,48,Scotland,Blue Collar,14.Dec.15,32412.76,3241.276
3719,200003720,Owen,Slater,Male,49,Scotland,Other,14.Dec.15,19921.89,1992.189
3720,200003721,Victor,Arnold,Male,57,Scotland,Blue Collar,14.Dec.15,12857.71,1285.771
3721,200003722,Joseph,Watson,Male,37,Scotland,Blue Collar,14.Dec.15,9217.66,921.7660000000001
3722,200003723,Blake,Watson,Male,61,Scotland,Blue Collar,14.Dec.15,42052.1,4205.21
3723,300003724,Sebastian,White,Male,46,Wales,Blue Collar,14.Dec.15,3002.2,300.21999999999997
3724,300003725,Lily,Vaughan,Female,36,Wales,White Collar,14.Dec.15,24781.08,2478.108
3725,300003726,Donna,Hart,Female,38,Wales,White Collar,14.Dec.15,30894.97,3089.4970000000003
3726,100003727,Nathan,Bailey,Male,31,England,White Collar,15.Dec.15,42049.89,4204.9890000000005
3727,100003728,Michael,Abraham,Male,35,England,Other,15.Dec.15,26728.0,2672.8
3728,100003729,Joshua,Hart,Male,33,England,White Collar,15.Dec.15,22448.82,2244.882
3729,100003730,Anna,Berry,Female,40,England,White Collar,15.Dec.15,30815.39,3081.539
3730,100003731,Anna,McDonald,Female,42,England,White Collar,15.Dec.15,85207.93,8520.793
3731,100003732,Faith,Ince,Female,34,England,White Collar,15.Dec.15,143879.62,14387.962
3732,100003733,Wendy,Mitchell,Female,28,England,Blue Collar,15.Dec.15,13618.72,1361.872
3733,100003734,Joseph,Cameron,Male,43,England,White Collar,15.Dec.15,91470.56,9147.056
3734,100003735,James,Jackson,Male,32,England,White Collar,15.Dec.15,63106.43,6310.643
3735,100003736,Piers,Scott,Male,33,England,White Collar,15.Dec.15,66452.64,6645.264
3736,100003737,Sean,Gray,Male,34,England,White Collar,15.Dec.15,3531.34,353.134
3737,100003738,David,Brew,Male,24,England,White Collar,15.Dec.15,65072.93,6507.293000000001
3738,200003739,Victor,Robertson,Male,57,Scotland,Blue Collar,15.Dec.15,63027.96,6302.796
3739,200003740,Chloe,Robertson,Female,42,Scotland,Blue Collar,15.Dec.15,15178.11,1517.8110000000001
3740,200003741,James,Reid,Male,49,Scotland,Other,15.Dec.15,85903.66,8590.366
3741,300003742,Neil,Marshall,Male,22,Wales,White Collar,15.Dec.15,40668.9,4066.8900000000003
3742,400003743,Keith,Davies,Male,19,Northern Ireland,Other,15.Dec.15,50562.98,5056.298000000001
3743,100003744,Christian,Brown,Male,36,England,White Collar,16.Dec.15,61027.02,6102.702
3744,100003745,Caroline,Nash,Female,26,England,White Collar,16.Dec.15,3974.04,397.404
3745,100003746,Kylie,Chapman,Female,35,England,White Collar,16.Dec.15,28148.92,2814.892
3746,100003747,Andrea,Howard,Female,37,England,Blue Collar,16.Dec.15,61138.64,6113.8640000000005
3747,100003748,Gavin,Avery,Male,38,England,Other,16.Dec.15,56516.64,5651.664000000001
3748,100003749,Jan,Powell,Female,45,England,Other,16.Dec.15,62529.53,6252.953
3749,100003750,Lucas,Mackay,Male,29,England,White Collar,16.Dec.15,27985.16,2798.516
3750,100003751,Heather,Vaughan,Female,37,England,White Collar,16.Dec.15,81383.21,8138.321000000001
3751,100003752,Audrey,Lawrence,Female,33,England,White Collar,16.Dec.15,48715.23,4871.523
3752,100003753,Julian,Mitchell,Male,30,England,Blue Collar,16.Dec.15,6983.32,698.332
3753,100003754,William,Dowd,Male,36,England,White Collar,16.Dec.15,66519.95,6651.995
3754,100003755,Carol,Henderson,Female,45,England,White Collar,16.Dec.15,69805.45,6980.545
3755,100003756,Lillian,Black,Female,45,England,White Collar,16.Dec.15,1439.15,143.91500000000002
3756,100003757,Kylie,Powell,Female,38,England,White Collar,16.Dec.15,3876.27,387.627
3757,100003758,Joshua,Peake,Male,30,England,White Collar,16.Dec.15,29433.64,2943.364
3758,100003759,Alison,Hodges,Female,34,England,Blue Collar,16.Dec.15,91324.46,9132.446000000002
3759,100003760,Olivia,Skinner,Female,27,England,White Collar,16.Dec.15,42901.77,4290.177
3760,100003761,Kevin,Hunter,Male,33,England,White Collar,16.Dec.15,116577.61,11657.761
3761,100003762,Ryan,McLean,Male,35,England,White Collar,16.Dec.15,34377.4,3437.7400000000002
3762,100003763,Alexandra,Hill,Female,44,England,Other,16.Dec.15,14563.87,1456.3870000000002
3763,100003764,Anna,Roberts,Female,34,England,Blue Collar,16.Dec.15,41064.35,4106.435
3764,100003765,Alberto,Mathis,Male,33,England,White Collar,16.Dec.15,69416.18,6941.6179999999995
3765,200003766,Olivia,Mackay,Female,60,Scotland,Other,16.Dec.15,67913.86,6791.386
3766,200003767,Alexandra,Powell,Female,40,Scotland,Other,16.Dec.15,16469.27,1646.9270000000001
3767,200003768,Isaac,McGrath,Male,56,Scotland,Blue Collar,16.Dec.15,93164.29,9316.429
3768,200003769,Leonard,Carr,Male,61,Scotland,Other,16.Dec.15,55421.45,5542.145
3769,200003770,Kimberly,Thomson,Female,55,Scotland,Blue Collar,16.Dec.15,33460.57,3346.0570000000002
3770,200003771,Dylan,Lee,Male,25,Scotland,Blue Collar,16.Dec.15,12294.54,1229.4540000000002
3771,200003772,Leonard,Miller,Male,53,Scotland,Blue Collar,16.Dec.15,114059.89,11405.989000000001
3772,200003773,Trevor,Tucker,Male,43,Scotland,Blue Collar,16.Dec.15,44371.75,4437.175
3773,200003774,Dylan,Walker,Male,51,Scotland,Blue Collar,16.Dec.15,54174.88,5417.488
3774,300003775,Sean,Abraham,Male,29,Wales,Blue Collar,16.Dec.15,29909.03,2990.9030000000002
3775,300003776,Olivia,Watson,Female,37,Wales,White Collar,16.Dec.15,92953.31,9295.331
3776,300003777,Rachel,Dickens,Female,36,Wales,Other,16.Dec.15,60441.82,6044.182000000001
3777,300003778,Lillian,Russell,Female,45,Wales,Other,16.Dec.15,86475.8,8647.58
3778,300003779,Lisa,Mackay,Female,32,Wales,White Collar,16.Dec.15,27274.97,2727.4970000000003
3779,100003780,Phil,Greene,Male,36,England,Blue Collar,17.Dec.15,40728.66,4072.8660000000004
3780,100003781,Jason,MacDonald,Male,32,England,White Collar,17.Dec.15,42956.77,4295.677
3781,100003782,Stephanie,Forsyth,Female,32,England,White Collar,17.Dec.15,51475.16,5147.5160000000005
3782,100003783,Christopher,Rampling,Male,32,England,White Collar,17.Dec.15,36780.87,3678.0870000000004
3783,100003784,Victor,King,Male,40,England,White Collar,17.Dec.15,3890.53,389.05300000000005
3784,100003785,Una,Newman,Female,26,England,White Collar,17.Dec.15,83372.36,8337.236
3785,100003786,Gavin,Hart,Male,35,England,White Collar,17.Dec.15,137981.62,13798.162
3786,100003787,Jonathan,Allan,Male,32,England,Blue Collar,17.Dec.15,17056.8,1705.68
3787,100003788,Jane,Short,Female,29,England,White Collar,17.Dec.15,5312.07,531.207
3788,100003789,Alberto,Langdon,Male,25,England,Other,17.Dec.15,44515.32,4451.532
3789,200003790,Mary,White,Female,49,Scotland,Other,17.Dec.15,7873.92,787.392
3790,200003791,Bernadette,Davidson,Female,49,Scotland,Other,17.Dec.15,5981.41,598.141
3791,200003792,Michael,Forsyth,Male,54,Scotland,Blue Collar,17.Dec.15,25766.83,2576.6830000000004
3792,200003793,Sophie,Glover,Female,55,Scotland,Other,17.Dec.15,100995.05,10099.505000000001
3793,200003794,Carl,Kerr,Male,60,Scotland,Blue Collar,17.Dec.15,22118.93,2211.893
3794,200003795,Richard,Mills,Male,48,Scotland,Blue Collar,17.Dec.15,2840.77,284.077
3795,200003796,Anthony,Anderson,Male,48,Scotland,Other,17.Dec.15,54607.76,5460.776000000001
3796,100003797,Adam,Henderson,Male,39,England,White Collar,18.Dec.15,55454.96,5545.496
3797,100003798,Victor,White,Male,31,England,White Collar,18.Dec.15,32293.11,3229.311
3798,100003799,Melanie,Gray,Female,36,England,White Collar,18.Dec.15,20254.46,2025.446
3799,100003800,Ludwig,Nash,Male,32,England,Other,18.Dec.15,4983.93,498.39300000000003
3800,200003801,Jasmine,Davies,Female,54,Scotland,Other,18.Dec.15,61439.56,6143.956
3801,200003802,Rose,McGrath,Female,46,Scotland,White Collar,18.Dec.15,10394.28,1039.428
3802,200003803,Wendy,Alsop,Female,44,Scotland,Other,18.Dec.15,60444.7,6044.47
3803,300003804,David,Anderson,Male,34,Wales,White Collar,18.Dec.15,40380.07,4038.007
3804,100003805,Mary,MacDonald,Female,36,England,Blue Collar,19.Dec.15,88957.46,8895.746000000001
3805,100003806,Sue,Rees,Female,22,England,White Collar,19.Dec.15,15613.06,1561.306
3806,100003807,Boris,Hamilton,Male,23,England,White Collar,19.Dec.15,68508.87,6850.887
3807,100003808,Sebastian,Robertson,Male,35,England,White Collar,19.Dec.15,40309.87,4030.9870000000005
3808,100003809,Rose,Coleman,Female,37,England,White Collar,19.Dec.15,32132.56,3213.2560000000003
3809,100003810,Alexandra,Davidson,Female,23,England,White Collar,19.Dec.15,47114.15,4711.415
3810,100003811,Molly,Coleman,Female,30,England,White Collar,19.Dec.15,16703.14,1670.314
3811,100003812,Alexander,Parsons,Male,32,England,White Collar,19.Dec.15,56233.65,5623.365000000001
3812,100003813,Penelope,Terry,Female,48,England,White Collar,19.Dec.15,45166.76,4516.676
3813,100003814,Lucas,Rees,Male,29,England,White Collar,19.Dec.15,25665.76,2566.576
3814,100003815,Emily,Scott,Female,36,England,White Collar,19.Dec.15,30604.28,3060.428
3815,100003816,Diana,Payne,Female,37,England,White Collar,19.Dec.15,27959.65,2795.965
3816,100003817,Brandon,Lewis,Male,29,England,White Collar,19.Dec.15,51239.25,5123.925
3817,100003818,Joan,Glover,Female,46,England,Other,19.Dec.15,71257.04,7125.704
3818,100003819,John,Abraham,Male,40,England,White Collar,19.Dec.15,9785.44,978.5440000000001
3819,100003820,Hans,Dickens,Male,39,England,White Collar,19.Dec.15,11024.75,1102.4750000000001
3820,200003821,Cameron,Parsons,Male,45,Scotland,Blue Collar,19.Dec.15,2583.75,258.375
3821,200003822,Matt,Murray,Male,53,Scotland,White Collar,19.Dec.15,43361.73,4336.173000000001
3822,200003823,Jason,Gibson,Male,42,Scotland,Other,19.Dec.15,30923.4,3092.34
3823,200003824,Stephanie,Simpson,Female,42,Scotland,Other,19.Dec.15,56135.18,5613.518
3824,200003825,Harry,Nolan,Male,58,Scotland,Blue Collar,19.Dec.15,10235.19,1023.5190000000001
3825,300003826,Amy,Wallace,Female,33,Wales,White Collar,19.Dec.15,76628.68,7662.8679999999995
3826,300003827,Olivia,Henderson,Female,28,Wales,White Collar,19.Dec.15,49068.58,4906.858
3827,100003828,Emily,Churchill,Female,42,England,Other,20.Dec.15,61434.51,6143.451000000001
3828,100003829,Caroline,Skinner,Female,34,England,White Collar,20.Dec.15,3682.9,368.29
3829,100003830,Faith,Scott,Female,24,England,White Collar,20.Dec.15,59597.09,5959.709
3830,100003831,Lily,Reid,Female,36,England,White Collar,20.Dec.15,15805.36,1580.536
3831,100003832,Sebastian,Arnold,Male,44,England,Blue Collar,20.Dec.15,161517.82,16151.782000000001
3832,100003833,Tracey,Hardacre,Female,34,England,White Collar,20.Dec.15,4300.94,430.094
3833,100003834,Maria,Hill,Female,28,England,Other,20.Dec.15,68799.11,6879.911
3834,100003835,Grace,Ross,Female,27,England,White Collar,20.Dec.15,55631.78,5563.178
3835,100003836,Victoria,Arnold,Female,34,England,Blue Collar,20.Dec.15,15667.57,1566.757
3836,100003837,Ruth,Bailey,Female,31,England,White Collar,20.Dec.15,48927.48,4892.7480000000005
3837,100003838,Samuel,Baker,Male,36,England,White Collar,20.Dec.15,42161.49,4216.149
3838,200003839,William,Lewis,Male,49,Scotland,Other,20.Dec.15,44251.15,4425.115000000001
3839,200003840,Alison,Allan,Female,46,Scotland,Other,20.Dec.15,15479.42,1547.942
3840,200003841,Trevor,Avery,Male,46,Scotland,Blue Collar,20.Dec.15,87484.96,8748.496000000001
3841,200003842,Christopher,Hart,Male,54,Scotland,Blue Collar,20.Dec.15,8216.23,821.623
3842,200003843,Colin,Mackenzie,Male,39,Scotland,Blue Collar,20.Dec.15,177.28,17.728
3843,200003844,Penelope,Langdon,Female,42,Scotland,Other,20.Dec.15,1063.2,106.32000000000001
3844,300003845,Jonathan,MacLeod,Male,34,Wales,White Collar,20.Dec.15,62326.7,6232.67
3845,300003846,Elizabeth,Payne,Female,35,Wales,Other,20.Dec.15,42743.0,4274.3
3846,400003847,Donna,Lambert,Female,34,Northern Ireland,White Collar,20.Dec.15,87664.15,8766.414999999999
3847,400003848,Carolyn,Dowd,Female,52,Northern Ireland,Other,20.Dec.15,118676.95,11867.695
3848,100003849,Katherine,Avery,Female,32,England,Blue Collar,21.Dec.15,10488.42,1048.842
3849,100003850,Angela,Bond,Female,38,England,White Collar,21.Dec.15,2845.03,284.50300000000004
3850,100003851,Audrey,Burgess,Female,26,England,White Collar,21.Dec.15,54926.14,5492.6140000000005
3851,100003852,Julian,MacLeod,Male,34,England,Blue Collar,21.Dec.15,36020.52,3602.0519999999997
3852,100003853,Jack,Allan,Male,28,England,Blue Collar,21.Dec.15,54458.54,5445.854
3853,100003854,Wanda,Howard,Female,22,England,White Collar,21.Dec.15,80667.65,8066.764999999999
3854,100003855,Frank,Simpson,Male,27,England,White Collar,21.Dec.15,22525.46,2252.546
3855,100003856,Samson,James,Male,37,England,Blue Collar,21.Dec.15,23108.88,2310.8880000000004
3856,200003857,Joshua,Morrison,Male,50,Scotland,Blue Collar,21.Dec.15,37788.14,3778.8140000000003
3857,200003858,Ruth,Carr,Female,43,Scotland,Other,21.Dec.15,3297.32,329.732
3858,200003859,Jonathan,Cornish,Male,33,Scotland,White Collar,21.Dec.15,655.36,65.536
3859,200003860,Joe,Welch,Male,61,Scotland,Blue Collar,21.Dec.15,36149.33,3614.9330000000004
3860,200003861,Eric,Hamilton,Male,56,Scotland,Blue Collar,21.Dec.15,740.2,74.02000000000001
3861,200003862,Nathan,Turner,Male,42,Scotland,Blue Collar,21.Dec.15,41989.44,4198.944
3862,200003863,Owen,Ball,Male,54,Scotland,Blue Collar,21.Dec.15,29769.98,2976.998
3863,300003864,Bernadette,Hughes,Female,37,Wales,Blue Collar,21.Dec.15,101532.72,10153.272
3864,100003865,Carl,Hemmings,Male,36,England,White Collar,22.Dec.15,7729.82,772.982
3865,100003866,Sally,Campbell,Female,38,England,Blue Collar,22.Dec.15,94159.68,9415.967999999999
3866,100003867,Jonathan,Peters,Male,30,England,Blue Collar,22.Dec.15,108224.88,10822.488000000001
3867,100003868,Joshua,Stewart,Male,37,England,Blue Collar,22.Dec.15,17331.37,1733.137
3868,100003869,Ivan,Taylor,Male,27,England,White Collar,22.Dec.15,35451.37,3545.1370000000006
3869,200003870,Diana,MacLeod,Female,60,Scotland,Other,22.Dec.15,28541.14,2854.114
3870,200003871,Mary,Robertson,Female,44,Scotland,Other,22.Dec.15,14635.36,1463.536
3871,300003872,Gavin,Young,Male,45,Wales,White Collar,22.Dec.15,28483.25,2848.3250000000003
3872,100003873,Victor,Stewart,Male,38,England,White Collar,23.Dec.15,72352.01,7235.201
3873,100003874,Yvonne,Simpson,Female,34,England,Blue Collar,23.Dec.15,32700.03,3270.003
3874,100003875,Samantha,King,Female,37,England,White Collar,23.Dec.15,6110.25,611.025
3875,100003876,Trevor,Watson,Male,26,England,Other,23.Dec.15,99642.13,9964.213000000002
3876,100003877,Sebastian,Greene,Male,29,England,White Collar,23.Dec.15,23963.27,2396.327
3877,100003878,Lauren,Churchill,Female,25,England,White Collar,23.Dec.15,5121.17,512.1170000000001
3878,100003879,Wendy,Stewart,Female,36,England,White Collar,23.Dec.15,37684.71,3768.471
3879,100003880,Boris,Rees,Male,21,England,White Collar,23.Dec.15,18508.11,1850.8110000000001
3880,100003881,Abigail,Buckland,Female,36,England,White Collar,23.Dec.15,47392.56,4739.256
3881,100003882,Lauren,Slater,Female,35,England,Blue Collar,23.Dec.15,168.18,16.818
3882,100003883,Joseph,Mills,Male,38,England,White Collar,23.Dec.15,27984.32,2798.4320000000002
3883,100003884,Claire,Kerr,Female,30,England,White Collar,23.Dec.15,17188.21,1718.821
3884,100003885,Abigail,Mills,Female,29,England,White Collar,23.Dec.15,98.68,9.868000000000002
3885,100003886,Theresa,Ellison,Female,33,England,Blue Collar,23.Dec.15,45536.82,4553.682
3886,100003887,Irene,Piper,Female,38,England,White Collar,23.Dec.15,30701.78,3070.178
3887,100003888,Carl,Hudson,Male,31,England,White Collar,23.Dec.15,48932.49,4893.249
3888,100003889,Jane,Martin,Female,36,England,White Collar,23.Dec.15,4867.07,486.707
3889,100003890,Isaac,Berry,Male,40,England,White Collar,23.Dec.15,63320.75,6332.075000000001
3890,100003891,Kylie,Roberts,Female,37,England,White Collar,23.Dec.15,39673.84,3967.384
3891,100003892,Virginia,Clark,Female,35,England,White Collar,23.Dec.15,26111.44,2611.1440000000002
3892,100003893,Lisa,Terry,Female,20,England,White Collar,23.Dec.15,34528.03,3452.803
3893,100003894,Tim,Chapman,Male,38,England,White Collar,23.Dec.15,46663.19,4666.319
3894,100003895,Isaac,Mitchell,Male,38,England,White Collar,23.Dec.15,31323.94,3132.3940000000002
3895,100003896,Ludwig,Ross,Male,31,England,White Collar,23.Dec.15,76429.81,7642.981
3896,200003897,Paul,Abraham,Male,48,Scotland,Blue Collar,23.Dec.15,2991.66,299.166
3897,200003898,William,Vance,Male,58,Scotland,Blue Collar,23.Dec.15,11925.05,1192.5049999999999
3898,200003899,Liam,Duncan,Male,53,Scotland,Blue Collar,23.Dec.15,680.55,68.05499999999999
3899,200003900,Victor,Gray,Male,30,Scotland,Other,23.Dec.15,26818.45,2681.8450000000003
3900,200003901,Paul,Ince,Male,45,Scotland,Blue Collar,23.Dec.15,3052.4,305.24
3901,200003902,Sally,Springer,Female,56,Scotland,Other,23.Dec.15,66211.28,6621.128000000001
3902,200003903,Lily,Mackay,Female,37,Scotland,Other,23.Dec.15,59655.79,5965.579000000001
3903,200003904,Dorothy,Davidson,Female,57,Scotland,Other,23.Dec.15,38534.15,3853.4150000000004
3904,200003905,Joshua,Rutherford,Male,44,Scotland,Blue Collar,23.Dec.15,4611.45,461.145
3905,200003906,Donna,Baker,Female,58,Scotland,Other,23.Dec.15,59941.68,5994.168000000001
3906,200003907,Evan,Welch,Male,56,Scotland,Other,23.Dec.15,76278.37,7627.8369999999995
3907,300003908,Angela,Walsh,Female,28,Wales,White Collar,23.Dec.15,35567.66,3556.7660000000005
3908,300003909,Matt,Clarkson,Male,37,Wales,White Collar,23.Dec.15,37483.99,3748.399
3909,300003910,Joe,Gibson,Male,24,Wales,Other,23.Dec.15,7552.5,755.25
3910,300003911,Anne,McDonald,Female,36,Wales,Blue Collar,23.Dec.15,54473.03,5447.303
3911,300003912,Amanda,May,Female,38,Wales,White Collar,23.Dec.15,15436.43,1543.643
3912,100003913,Peter,Lawrence,Male,29,England,Other,24.Dec.15,16997.69,1699.769
3913,100003914,Christian,Marshall,Male,37,England,White Collar,24.Dec.15,74633.01,7463.3009999999995
3914,100003915,Theresa,Tucker,Female,29,England,White Collar,24.Dec.15,26802.82,2680.282
3915,100003916,Samantha,Clarkson,Female,39,England,Blue Collar,24.Dec.15,23208.75,2320.875
3916,100003917,Audrey,Walsh,Female,29,England,White Collar,24.Dec.15,37466.44,3746.6440000000002
3917,100003918,Anne,Edmunds,Female,33,England,White Collar,24.Dec.15,19092.99,1909.2990000000002
3918,100003919,Michael,Coleman,Male,33,England,Blue Collar,24.Dec.15,614.71,61.471000000000004
3919,100003920,Kylie,Watson,Female,42,England,White Collar,24.Dec.15,31581.7,3158.17
3920,100003921,Isaac,Buckland,Male,37,England,White Collar,24.Dec.15,35743.13,3574.313
3921,100003922,Jack,Marshall,Male,36,England,White Collar,24.Dec.15,43385.17,4338.517
3922,200003923,Benjamin,Hodges,Male,53,Scotland,Blue Collar,24.Dec.15,31253.69,3125.369
3923,200003924,Liam,Ogden,Male,34,Scotland,Blue Collar,24.Dec.15,29320.71,2932.071
3924,200003925,Katherine,Smith,Female,54,Scotland,Other,24.Dec.15,12121.66,1212.166
3925,200003926,Joshua,Paige,Male,41,Scotland,Blue Collar,24.Dec.15,87116.58,8711.658000000001
3926,100003927,Pippa,Dowd,Female,40,England,White Collar,25.Dec.15,31436.85,3143.685
3927,100003928,Brian,Gibson,Male,49,England,White Collar,25.Dec.15,21066.89,2106.689
3928,100003929,Benjamin,Arnold,Male,32,England,White Collar,25.Dec.15,2096.64,209.664
3929,100003930,Kimberly,Coleman,Female,34,England,White Collar,25.Dec.15,21706.73,2170.6730000000002
3930,100003931,James,Mathis,Male,36,England,Other,25.Dec.15,3890.92,389.09200000000004
3931,100003932,Owen,Kerr,Male,31,England,Other,25.Dec.15,16161.94,1616.1940000000002
3932,100003933,Lillian,Cornish,Female,34,England,White Collar,25.Dec.15,63677.23,6367.723000000001
3933,100003934,Anna,Piper,Female,33,England,White Collar,25.Dec.15,30045.02,3004.5020000000004
3934,100003935,Jackson,Poole,Male,36,England,White Collar,25.Dec.15,41423.78,4142.378
3935,200003936,Leonard,Avery,Male,51,Scotland,Blue Collar,25.Dec.15,5038.58,503.858
3936,200003937,Jake,Fisher,Male,49,Scotland,Blue Collar,25.Dec.15,342.64,34.264
3937,200003938,Robert,Bond,Male,48,Scotland,White Collar,25.Dec.15,3678.99,367.899
3938,200003939,Angela,Davies,Female,39,Scotland,Other,25.Dec.15,47002.22,4700.222000000001
3939,200003940,Jason,Wilson,Male,59,Scotland,Blue Collar,25.Dec.15,17674.35,1767.435
3940,200003941,Joshua,Sutherland,Male,59,Scotland,Other,25.Dec.15,2114.65,211.46500000000003
3941,100003942,Ruth,Rutherford,Female,37,England,White Collar,26.Dec.15,36318.15,3631.8150000000005
3942,100003943,Una,Powell,Female,50,England,White Collar,26.Dec.15,16041.11,1604.111
3943,100003944,Dominic,Peake,Male,27,England,White Collar,26.Dec.15,33463.13,3346.313
3944,100003945,Carolyn,Chapman,Female,41,England,Blue Collar,26.Dec.15,12434.03,1243.4030000000002
3945,100003946,Steven,Hodges,Male,43,England,Other,26.Dec.15,81498.88,8149.888000000001
3946,100003947,Isaac,Peters,Male,46,England,Blue Collar,26.Dec.15,35219.88,3521.988
3947,100003948,Owen,Baker,Male,18,England,Blue Collar,26.Dec.15,3858.9,385.89000000000004
3948,100003949,Harry,Poole,Male,23,England,White Collar,26.Dec.15,117946.76,11794.676
3949,100003950,Lily,White,Female,44,England,White Collar,26.Dec.15,24243.83,2424.3830000000003
3950,100003951,Dylan,Harris,Male,30,England,Other,26.Dec.15,62353.77,6235.377
3951,100003952,Nicholas,Glover,Male,36,England,Blue Collar,26.Dec.15,51263.69,5126.369000000001
3952,200003953,Alexandra,Young,Female,52,Scotland,Other,26.Dec.15,94197.01,9419.701
3953,200003954,Christopher,Langdon,Male,56,Scotland,Other,26.Dec.15,35180.1,3518.01
3954,200003955,John,Lyman,Male,53,Scotland,Blue Collar,26.Dec.15,6989.48,698.948
3955,300003956,Jane,Duncan,Female,34,Wales,Blue Collar,26.Dec.15,4478.46,447.846
3956,300003957,Stephen,Hardacre,Male,30,Wales,Blue Collar,26.Dec.15,15071.69,1507.169
3957,100003958,Piers,Carr,Male,42,England,White Collar,27.Dec.15,55687.53,5568.753000000001
3958,100003959,Richard,Pullman,Male,43,England,White Collar,27.Dec.15,24711.61,2471.161
3959,100003960,Michael,Poole,Male,33,England,White Collar,27.Dec.15,122294.27,12229.427000000001
3960,100003961,Leonard,Grant,Male,48,England,Other,27.Dec.15,72061.71,7206.171000000001
3961,100003962,Sophie,Lewis,Female,32,England,Blue Collar,27.Dec.15,50886.35,5088.635
3962,100003963,Alexandra,Rutherford,Female,40,England,White Collar,27.Dec.15,62802.4,6280.240000000001
3963,100003964,Brian,Kerr,Male,43,England,White Collar,27.Dec.15,48270.26,4827.026000000001
3964,100003965,Emily,Brown,Female,46,England,White Collar,27.Dec.15,67009.53,6700.953
3965,100003966,Alison,Gill,Female,21,England,Blue Collar,27.Dec.15,41703.21,4170.321
3966,100003967,Sean,Hudson,Male,23,England,Blue Collar,27.Dec.15,7211.67,721.167
3967,200003968,Joanne,Hughes,Female,51,Scotland,Other,27.Dec.15,6555.97,655.5970000000001
3968,200003969,Bella,Smith,Female,37,Scotland,Other,27.Dec.15,29666.2,2966.6200000000003
3969,200003970,Jacob,Grant,Male,58,Scotland,Other,27.Dec.15,18189.63,1818.9630000000002
3970,200003971,Jacob,Henderson,Male,52,Scotland,Blue Collar,27.Dec.15,83783.18,8378.318
3971,200003972,Dylan,Taylor,Male,42,Scotland,Blue Collar,27.Dec.15,43693.07,4369.307
3972,300003973,Piers,Ross,Male,29,Wales,Other,27.Dec.15,13910.24,1391.0240000000001
3973,100003974,Chloe,Mackenzie,Female,31,England,White Collar,28.Dec.15,27031.96,2703.196
3974,100003975,Colin,Lambert,Male,37,England,White Collar,28.Dec.15,10887.08,1088.708
3975,100003976,Keith,Simpson,Male,36,England,White Collar,28.Dec.15,24904.09,2490.409
3976,100003977,Brian,Hunter,Male,35,England,White Collar,28.Dec.15,21753.37,2175.337
3977,100003978,Scott,Gibson,Male,35,England,White Collar,28.Dec.15,18055.9,1805.5900000000001
3978,200003979,Luke,Berry,Male,49,Scotland,Blue Collar,28.Dec.15,48950.0,4895.0
3979,200003980,Caroline,Churchill,Female,44,Scotland,Other,28.Dec.15,10268.99,1026.8990000000001
3980,200003981,Elizabeth,James,Female,43,Scotland,Other,28.Dec.15,19695.66,1969.566
3981,200003982,Sean,McDonald,Male,54,Scotland,Other,28.Dec.15,28430.19,2843.0190000000002
3982,300003983,Bella,Ball,Female,29,Wales,Blue Collar,28.Dec.15,25737.94,2573.794
3983,100003984,Tim,Nash,Male,25,England,White Collar,29.Dec.15,5280.71,528.071
3984,100003985,Dominic,May,Male,38,England,White Collar,29.Dec.15,63644.91,6364.491000000001
3985,100003986,Joseph,Short,Male,44,England,Blue Collar,29.Dec.15,59591.3,5959.130000000001
3986,100003987,Lily,Springer,Female,35,England,Blue Collar,29.Dec.15,21420.72,2142.072
3987,100003988,Theresa,Forsyth,Female,30,England,White Collar,29.Dec.15,4570.98,457.09799999999996
3988,100003989,Tim,Berry,Male,26,England,White Collar,29.Dec.15,36964.26,3696.4260000000004
3989,100003990,Rachel,Johnston,Female,41,England,White Collar,29.Dec.15,83616.58,8361.658000000001
3990,100003991,Sue,Cornish,Female,30,England,White Collar,29.Dec.15,139784.01,13978.401000000002
3991,100003992,Andrew,Cornish,Male,18,England,White Collar,29.Dec.15,23399.53,2339.953
3992,100003993,Joe,Terry,Male,29,England,White Collar,29.Dec.15,30158.03,3015.803
3993,100003994,Rebecca,Poole,Female,41,England,White Collar,29.Dec.15,28579.64,2857.964
3994,100003995,Karen,McLean,Female,35,England,White Collar,29.Dec.15,34046.5,3404.65
3995,200003996,Christopher,Clarkson,Male,55,Scotland,Blue Collar,29.Dec.15,39834.95,3983.495
3996,200003997,John,Lambert,Male,53,Scotland,Blue Collar,29.Dec.15,48775.57,4877.557
3997,200003998,Victor,Miller,Male,44,Scotland,Other,29.Dec.15,25358.91,2535.891
3998,200003999,Robert,Johnston,Male,50,Scotland,Other,29.Dec.15,76764.62,7676.4619999999995
3999,300004000,Benjamin,Ellison,Male,40,Wales,White Collar,29.Dec.15,39935.98,3993.5980000000004
4000,300004001,Gabrielle,Duncan,Female,34,Wales,White Collar,29.Dec.15,92083.79,9208.378999999999
4001,300004002,Austin,Paterson,Male,30,Wales,White Collar,29.Dec.15,8250.75,825.075
4002,100004003,Paul,Avery,Male,46,England,White Collar,30.Dec.15,85331.69,8533.169
4003,100004004,Jane,Hemmings,Female,28,England,Blue Collar,30.Dec.15,68518.55,6851.8550000000005
4004,100004005,John,Hamilton,Male,45,England,White Collar,30.Dec.15,8435.91,843.591
4005,100004006,Kimberly,Gray,Female,44,England,Other,30.Dec.15,64470.77,6447.077
4006,100004007,Rachel,Davies,Female,34,England,Blue Collar,30.Dec.15,4561.22,456.12200000000007
4007,100004008,Sam,Sanderson,Male,28,England,Blue Collar,30.Dec.15,42128.29,4212.829000000001
4008,200004009,Alison,Quinn,Female,64,Scotland,Other,30.Dec.15,73503.9,7350.389999999999
4009,200004010,Sam,Lewis,Male,64,Scotland,Other,30.Dec.15,19711.66,1971.1660000000002
4010,200004011,Keith,Hughes,Male,52,Scotland,Blue Collar,30.Dec.15,56069.72,5606.972000000001
4011,200004012,Hannah,Springer,Female,50,Scotland,Other,30.Dec.15,59477.82,5947.782
4012,200004013,Christian,Reid,Male,51,Scotland,Blue Collar,30.Dec.15,239.45,23.945
4013,300004014,Stephen,May,Male,33,Wales,Blue Collar,30.Dec.15,30293.19,3029.319
